ID,Year_Birth,Education,Marital_Status,Kidhome,Teenhome,Dt_Customer,Recency,MntWines,MntFruits,MntMeatProducts,MntFishProducts,MntSweetProducts,MntGoldProds,NumDealsPurchases,NumWebPurchases,NumCatalogPurchases,NumStorePurchases,NumWebVisitsMonth,AcceptedCmp3,AcceptedCmp4,AcceptedCmp5,AcceptedCmp1,AcceptedCmp2,Response,Complain,Country,Income,Age,Total_Spending,Total_Purchases,Total_Campaign_Responses,Customer_Segment,Income_Clean,Campaign_Engagement,Age_Group,Preferred_Channel,Total_Children,Household_Segment,Deal_Purchase_Ratio,Deal_Purchase_Rate,Web_Purchase_Visit_Ratio,Recency_Segment,Response_Status
1826,1970,Graduation,Divorced,0,0,2014-06-16,0,189,104,379,111,189,218,1,4,4,6,1,0,0,0,0,0,1,0,Spain,84835.0,44.0,1190,14,0,High Value,84835.0,No Response,35-44,Store,0,No Children,0.07142857142857142,7.142857142857142,4.0,0-30 Days,Responder
1,1961,Graduation,Single,0,0,2014-06-15,0,464,5,64,7,0,37,1,7,3,7,5,0,0,0,0,1,1,0,Canada,57091.0,53.0,577,17,1,Medium Value,57091.0,Low Engagement,45-54,Web,0,No Children,0.058823529411764705,5.88235294117647,1.4,0-30 Days,Responder
10476,1958,Graduation,Married,0,1,2014-05-13,0,134,11,59,15,2,30,1,3,2,5,2,0,0,0,0,0,0,0,USA,67267.0,56.0,251,10,0,Medium Value,67267.0,No Response,55-64,Store,1,One Child,0.1,10.0,1.5,0-30 Days,Non-Responder
1386,1967,Graduation,Together,1,1,2014-05-11,0,10,0,1,0,0,0,1,1,0,2,7,0,0,0,0,0,0,0,Australia,32474.0,47.0,11,3,0,Low Value,32474.0,No Response,45-54,Store,2,Two or More Children,0.3333333333333333,33.33333333333333,0.14285714285714285,0-30 Days,Non-Responder
5371,1989,Graduation,Single,1,0,2014-04-08,0,6,16,24,11,0,34,2,3,1,2,7,1,0,0,0,0,1,0,Spain,21474.0,25.0,91,6,1,Low Value,21474.0,Low Engagement,25-34,Web,1,One Child,0.3333333333333333,33.33333333333333,0.42857142857142855,0-30 Days,Responder
7348,1958,PhD,Single,0,0,2014-03-17,0,336,130,411,240,32,43,1,4,7,5,2,0,0,0,0,0,1,0,Spain,71691.0,56.0,1192,16,0,High Value,71691.0,No Response,55-64,Catalog,0,No Children,0.0625,6.25,2.0,0-30 Days,Responder
4073,1954,2n Cycle,Married,0,0,2014-01-29,0,769,80,252,15,34,65,1,10,10,7,6,1,0,0,0,0,1,0,Germany,63564.0,60.0,1215,27,1,High Value,63564.0,Low Engagement,55-64,Web,0,No Children,0.037037037037037035,3.7037037037037033,1.6666666666666667,0-30 Days,Responder
1991,1967,Graduation,Together,0,1,2014-01-18,0,78,0,11,0,0,7,1,2,1,3,5,0,0,0,0,0,0,0,Spain,44931.0,47.0,96,6,0,Low Value,44931.0,No Response,45-54,Store,1,One Child,0.16666666666666666,16.666666666666664,0.4,0-30 Days,Non-Responder
4047,1954,PhD,Married,0,1,2014-01-11,0,384,0,102,21,32,5,3,6,2,9,4,0,0,0,0,0,0,0,USA,65324.0,60.0,544,17,0,Medium Value,65324.0,No Response,55-64,Store,1,One Child,0.17647058823529413,17.647058823529413,1.5,0-30 Days,Non-Responder
9477,1954,PhD,Married,0,1,2014-01-11,0,384,0,102,21,32,5,3,6,2,9,4,0,0,0,0,0,0,0,India,65324.0,60.0,544,17,0,Medium Value,65324.0,No Response,55-64,Store,1,One Child,0.17647058823529413,17.647058823529413,1.5,0-30 Days,Non-Responder
2079,1947,2n Cycle,Married,0,0,2013-12-27,0,450,26,535,73,98,26,1,5,6,10,1,0,0,0,0,0,0,0,USA,81044.0,67.0,1208,21,0,High Value,81044.0,No Response,65+,Store,0,No Children,0.047619047619047616,4.761904761904762,5.0,0-30 Days,Non-Responder
5642,1979,Master,Together,1,0,2013-12-09,0,140,4,61,0,13,4,2,3,1,6,4,0,0,0,0,0,0,0,Spain,62499.0,35.0,222,10,0,Medium Value,62499.0,No Response,35-44,Store,1,One Child,0.2,20.0,0.75,0-30 Days,Non-Responder
10530,1959,PhD,Widow,0,0,2013-12-07,0,431,82,441,80,20,102,1,3,6,6,1,0,0,0,0,0,1,0,India,67786.0,55.0,1156,15,0,High Value,67786.0,No Response,55-64,Catalog,0,No Children,0.06666666666666667,6.666666666666667,3.0,0-30 Days,Responder
2964,1981,Graduation,Married,0,0,2013-10-16,0,3,10,8,3,16,32,1,1,1,2,6,0,0,0,0,0,0,0,Canada,26872.0,33.0,72,4,0,Low Value,26872.0,No Response,25-34,Store,0,No Children,0.25,25.0,0.16666666666666666,0-30 Days,Non-Responder
10311,1969,Graduation,Married,0,1,2013-10-05,0,16,4,12,2,4,321,0,25,0,0,1,0,0,0,0,0,0,0,Spain,4428.0,45.0,359,25,0,Medium Value,4428.0,No Response,45-54,Web,1,One Child,0.0,0.0,25.0,0-30 Days,Non-Responder
837,1977,Graduation,Married,1,1,2013-09-11,0,63,6,57,13,13,22,4,2,1,5,4,0,0,0,0,0,0,0,Spain,54809.0,37.0,174,8,0,Medium Value,54809.0,No Response,35-44,Store,2,Two or More Children,0.5,50.0,0.5,0-30 Days,Non-Responder
10521,1977,Graduation,Married,1,1,2013-09-11,0,63,6,57,13,13,22,4,2,1,5,4,0,0,0,0,0,1,0,Spain,54809.0,37.0,174,8,0,Medium Value,54809.0,No Response,35-44,Store,2,Two or More Children,0.5,50.0,0.5,0-30 Days,Responder
10175,1958,PhD,Divorced,0,1,2013-08-01,0,18,0,2,0,0,2,1,1,0,3,4,0,0,0,0,0,0,0,Spain,32173.0,56.0,22,4,0,Low Value,32173.0,No Response,55-64,Store,1,One Child,0.25,25.0,0.25,0-30 Days,Non-Responder
1473,1960,2n Cycle,Single,0,1,2013-07-23,0,53,1,5,2,1,10,2,2,0,3,8,0,0,0,0,0,0,0,Canada,47823.0,54.0,72,5,0,Low Value,47823.0,No Response,45-54,Store,1,One Child,0.4,40.0,0.25,0-30 Days,Non-Responder
2795,1958,Master,Single,2,1,2013-07-01,0,5,0,3,0,0,5,1,1,0,2,7,0,0,0,0,0,0,0,Canada,30523.0,56.0,13,3,0,Low Value,30523.0,No Response,55-64,Store,3,Two or More Children,0.3333333333333333,33.33333333333333,0.14285714285714285,0-30 Days,Non-Responder
2285,1954,Master,Together,0,1,2013-05-28,0,213,9,76,4,3,30,3,5,2,5,7,0,0,0,0,0,0,0,Saudi Arabia,36634.0,60.0,335,12,0,Medium Value,36634.0,No Response,55-64,Web,1,One Child,0.25,25.0,0.7142857142857143,0-30 Days,Non-Responder
115,1966,Master,Single,0,1,2013-03-26,0,275,11,68,25,7,7,3,5,1,8,5,0,0,0,0,0,0,0,India,43456.0,48.0,393,14,0,Medium Value,43456.0,No Response,45-54,Store,1,One Child,0.21428571428571427,21.428571428571427,1.0,0-30 Days,Non-Responder
10470,1979,Master,Married,1,0,2013-03-15,0,40,2,23,0,4,23,2,2,1,3,4,0,0,0,0,0,0,0,Germany,40662.0,35.0,92,6,0,Low Value,40662.0,No Response,35-44,Store,1,One Child,0.3333333333333333,33.33333333333333,0.5,0-30 Days,Non-Responder
4065,1976,PhD,Married,1,0,2013-02-12,0,308,0,73,0,0,23,2,5,1,8,7,0,0,0,0,0,0,0,Spain,49544.0,38.0,404,14,0,Medium Value,49544.0,No Response,35-44,Store,1,One Child,0.14285714285714285,14.285714285714285,0.7142857142857143,0-30 Days,Non-Responder
10968,1969,Graduation,Single,0,1,2012-11-23,0,266,21,300,65,8,44,4,8,8,6,6,0,0,0,0,0,0,0,India,57731.0,45.0,704,22,0,Medium Value,57731.0,No Response,45-54,Web,1,One Child,0.18181818181818182,18.181818181818183,1.3333333333333333,0-30 Days,Non-Responder
5985,1965,Master,Single,0,1,2012-10-13,0,80,1,37,0,1,3,3,2,1,4,7,0,0,0,0,0,0,0,Spain,33168.0,49.0,122,7,0,Medium Value,33168.0,No Response,45-54,Store,1,One Child,0.42857142857142855,42.857142857142854,0.2857142857142857,0-30 Days,Non-Responder
5430,1956,Graduation,Together,1,1,2012-09-14,0,454,0,171,8,19,32,12,9,2,8,8,0,0,0,0,0,0,0,Spain,54450.0,58.0,684,19,0,Medium Value,54450.0,No Response,55-64,Web,2,Two or More Children,0.631578947368421,63.1578947368421,1.125,0-30 Days,Non-Responder
8432,1956,Graduation,Together,1,1,2012-09-14,0,454,0,171,8,19,32,12,9,2,8,8,0,0,0,0,0,0,0,Spain,54450.0,58.0,684,19,0,Medium Value,54450.0,No Response,55-64,Web,2,Two or More Children,0.631578947368421,63.1578947368421,1.125,0-30 Days,Non-Responder
453,1956,PhD,Widow,1,1,2014-06-29,1,27,0,12,0,1,5,2,2,0,3,5,0,0,0,0,0,0,0,Spain,35340.0,58.0,45,5,0,Low Value,35340.0,No Response,55-64,Store,2,Two or More Children,0.4,40.0,0.4,0-30 Days,Non-Responder
9687,1975,Graduation,Single,0,0,2014-05-31,1,184,174,256,50,30,32,1,5,4,6,2,0,0,0,0,0,0,0,Canada,73170.0,39.0,726,15,0,Medium Value,73170.0,No Response,35-44,Store,0,No Children,0.06666666666666667,6.666666666666667,2.5,0-30 Days,Non-Responder
8890,1971,PhD,Divorced,1,1,2014-05-30,1,155,7,80,13,7,10,3,5,1,5,6,0,0,0,0,0,0,0,Spain,65808.0,43.0,272,11,0,Medium Value,65808.0,No Response,35-44,Web,2,Two or More Children,0.2727272727272727,27.27272727272727,0.8333333333333334,0-30 Days,Non-Responder
9264,1986,Graduation,Married,0,0,2014-04-27,1,423,42,706,73,197,197,1,4,8,9,2,0,0,0,0,0,0,0,Canada,79529.0,28.0,1638,21,0,High Value,79529.0,No Response,25-34,Store,0,No Children,0.047619047619047616,4.761904761904762,2.0,0-30 Days,Non-Responder
5824,1972,PhD,Together,2,1,2014-04-11,1,7,0,1,0,0,0,1,1,0,2,6,0,0,0,0,0,0,0,Australia,34578.0,42.0,8,3,0,Low Value,34578.0,No Response,35-44,Store,3,Two or More Children,0.3333333333333333,33.33333333333333,0.16666666666666666,0-30 Days,Non-Responder
5794,1974,PhD,Married,0,1,2014-03-17,1,408,0,21,0,0,17,3,7,1,7,8,0,1,0,1,0,1,0,India,46374.0,40.0,446,15,2,Medium Value,46374.0,Medium Engagement,35-44,Web,1,One Child,0.2,20.0,0.875,0-30 Days,Responder
3068,1990,Graduation,Married,0,0,2013-10-29,1,1,12,9,0,14,7,1,2,0,3,7,0,0,0,0,0,0,0,Spain,18351.0,24.0,43,5,0,Low Value,18351.0,No Response,Under 25,Store,0,No Children,0.2,20.0,0.2857142857142857,0-30 Days,Non-Responder
7962,1987,PhD,Single,0,0,2013-10-09,1,1285,21,449,106,20,20,1,4,3,4,1,0,0,1,1,0,1,0,Spain,95169.0,27.0,1901,11,2,High Value,95169.0,Medium Engagement,25-34,Web,0,No Children,0.09090909090909091,9.090909090909092,4.0,0-30 Days,Responder
2681,1984,2n Cycle,Married,0,0,2013-08-01,1,71,22,112,138,89,29,1,2,3,13,1,0,0,0,0,0,0,0,Spain,65370.0,30.0,461,18,0,Medium Value,65370.0,No Response,25-34,Store,0,No Children,0.05555555555555555,5.555555555555555,2.0,0-30 Days,Non-Responder
10141,1960,Master,Divorced,0,0,2013-05-10,1,7,1,6,0,3,3,1,0,0,3,4,0,0,0,0,0,0,0,Saudi Arabia,39228.0,54.0,20,3,0,Low Value,39228.0,No Response,45-54,Store,0,No Children,0.3333333333333333,33.33333333333333,0.0,0-30 Days,Non-Responder
3725,1961,PhD,Single,0,0,2013-05-09,1,1248,16,349,43,16,16,1,2,4,9,4,0,1,1,1,1,1,0,Spain,84865.0,53.0,1688,15,4,High Value,84865.0,High Engagement,45-54,Store,0,No Children,0.06666666666666667,6.666666666666667,0.5,0-30 Days,Responder
3767,1968,Graduation,Married,0,1,2013-04-25,1,378,0,189,97,172,172,2,5,5,12,3,0,0,0,0,0,0,0,Spain,61314.0,46.0,1008,22,0,High Value,61314.0,No Response,45-54,Store,1,One Child,0.09090909090909091,9.090909090909092,1.6666666666666667,0-30 Days,Non-Responder
5585,1972,Graduation,Single,1,0,2013-04-20,1,12,2,17,6,1,10,2,2,0,3,8,0,0,0,0,0,1,0,Canada,21359.0,42.0,48,5,0,Low Value,21359.0,No Response,35-44,Store,1,One Child,0.4,40.0,0.25,0-30 Days,Responder
7030,1955,PhD,Married,0,1,2013-03-30,1,1200,0,204,38,29,14,3,11,9,12,6,0,0,0,1,0,0,0,Spain,66465.0,59.0,1485,32,1,High Value,66465.0,Low Engagement,55-64,Store,1,One Child,0.09375,9.375,1.8333333333333333,0-30 Days,Non-Responder
1524,1983,2n Cycle,Single,0,0,2013-03-01,1,709,45,115,30,160,45,1,8,2,5,5,0,0,0,1,0,1,0,Spain,81698.0,31.0,1104,15,1,High Value,81698.0,Low Engagement,25-34,Web,0,No Children,0.06666666666666667,6.666666666666667,1.6,0-30 Days,Responder
3657,1986,Graduation,Single,1,0,2013-02-14,1,94,1,33,13,12,12,3,4,0,4,8,0,0,0,0,0,0,0,Spain,39146.0,28.0,165,8,0,Medium Value,39146.0,No Response,25-34,Web,1,One Child,0.375,37.5,0.5,0-30 Days,Non-Responder
5740,1970,2n Cycle,Divorced,1,1,2013-02-14,1,4,2,12,7,5,26,2,1,2,2,6,0,0,0,0,0,1,0,Spain,25959.0,44.0,56,5,0,Low Value,25959.0,No Response,35-44,Catalog,2,Two or More Children,0.4,40.0,0.16666666666666666,0-30 Days,Responder
9595,1961,Graduation,Together,0,0,2013-01-11,1,539,169,816,20,0,30,1,4,5,4,3,0,0,0,0,0,1,0,Spain,64260.0,53.0,1574,13,0,High Value,64260.0,No Response,45-54,Catalog,0,No Children,0.07692307692307693,7.6923076923076925,1.3333333333333333,0-30 Days,Responder
3158,1973,Graduation,Married,1,0,2013-01-03,1,13,3,6,6,5,6,1,1,0,3,8,0,0,0,0,0,0,0,Spain,32300.0,41.0,39,4,0,Low Value,32300.0,No Response,35-44,Store,1,One Child,0.25,25.0,0.125,0-30 Days,Non-Responder
5114,1965,Master,Married,0,1,2012-12-19,1,670,9,249,0,28,9,2,5,4,5,4,0,0,0,0,0,0,0,Australia,74806.0,49.0,965,14,0,High Value,74806.0,No Response,45-54,Web,1,One Child,0.14285714285714285,14.285714285714285,1.25,0-30 Days,Non-Responder
340,1970,Graduation,Divorced,0,1,2012-12-15,1,158,35,179,0,0,125,2,7,2,8,5,1,0,0,0,0,1,0,Germany,72967.0,44.0,497,17,1,Medium Value,72967.0,Low Engagement,35-44,Store,1,One Child,0.11764705882352941,11.76470588235294,1.4,0-30 Days,Responder
8805,1960,Graduation,Single,0,1,2012-12-02,1,283,10,38,0,13,27,4,7,2,4,8,0,0,0,0,0,0,0,USA,48904.0,54.0,371,13,0,Medium Value,48904.0,No Response,45-54,Web,1,One Child,0.3076923076923077,30.76923076923077,0.875,0-30 Days,Non-Responder
1241,1984,2n Cycle,Married,1,0,2012-09-17,1,13,3,8,7,4,16,2,1,0,3,9,0,0,0,0,0,1,0,Germany,14796.0,30.0,51,4,0,Low Value,14796.0,No Response,25-34,Store,1,One Child,0.5,50.0,0.1111111111111111,0-30 Days,Responder
1402,1954,Master,Married,0,0,2012-09-11,1,496,36,460,189,60,12,3,4,8,6,3,0,0,0,0,0,0,0,Germany,66991.0,60.0,1253,18,0,High Value,66991.0,No Response,55-64,Catalog,0,No Children,0.16666666666666666,16.666666666666664,1.3333333333333333,0-30 Days,Non-Responder
7264,1978,2n Cycle,Single,2,1,2014-05-12,2,12,0,4,0,0,1,1,1,0,2,8,0,0,0,0,0,0,0,Saudi Arabia,52195.0,36.0,17,3,0,Low Value,52195.0,No Response,35-44,Store,3,Two or More Children,0.3333333333333333,33.33333333333333,0.125,0-30 Days,Non-Responder
1619,1956,Graduation,Married,0,0,2014-04-28,2,292,51,981,224,23,17,1,4,6,6,1,0,0,0,0,0,1,0,Spain,90369.0,58.0,1588,16,0,High Value,90369.0,No Response,55-64,Catalog,0,No Children,0.0625,6.25,4.0,0-30 Days,Responder
6398,1974,Basic,Married,1,0,2014-03-29,2,7,10,13,16,0,4,2,3,0,3,8,0,0,0,0,0,0,0,Spain,18393.0,40.0,50,6,0,Low Value,18393.0,No Response,35-44,Web,1,One Child,0.3333333333333333,33.33333333333333,0.375,0-30 Days,Non-Responder
1857,1952,Graduation,Single,1,1,2014-03-06,2,46,0,12,0,2,23,2,2,1,2,7,0,0,0,0,0,1,0,Spain,47139.0,62.0,83,5,0,Low Value,47139.0,No Response,55-64,Web,2,Two or More Children,0.4,40.0,0.2857142857142857,0-30 Days,Responder
4877,1973,Master,Married,0,1,2014-03-04,2,34,0,7,0,0,0,1,1,0,3,7,0,0,0,0,0,0,0,India,38576.0,41.0,41,4,0,Low Value,38576.0,No Response,35-44,Store,1,One Child,0.25,25.0,0.14285714285714285,0-30 Days,Non-Responder
3066,1975,PhD,Together,0,1,2014-02-04,2,167,0,43,6,2,13,2,4,2,4,5,0,0,0,0,0,0,0,Saudi Arabia,61905.0,39.0,231,10,0,Medium Value,61905.0,No Response,35-44,Web,1,One Child,0.2,20.0,0.8,0-30 Days,Non-Responder
10286,1962,Graduation,Married,0,0,2014-02-03,2,318,8,407,150,35,8,1,2,8,13,0,0,0,0,0,0,0,0,Saudi Arabia,83715.0,52.0,926,23,0,High Value,83715.0,No Response,45-54,Store,0,No Children,0.043478260869565216,4.3478260869565215,,0-30 Days,Non-Responder
1992,1964,Graduation,Married,0,1,2014-01-01,2,522,0,257,32,16,66,4,2,2,8,7,0,0,0,1,0,1,0,Spain,60597.0,50.0,893,12,1,High Value,60597.0,Low Engagement,45-54,Store,1,One Child,0.3333333333333333,33.33333333333333,0.2857142857142857,0-30 Days,Responder
4246,1982,Master,Single,0,0,2013-12-12,2,67,11,26,4,3,262,0,1,0,1,17,0,0,0,0,0,0,0,Spain,6560.0,32.0,373,2,0,Medium Value,6560.0,No Response,25-34,Web,0,No Children,0.0,0.0,0.058823529411764705,0-30 Days,Non-Responder
10623,1961,Master,Together,0,1,2013-11-15,2,28,0,4,0,0,0,1,1,0,3,5,0,0,0,0,0,0,0,Spain,48330.0,53.0,32,4,0,Low Value,48330.0,No Response,45-54,Store,1,One Child,0.25,25.0,0.2,0-30 Days,Non-Responder
4867,1968,PhD,Single,1,1,2013-09-20,2,58,0,18,2,0,10,4,3,0,4,7,0,0,0,0,0,0,0,Spain,38236.0,46.0,88,7,0,Low Value,38236.0,No Response,45-54,Store,2,Two or More Children,0.5714285714285714,57.14285714285714,0.42857142857142855,0-30 Days,Non-Responder
3112,1977,Master,Married,1,0,2013-09-05,2,2,4,9,0,4,5,1,1,0,3,5,0,0,0,0,0,0,0,Spain,22701.0,37.0,24,4,0,Low Value,22701.0,No Response,35-44,Store,1,One Child,0.25,25.0,0.2,0-30 Days,Non-Responder
4865,1974,Master,Divorced,1,1,2013-08-31,2,229,7,140,10,3,11,7,5,1,8,7,0,0,0,0,0,1,0,Australia,53367.0,40.0,400,14,0,Medium Value,53367.0,No Response,35-44,Store,2,Two or More Children,0.5,50.0,0.7142857142857143,0-30 Days,Responder
6287,1986,Graduation,Together,1,0,2013-07-30,2,14,0,16,0,0,6,1,1,1,2,6,0,0,0,0,0,1,0,Spain,34728.0,28.0,36,4,0,Low Value,34728.0,No Response,25-34,Store,1,One Child,0.25,25.0,0.16666666666666666,0-30 Days,Responder
4405,1956,Master,Married,0,2,2013-07-30,2,622,7,115,30,0,15,2,6,3,12,5,0,0,0,0,0,0,0,Australia,63915.0,58.0,789,21,0,Medium Value,63915.0,No Response,55-64,Store,2,Two or More Children,0.09523809523809523,9.523809523809524,1.2,0-30 Days,Non-Responder
5332,1960,2n Cycle,Married,0,0,2013-07-27,2,362,50,431,134,35,54,1,3,6,7,1,0,0,0,0,0,0,0,India,82504.0,54.0,1066,16,0,High Value,82504.0,No Response,45-54,Store,0,No Children,0.0625,6.25,3.0,0-30 Days,Non-Responder
1519,1972,PhD,Single,1,1,2013-06-22,2,38,4,22,3,3,3,3,3,0,3,8,0,0,0,0,0,1,0,Spain,38578.0,42.0,73,6,0,Low Value,38578.0,No Response,35-44,Web,2,Two or More Children,0.5,50.0,0.375,0-30 Days,Responder
9080,1972,PhD,Single,1,1,2013-06-22,2,38,4,22,3,3,3,3,3,0,3,8,0,0,0,0,0,0,0,Spain,38578.0,42.0,73,6,0,Low Value,38578.0,No Response,35-44,Web,2,Two or More Children,0.5,50.0,0.375,0-30 Days,Non-Responder
1772,1975,PhD,Married,0,0,2013-01-11,2,1074,37,518,193,92,129,1,5,6,7,2,0,0,1,1,0,1,0,Canada,79174.0,39.0,2043,18,2,High Value,79174.0,Medium Engagement,35-44,Store,0,No Children,0.05555555555555555,5.555555555555555,2.5,0-30 Days,Responder
5341,1962,2n Cycle,Divorced,0,1,2013-01-05,2,983,76,184,180,138,27,1,6,3,4,7,0,0,1,0,0,0,0,Saudi Arabia,81975.0,52.0,1588,13,1,High Value,81975.0,Low Engagement,45-54,Web,1,One Child,0.07692307692307693,7.6923076923076925,0.8571428571428571,0-30 Days,Non-Responder
5510,1977,Master,Married,0,1,2012-11-21,2,262,6,61,0,10,102,3,5,2,6,5,0,0,0,0,0,0,0,Spain,43263.0,37.0,441,13,0,Medium Value,43263.0,No Response,35-44,Store,1,One Child,0.23076923076923078,23.076923076923077,1.0,0-30 Days,Non-Responder
3887,1970,Graduation,Single,1,0,2012-11-11,2,3,17,26,20,1,39,2,2,0,3,9,0,0,0,0,0,1,0,India,27242.0,44.0,106,5,0,Low Value,27242.0,No Response,35-44,Store,1,One Child,0.4,40.0,0.2222222222222222,0-30 Days,Responder
7022,1971,Graduation,Married,1,0,2012-09-28,2,739,107,309,140,80,35,1,2,5,13,6,0,0,0,0,0,0,0,Saudi Arabia,76445.0,43.0,1410,20,0,High Value,76445.0,No Response,35-44,Store,1,One Child,0.05,5.0,0.3333333333333333,0-30 Days,Non-Responder
9999,1965,Graduation,Together,0,0,2012-09-27,2,610,105,125,137,42,21,1,9,4,9,5,0,0,0,0,0,0,0,Spain,75276.0,49.0,1040,22,0,High Value,75276.0,No Response,45-54,Web,0,No Children,0.045454545454545456,4.545454545454546,1.8,0-30 Days,Non-Responder
10352,1963,Graduation,Widow,1,1,2012-09-07,2,50,4,28,6,3,26,3,3,1,2,9,0,0,0,0,0,1,0,Saudi Arabia,34213.0,51.0,117,6,0,Medium Value,34213.0,No Response,45-54,Web,2,Two or More Children,0.5,50.0,0.3333333333333333,0-30 Days,Responder
7919,1976,PhD,Together,0,0,2012-08-13,2,1285,105,653,28,21,0,1,10,4,8,8,0,0,0,0,0,1,0,Spain,72335.0,38.0,2092,22,0,High Value,72335.0,No Response,35-44,Web,0,No Children,0.045454545454545456,4.545454545454546,1.25,0-30 Days,Responder
4114,1964,Master,Married,0,0,2012-08-11,2,650,37,780,27,167,32,1,6,9,13,3,0,0,0,0,0,0,0,Australia,79143.0,50.0,1693,28,0,High Value,79143.0,No Response,45-54,Store,0,No Children,0.03571428571428571,3.571428571428571,2.0,0-30 Days,Non-Responder
7990,1947,Graduation,Married,0,0,2012-08-02,2,9,1,2,3,2,0,1,0,0,3,6,0,0,0,0,0,0,0,Canada,27469.0,67.0,17,3,0,Low Value,27469.0,No Response,65+,Store,0,No Children,0.3333333333333333,33.33333333333333,0.0,0-30 Days,Non-Responder
9888,1969,Graduation,Together,0,0,2014-06-25,3,458,81,356,106,50,40,1,4,4,7,2,0,0,0,0,0,0,0,Spain,68695.0,45.0,1091,15,0,High Value,68695.0,No Response,45-54,Store,0,No Children,0.06666666666666667,6.666666666666667,2.0,0-30 Days,Non-Responder
4399,1969,Graduation,Together,0,0,2014-06-25,3,458,81,356,106,50,40,1,4,4,7,2,0,0,0,0,0,0,0,Canada,68695.0,45.0,1091,15,0,High Value,68695.0,No Response,45-54,Store,0,No Children,0.06666666666666667,6.666666666666667,2.0,0-30 Days,Non-Responder
4452,1957,Graduation,Single,0,1,2014-05-28,3,292,6,37,0,3,34,4,6,1,6,7,0,1,0,1,0,1,0,Germany,50388.0,57.0,372,13,2,Medium Value,50388.0,Medium Engagement,55-64,Web,1,One Child,0.3076923076923077,30.76923076923077,0.8571428571428571,0-30 Days,Responder
4785,1970,PhD,Together,0,2,2014-04-14,3,520,7,154,19,0,14,2,6,3,11,3,0,0,0,0,0,0,0,Saudi Arabia,77622.0,44.0,714,20,0,Medium Value,77622.0,No Response,35-44,Store,2,Two or More Children,0.1,10.0,2.0,0-30 Days,Non-Responder
8461,1962,Graduation,Divorced,2,1,2014-03-10,3,14,0,1,0,0,1,1,1,0,2,7,0,0,0,0,0,0,0,Spain,46102.0,52.0,16,3,0,Low Value,46102.0,No Response,45-54,Store,3,Two or More Children,0.3333333333333333,33.33333333333333,0.14285714285714285,0-30 Days,Non-Responder
3878,1980,2n Cycle,Single,1,0,2014-02-27,3,3,4,7,15,8,11,1,1,0,3,7,0,0,0,0,0,0,0,Spain,31859.0,34.0,48,4,0,Low Value,31859.0,No Response,25-34,Store,1,One Child,0.25,25.0,0.14285714285714285,0-30 Days,Non-Responder
9612,1987,2n Cycle,Single,0,0,2014-02-07,3,1,8,6,4,8,16,1,1,0,3,7,0,0,0,0,0,0,0,Spain,23830.0,27.0,43,4,0,Low Value,23830.0,No Response,25-34,Store,0,No Children,0.25,25.0,0.14285714285714285,0-30 Days,Non-Responder
4098,1973,Graduation,Married,1,1,2014-01-28,3,20,3,16,0,4,1,3,2,0,4,6,0,0,0,0,0,0,0,Australia,24639.0,41.0,44,6,0,Low Value,24639.0,No Response,35-44,Store,2,Two or More Children,0.5,50.0,0.3333333333333333,0-30 Days,Non-Responder
158,1945,PhD,Together,0,0,2013-11-17,3,345,53,528,98,75,97,1,8,3,5,4,1,0,0,0,0,1,0,Spain,71604.0,69.0,1196,16,1,High Value,71604.0,Low Engagement,65+,Web,0,No Children,0.0625,6.25,2.0,0-30 Days,Responder
3896,1984,Graduation,Married,1,0,2013-11-07,3,22,1,11,0,1,2,1,1,0,3,7,0,0,0,0,0,0,0,Spain,27255.0,30.0,37,4,0,Low Value,27255.0,No Response,25-34,Store,1,One Child,0.25,25.0,0.14285714285714285,0-30 Days,Non-Responder
9970,1977,Graduation,Together,0,1,2013-10-17,3,42,11,57,10,28,14,1,1,1,6,2,0,0,0,0,0,0,0,Canada,55375.0,37.0,162,8,0,Medium Value,55375.0,No Response,35-44,Store,1,One Child,0.125,12.5,0.5,0-30 Days,Non-Responder
4002,1960,PhD,Married,0,1,2013-10-13,3,463,96,333,168,53,10,1,7,7,12,3,0,0,0,0,0,0,0,Spain,77037.0,54.0,1123,26,0,High Value,77037.0,No Response,45-54,Store,1,One Child,0.038461538461538464,3.8461538461538463,2.3333333333333335,0-30 Days,Non-Responder
10914,1970,Graduation,Single,1,1,2013-10-12,3,4,1,7,2,1,2,2,1,0,3,4,0,0,0,0,0,0,0,Spain,24163.0,44.0,17,4,0,Low Value,24163.0,No Response,35-44,Store,2,Two or More Children,0.5,50.0,0.25,0-30 Days,Non-Responder
7279,1969,PhD,Together,0,0,2013-09-30,3,260,86,559,63,9,67,1,4,6,4,2,0,0,0,0,0,0,0,USA,69476.0,45.0,1044,14,0,High Value,69476.0,No Response,45-54,Catalog,0,No Children,0.07142857142857142,7.142857142857142,2.0,0-30 Days,Non-Responder
10582,1979,Graduation,Married,0,1,2013-07-03,3,180,32,348,76,32,90,2,5,2,12,2,0,0,0,0,0,0,0,Germany,72063.0,35.0,758,19,0,Medium Value,72063.0,No Response,35-44,Store,1,One Child,0.10526315789473684,10.526315789473683,2.5,0-30 Days,Non-Responder
4470,1962,Master,Married,0,1,2013-06-10,3,62,1,44,6,5,22,1,2,1,4,4,0,0,0,0,0,0,0,Spain,58646.0,52.0,140,7,0,Medium Value,58646.0,No Response,45-54,Store,1,One Child,0.14285714285714285,14.285714285714285,0.5,0-30 Days,Non-Responder
6183,1962,Master,Married,0,1,2013-06-10,3,62,1,44,6,5,22,1,2,1,4,4,0,0,0,0,0,0,0,Germany,58646.0,52.0,140,7,0,Medium Value,58646.0,No Response,45-54,Store,1,One Child,0.14285714285714285,14.285714285714285,0.5,0-30 Days,Non-Responder
6379,1949,Master,Widow,1,1,2013-05-29,3,67,1,20,0,2,31,3,2,2,2,7,0,0,0,0,0,1,0,USA,47570.0,65.0,121,6,0,Medium Value,47570.0,No Response,65+,Web,2,Two or More Children,0.5,50.0,0.2857142857142857,0-30 Days,Responder
8601,1980,Graduation,Married,0,1,2013-04-29,3,421,76,536,82,178,102,2,8,6,5,4,0,0,0,0,0,0,0,Australia,80011.0,34.0,1395,19,0,High Value,80011.0,No Response,25-34,Web,1,One Child,0.10526315789473684,10.526315789473683,2.0,0-30 Days,Non-Responder
4827,1956,PhD,Single,0,1,2013-03-10,3,154,22,202,39,30,8,5,4,2,9,4,0,0,0,0,0,1,0,Spain,54998.0,58.0,455,15,0,Medium Value,54998.0,No Response,55-64,Store,1,One Child,0.3333333333333333,33.33333333333333,1.0,0-30 Days,Responder
6715,1948,PhD,Single,0,1,2013-01-02,3,502,19,132,0,6,26,6,6,2,11,6,0,0,0,0,0,0,0,Spain,60200.0,66.0,685,19,0,Medium Value,60200.0,No Response,65+,Store,1,One Child,0.3157894736842105,31.57894736842105,1.0,0-30 Days,Non-Responder
10676,1982,Graduation,Married,0,0,2012-11-02,3,145,193,459,205,26,145,2,3,8,7,2,0,0,0,0,0,1,0,Spain,63211.0,32.0,1173,18,0,High Value,63211.0,No Response,25-34,Catalog,0,No Children,0.1111111111111111,11.11111111111111,1.5,0-30 Days,Responder
1041,1973,PhD,Single,0,1,2012-10-18,3,322,3,50,4,3,42,5,7,1,6,8,0,0,0,0,0,1,0,Saudi Arabia,48432.0,41.0,424,14,0,Medium Value,48432.0,No Response,35-44,Web,1,One Child,0.35714285714285715,35.714285714285715,0.875,0-30 Days,Responder
492,1973,PhD,Other,0,1,2012-10-18,3,322,3,50,4,3,42,5,7,1,6,8,0,0,0,0,0,0,0,Canada,48432.0,41.0,424,14,0,Medium Value,48432.0,No Response,35-44,Web,1,One Child,0.35714285714285715,35.714285714285715,0.875,0-30 Days,Non-Responder
11133,1973,PhD,Other,0,1,2012-10-18,3,322,3,50,4,3,42,5,7,1,6,8,0,0,0,0,0,1,0,India,48432.0,41.0,424,14,0,Medium Value,48432.0,No Response,35-44,Web,1,One Child,0.35714285714285715,35.714285714285715,0.875,0-30 Days,Responder
4491,1949,Master,Married,1,1,2012-10-01,3,1099,0,45,0,0,34,11,3,4,10,8,0,1,0,0,0,0,0,Spain,62845.0,65.0,1178,17,1,High Value,62845.0,Low Engagement,65+,Store,2,Two or More Children,0.6470588235294118,64.70588235294117,0.375,0-30 Days,Non-Responder
873,1949,Master,Married,1,1,2012-10-01,3,1099,0,45,0,0,34,11,3,4,10,8,0,1,0,0,0,1,0,Spain,62845.0,65.0,1178,17,1,High Value,62845.0,Low Engagement,65+,Store,2,Two or More Children,0.6470588235294118,64.70588235294117,0.375,0-30 Days,Responder
1631,1965,PhD,Together,0,0,2012-09-03,3,890,63,292,0,25,12,4,8,4,7,6,0,0,0,0,0,1,0,Germany,65220.0,49.0,1282,19,0,High Value,65220.0,No Response,45-54,Web,0,No Children,0.21052631578947367,21.052631578947366,1.3333333333333333,0-30 Days,Responder
8278,1990,PhD,Married,0,0,2012-08-26,3,863,83,547,86,99,33,1,8,2,5,5,0,0,0,0,0,0,0,Spain,74214.0,24.0,1711,15,0,High Value,74214.0,No Response,Under 25,Web,0,No Children,0.06666666666666667,6.666666666666667,1.6,0-30 Days,Non-Responder
6815,1980,2n Cycle,Married,0,0,2014-05-23,4,448,21,125,52,101,62,0,7,6,8,2,1,0,1,1,0,1,0,Spain,96547.0,34.0,809,21,3,Medium Value,96547.0,High Engagement,25-34,Store,0,No Children,0.0,0.0,3.5,0-30 Days,Responder
254,1955,Graduation,Together,0,1,2014-05-17,4,399,4,30,6,4,30,3,7,1,7,7,0,1,0,0,0,0,0,Spain,53863.0,59.0,473,15,1,Medium Value,53863.0,Low Engagement,55-64,Web,1,One Child,0.2,20.0,1.0,0-30 Days,Non-Responder
1349,1970,Graduation,Married,2,0,2014-04-21,4,85,7,24,2,3,27,1,3,1,3,6,0,0,0,0,0,0,0,India,50447.0,44.0,148,7,0,Medium Value,50447.0,No Response,35-44,Web,2,Two or More Children,0.14285714285714285,14.285714285714285,0.5,0-30 Days,Non-Responder
2534,1953,Graduation,Married,0,1,2014-04-21,4,97,1,41,6,2,41,2,4,1,3,7,0,0,0,0,0,0,0,Australia,37716.0,61.0,188,8,0,Medium Value,37716.0,No Response,55-64,Web,1,One Child,0.25,25.0,0.5714285714285714,0-30 Days,Non-Responder
2130,1982,Graduation,Together,2,0,2014-03-23,4,35,3,67,10,8,24,1,3,1,3,6,0,0,0,0,0,1,0,Saudi Arabia,45203.0,32.0,147,7,0,Medium Value,45203.0,No Response,25-34,Web,2,Two or More Children,0.14285714285714285,14.285714285714285,0.5,0-30 Days,Responder
2296,1975,Master,Married,1,0,2013-12-16,4,3,2,11,2,2,10,1,1,0,2,6,1,0,0,0,0,0,0,Spain,37368.0,39.0,30,3,1,Low Value,37368.0,Low Engagement,35-44,Store,1,One Child,0.3333333333333333,33.33333333333333,0.16666666666666666,0-30 Days,Non-Responder
3799,1955,Graduation,Married,0,1,2013-11-26,4,315,35,322,46,7,143,3,7,2,11,5,0,0,0,0,0,0,0,USA,67225.0,59.0,868,20,0,High Value,67225.0,No Response,55-64,Store,1,One Child,0.15,15.0,1.4,0-30 Days,Non-Responder
11084,1976,Master,Together,0,1,2013-11-14,4,738,0,232,13,20,50,2,3,5,7,7,0,0,0,0,0,1,0,Canada,65104.0,38.0,1053,15,0,High Value,65104.0,No Response,35-44,Store,1,One Child,0.13333333333333333,13.333333333333334,0.42857142857142855,0-30 Days,Responder
5172,1976,Master,Together,0,1,2013-11-14,4,738,0,232,13,20,50,2,3,5,7,7,0,0,0,0,0,0,0,Spain,65104.0,38.0,1053,15,0,High Value,65104.0,No Response,35-44,Store,1,One Child,0.13333333333333333,13.333333333333334,0.42857142857142855,0-30 Days,Non-Responder
9504,1949,Master,Married,0,0,2013-11-06,4,179,28,520,111,123,47,1,3,8,13,1,0,0,0,0,0,1,0,Spain,81698.0,65.0,1008,24,0,High Value,81698.0,No Response,65+,Store,0,No Children,0.041666666666666664,4.166666666666666,3.0,0-30 Days,Responder
850,1968,Graduation,Single,0,1,2013-10-06,4,381,28,215,84,28,21,2,6,5,9,3,0,0,0,0,0,0,0,Spain,70566.0,46.0,757,20,0,Medium Value,70566.0,No Response,45-54,Store,1,One Child,0.1,10.0,2.0,0-30 Days,Non-Responder
4477,1958,Graduation,Together,0,1,2013-09-27,4,247,49,159,7,82,109,1,5,2,10,4,0,0,0,0,0,0,0,Germany,69096.0,56.0,653,17,0,Medium Value,69096.0,No Response,55-64,Store,1,One Child,0.058823529411764705,5.88235294117647,1.25,0-30 Days,Non-Responder
1945,1962,Graduation,Married,0,1,2013-09-18,4,711,36,217,172,96,168,3,7,4,7,4,0,1,0,1,0,0,0,Spain,71434.0,52.0,1400,18,2,High Value,71434.0,Medium Engagement,45-54,Web,1,One Child,0.16666666666666666,16.666666666666664,1.75,0-30 Days,Non-Responder
7685,1978,Graduation,Married,1,0,2013-09-09,4,30,8,12,8,8,12,1,2,0,4,5,0,0,0,0,0,0,0,Spain,33039.0,36.0,78,6,0,Low Value,33039.0,No Response,35-44,Store,1,One Child,0.16666666666666666,16.666666666666664,0.4,0-30 Days,Non-Responder
6310,1978,Graduation,Married,1,0,2013-09-09,4,30,8,12,8,8,12,1,2,0,4,5,0,0,0,0,0,0,0,Canada,33039.0,36.0,78,6,0,Low Value,33039.0,No Response,35-44,Store,1,One Child,0.16666666666666666,16.666666666666664,0.4,0-30 Days,Non-Responder
10832,1958,Graduation,Together,0,0,2013-07-18,4,288,10,30,4,10,125,1,6,1,6,6,0,0,0,0,0,0,0,Spain,46610.0,56.0,467,13,0,Medium Value,46610.0,No Response,55-64,Web,0,No Children,0.07692307692307693,7.6923076923076925,1.0,0-30 Days,Non-Responder
3025,1958,Graduation,Single,0,1,2013-07-08,4,212,6,69,4,12,3,3,6,1,5,7,0,0,0,0,0,0,0,Canada,49967.0,56.0,306,12,0,Medium Value,49967.0,No Response,55-64,Web,1,One Child,0.25,25.0,0.8571428571428571,0-30 Days,Non-Responder
2404,1976,Graduation,Married,1,1,2013-05-27,4,173,4,30,3,6,41,4,5,1,4,7,0,0,0,0,0,0,0,USA,53359.0,38.0,257,10,0,Medium Value,53359.0,No Response,35-44,Web,2,Two or More Children,0.4,40.0,0.7142857142857143,0-30 Days,Non-Responder
8581,1971,Master,Married,1,1,2013-03-05,4,604,0,100,19,0,28,9,10,2,8,8,0,0,0,0,0,0,0,Spain,49505.0,43.0,751,20,0,Medium Value,49505.0,No Response,35-44,Web,2,Two or More Children,0.45,45.0,1.25,0-30 Days,Non-Responder
8755,1946,Master,Married,0,0,2013-02-20,4,482,34,471,119,68,22,1,3,5,9,7,0,0,0,0,0,0,0,Australia,68657.0,68.0,1196,17,0,High Value,68657.0,No Response,65+,Store,0,No Children,0.058823529411764705,5.88235294117647,0.42857142857142855,0-30 Days,Non-Responder
10177,1954,Graduation,Divorced,0,1,2013-02-14,4,531,69,300,150,138,150,3,5,4,8,2,0,0,0,0,0,0,0,Spain,72071.0,60.0,1338,17,0,High Value,72071.0,No Response,55-64,Store,1,One Child,0.17647058823529413,17.647058823529413,2.5,0-30 Days,Non-Responder
2429,1954,Graduation,Divorced,0,1,2013-02-14,4,531,69,300,150,138,150,3,5,4,8,2,0,0,0,0,0,0,0,Canada,72071.0,60.0,1338,17,0,High Value,72071.0,No Response,55-64,Store,1,One Child,0.17647058823529413,17.647058823529413,2.5,0-30 Days,Non-Responder
8920,1967,Master,Single,1,0,2013-01-12,4,448,40,469,80,0,91,3,11,2,12,7,0,0,0,0,0,0,0,India,59235.0,47.0,1128,25,0,High Value,59235.0,No Response,45-54,Store,1,One Child,0.12,12.0,1.5714285714285714,0-30 Days,Non-Responder
8430,1957,Graduation,Together,0,1,2012-12-24,4,9,0,6,3,1,3,1,0,0,3,5,0,0,0,0,0,0,0,Australia,21994.0,57.0,22,3,0,Low Value,21994.0,No Response,55-64,Store,1,One Child,0.3333333333333333,33.33333333333333,0.0,0-30 Days,Non-Responder
8619,1957,Graduation,Together,0,1,2012-12-24,4,9,0,6,3,1,3,1,0,0,3,5,0,0,0,0,0,0,0,Spain,21994.0,57.0,22,3,0,Low Value,21994.0,No Response,55-64,Store,1,One Child,0.3333333333333333,33.33333333333333,0.0,0-30 Days,Non-Responder
8996,1957,PhD,Married,2,1,2012-11-19,4,230,42,192,49,37,53,12,7,2,8,9,0,0,0,0,0,0,0,Germany,51381.5,57.0,603,17,0,Medium Value,51381.5,No Response,55-64,Store,3,Two or More Children,0.7058823529411765,70.58823529411765,0.7777777777777778,0-30 Days,Non-Responder
7233,1972,Graduation,Married,0,0,2012-09-17,4,496,32,849,229,48,128,2,5,3,6,4,0,0,0,1,0,0,0,Canada,69209.0,42.0,1782,14,1,High Value,69209.0,Low Engagement,35-44,Store,0,No Children,0.14285714285714285,14.285714285714285,1.25,0-30 Days,Non-Responder
6678,1989,Graduation,Together,1,0,2014-03-28,5,33,4,24,4,2,5,2,3,0,4,7,0,0,0,0,0,0,0,India,31928.0,25.0,72,7,0,Low Value,31928.0,No Response,25-34,Store,1,One Child,0.2857142857142857,28.57142857142857,0.42857142857142855,0-30 Days,Non-Responder
830,1987,PhD,Single,0,0,2014-02-24,5,784,48,560,42,176,48,1,4,6,4,3,0,0,1,1,0,1,0,India,74004.0,27.0,1658,14,2,High Value,74004.0,Medium Engagement,25-34,Catalog,0,No Children,0.07142857142857142,7.142857142857142,1.3333333333333333,0-30 Days,Responder
6365,1987,2n Cycle,Married,0,0,2013-09-02,5,10,12,12,25,1,20,1,2,0,3,6,0,0,0,0,0,0,0,India,30390.0,27.0,80,5,0,Low Value,30390.0,No Response,25-34,Store,0,No Children,0.2,20.0,0.3333333333333333,0-30 Days,Non-Responder
6770,1985,Graduation,Married,1,0,2013-08-20,5,5,13,14,0,5,31,2,2,1,2,6,1,0,0,0,0,1,0,USA,21355.0,29.0,68,5,1,Low Value,21355.0,Low Engagement,25-34,Web,1,One Child,0.4,40.0,0.3333333333333333,0-30 Days,Responder
2261,1969,Graduation,Married,1,0,2013-06-23,5,4,1,5,2,0,4,1,1,0,2,7,0,0,0,0,0,0,0,Germany,26304.0,45.0,16,3,0,Low Value,26304.0,No Response,45-54,Store,1,One Child,0.3333333333333333,33.33333333333333,0.14285714285714285,0-30 Days,Non-Responder
1031,1989,2n Cycle,Married,0,0,2013-05-05,5,600,20,350,29,30,33,1,6,9,10,2,0,0,1,0,0,0,0,India,85710.0,25.0,1062,25,1,High Value,85710.0,Low Engagement,25-34,Store,0,No Children,0.04,4.0,3.0,0-30 Days,Non-Responder
10089,1974,Graduation,Divorced,0,0,2013-04-05,5,168,148,444,32,172,148,1,6,9,13,2,0,1,1,1,1,1,0,Saudi Arabia,102692.0,40.0,1112,28,4,High Value,102692.0,High Engagement,35-44,Store,0,No Children,0.03571428571428571,3.571428571428571,3.0,0-30 Days,Responder
9256,1971,Graduation,Single,0,1,2013-01-04,5,493,26,206,116,80,80,4,8,3,12,6,0,0,0,0,0,0,0,Spain,58350.0,43.0,1001,23,0,High Value,58350.0,No Response,35-44,Store,1,One Child,0.17391304347826086,17.391304347826086,1.3333333333333333,0-30 Days,Non-Responder
10641,1978,Graduation,Single,1,1,2012-12-27,5,6,5,4,13,4,25,4,2,1,3,6,0,0,0,0,0,0,0,Spain,7500.0,36.0,57,6,0,Low Value,7500.0,No Response,35-44,Store,2,Two or More Children,0.6666666666666666,66.66666666666666,0.3333333333333333,0-30 Days,Non-Responder
624,1984,Master,Single,0,0,2012-11-10,5,6,4,1,7,2,15,1,0,1,2,6,1,0,0,0,0,1,0,Saudi Arabia,18890.0,30.0,35,3,1,Low Value,18890.0,Low Engagement,25-34,Store,0,No Children,0.3333333333333333,33.33333333333333,0.0,0-30 Days,Responder
4211,1986,Basic,Married,1,0,2012-10-29,5,4,12,5,3,16,17,2,2,0,3,7,0,0,0,0,0,0,0,Canada,20425.0,28.0,57,5,0,Low Value,20425.0,No Response,25-34,Store,1,One Child,0.4,40.0,0.2857142857142857,0-30 Days,Non-Responder
1407,1986,Basic,Married,1,0,2012-10-29,5,4,12,5,3,16,17,2,2,0,3,7,0,0,0,0,0,0,0,Germany,20425.0,28.0,57,5,0,Low Value,20425.0,No Response,25-34,Store,1,One Child,0.4,40.0,0.2857142857142857,0-30 Days,Non-Responder
10356,1957,PhD,Divorced,1,1,2012-09-22,5,29,0,2,0,0,1,1,1,0,3,7,0,0,0,0,0,0,0,Spain,41437.0,57.0,32,4,0,Low Value,41437.0,No Response,55-64,Store,2,Two or More Children,0.25,25.0,0.14285714285714285,0-30 Days,Non-Responder
9323,1949,Master,Together,0,1,2012-09-07,5,520,8,223,32,49,42,4,10,5,7,8,1,0,0,0,0,1,0,Mexico,49912.0,65.0,874,22,1,High Value,49912.0,Low Engagement,65+,Web,1,One Child,0.18181818181818182,18.181818181818183,1.25,0-30 Days,Responder
1146,1949,Master,Together,0,1,2012-09-07,5,520,8,223,32,49,42,4,10,5,7,8,1,0,0,0,0,1,0,Australia,49912.0,65.0,874,22,1,High Value,49912.0,Low Engagement,65+,Web,1,One Child,0.18181818181818182,18.181818181818183,1.25,0-30 Days,Responder
6343,1959,Graduation,Married,0,1,2014-03-31,6,835,73,380,114,73,43,1,6,9,7,2,0,1,0,0,0,0,0,Australia,79823.0,55.0,1518,22,1,High Value,79823.0,Low Engagement,55-64,Catalog,1,One Child,0.045454545454545456,4.545454545454546,3.0,0-30 Days,Non-Responder
8545,1954,Graduation,Divorced,0,0,2014-03-21,6,1296,17,311,45,69,51,1,2,4,10,1,0,1,1,1,1,1,0,Spain,85683.0,60.0,1789,16,4,High Value,85683.0,High Engagement,55-64,Store,0,No Children,0.0625,6.25,2.0,0-30 Days,Responder
8275,1965,PhD,Divorced,1,1,2014-02-09,6,16,0,3,0,0,1,1,1,0,2,7,0,0,0,0,0,0,0,Spain,47025.0,49.0,20,3,0,Low Value,47025.0,No Response,45-54,Store,2,Two or More Children,0.3333333333333333,33.33333333333333,0.14285714285714285,0-30 Days,Non-Responder
10673,1976,PhD,Married,0,1,2013-11-17,6,760,80,466,17,13,80,1,6,9,5,3,0,0,0,0,0,0,0,Saudi Arabia,68397.0,38.0,1416,20,0,High Value,68397.0,No Response,35-44,Catalog,1,One Child,0.05,5.0,2.0,0-30 Days,Non-Responder
8799,1984,PhD,Married,1,0,2013-09-23,6,70,6,69,2,3,3,3,3,1,4,7,0,0,0,0,0,0,0,Spain,38175.0,30.0,153,8,0,Medium Value,38175.0,No Response,25-34,Store,1,One Child,0.375,37.5,0.42857142857142855,0-30 Days,Non-Responder
67,1972,Master,Single,1,1,2013-09-18,6,68,0,16,0,0,8,3,2,0,4,7,0,0,0,0,0,0,0,Spain,46423.0,42.0,92,6,0,Low Value,46423.0,No Response,35-44,Store,2,Two or More Children,0.5,50.0,0.2857142857142857,0-30 Days,Non-Responder
9923,1972,Master,Single,1,1,2013-09-18,6,68,0,16,0,0,8,3,2,0,4,7,0,0,0,0,0,0,0,Spain,46423.0,42.0,92,6,0,Low Value,46423.0,No Response,35-44,Store,2,Two or More Children,0.5,50.0,0.2857142857142857,0-30 Days,Non-Responder
2814,1976,Master,Together,1,0,2013-06-27,6,9,1,5,4,5,7,1,1,0,3,7,0,0,0,0,0,0,0,Saudi Arabia,30560.0,38.0,31,4,0,Low Value,30560.0,No Response,35-44,Store,1,One Child,0.25,25.0,0.14285714285714285,0-30 Days,Non-Responder
2711,1976,Master,Together,1,0,2013-06-27,6,9,1,5,4,5,7,1,1,0,3,7,0,0,0,0,0,0,0,Canada,30560.0,38.0,31,4,0,Low Value,30560.0,No Response,35-44,Store,1,One Child,0.25,25.0,0.14285714285714285,0-30 Days,Non-Responder
4320,1979,Graduation,Single,0,1,2013-03-28,6,325,83,300,86,58,91,1,6,4,12,3,0,0,0,0,0,0,0,Spain,60152.0,35.0,943,22,0,High Value,60152.0,No Response,35-44,Store,1,One Child,0.045454545454545456,4.545454545454546,2.0,0-30 Days,Non-Responder
10451,1965,Graduation,Together,1,1,2013-03-12,6,9,1,3,0,4,8,1,0,0,3,6,0,0,0,0,0,0,0,Saudi Arabia,29672.0,49.0,25,3,0,Low Value,29672.0,No Response,45-54,Store,2,Two or More Children,0.3333333333333333,33.33333333333333,0.0,0-30 Days,Non-Responder
4198,1965,Graduation,Together,1,1,2013-03-12,6,9,1,3,0,4,8,1,0,0,3,6,0,0,0,0,0,0,0,Spain,29672.0,49.0,25,3,0,Low Value,29672.0,No Response,45-54,Store,2,Two or More Children,0.3333333333333333,33.33333333333333,0.0,0-30 Days,Non-Responder
10814,1947,Graduation,Together,0,0,2013-01-16,6,303,23,751,82,26,191,1,6,5,13,4,0,0,0,0,0,1,0,Spain,70321.0,67.0,1376,24,0,High Value,70321.0,No Response,65+,Store,0,No Children,0.041666666666666664,4.166666666666666,1.5,0-30 Days,Responder
944,1962,Graduation,Married,0,1,2013-01-08,6,121,103,69,8,44,48,1,4,2,7,4,0,0,0,0,0,0,0,Spain,56181.0,52.0,393,13,0,Medium Value,56181.0,No Response,45-54,Store,1,One Child,0.07692307692307693,7.6923076923076925,1.0,0-30 Days,Non-Responder
8151,1990,Basic,Married,0,0,2012-12-29,6,16,36,21,20,62,108,1,4,1,3,8,0,0,0,0,0,0,0,Spain,24279.0,24.0,263,8,0,Medium Value,24279.0,No Response,Under 25,Web,0,No Children,0.125,12.5,0.5,0-30 Days,Non-Responder
6184,1969,PhD,Married,0,0,2012-12-12,6,561,64,785,84,128,48,1,3,3,8,1,0,0,0,0,0,0,0,Spain,68462.0,45.0,1670,14,0,High Value,68462.0,No Response,45-54,Store,0,No Children,0.07142857142857142,7.142857142857142,3.0,0-30 Days,Non-Responder
3498,1976,PhD,Married,0,1,2012-11-25,6,462,61,184,10,53,107,4,7,5,9,6,1,0,0,0,0,1,0,Spain,55424.0,38.0,877,21,1,High Value,55424.0,Low Engagement,35-44,Store,1,One Child,0.19047619047619047,19.047619047619047,1.1666666666666667,0-30 Days,Responder
2870,1973,Graduation,Married,0,1,2012-09-21,6,376,0,38,11,8,69,5,6,3,6,6,0,0,0,0,0,0,0,Spain,49094.0,41.0,502,15,0,Medium Value,49094.0,No Response,35-44,Web,1,One Child,0.3333333333333333,33.33333333333333,1.0,0-30 Days,Non-Responder
7342,1961,2n Cycle,Widow,0,1,2012-09-09,6,341,142,113,259,151,66,3,6,6,12,5,0,0,0,0,0,0,0,Spain,59184.0,53.0,1072,24,0,High Value,59184.0,No Response,45-54,Store,1,One Child,0.125,12.5,1.2,0-30 Days,Non-Responder
1911,1987,Graduation,Together,0,0,2012-09-05,6,595,97,291,127,133,121,1,11,5,12,6,0,0,0,0,0,0,0,Germany,67430.0,27.0,1364,28,0,High Value,67430.0,No Response,25-34,Store,0,No Children,0.03571428571428571,3.571428571428571,1.8333333333333333,0-30 Days,Non-Responder
10862,1960,Master,Married,0,1,2012-08-17,6,179,8,83,19,11,26,5,1,2,9,2,0,0,0,0,0,0,0,Spain,30522.0,54.0,326,12,0,Medium Value,30522.0,No Response,45-54,Store,1,One Child,0.4166666666666667,41.66666666666667,0.5,0-30 Days,Non-Responder
2546,1977,2n Cycle,Single,0,1,2014-06-22,7,23,4,5,10,5,23,1,1,0,4,3,0,0,0,0,0,0,0,Spain,31878.0,37.0,70,5,0,Low Value,31878.0,No Response,35-44,Store,1,One Child,0.2,20.0,0.3333333333333333,0-30 Days,Non-Responder
3005,1992,Graduation,Single,0,0,2014-05-01,7,530,117,678,134,44,147,1,4,10,8,1,1,0,0,1,0,1,0,Spain,83528.0,22.0,1650,22,2,High Value,83528.0,Medium Engagement,Under 25,Catalog,0,No Children,0.045454545454545456,4.545454545454546,4.0,0-30 Days,Responder
8318,1979,Graduation,Together,0,0,2014-01-03,7,594,134,786,33,134,57,0,5,6,8,1,0,0,1,0,0,0,0,Spain,90300.0,35.0,1738,19,1,High Value,90300.0,Low Engagement,35-44,Store,0,No Children,0.0,0.0,5.0,0-30 Days,Non-Responder
2930,1978,Master,Single,0,0,2013-12-16,7,852,60,207,78,36,48,2,2,6,10,5,0,0,0,0,0,0,0,Saudi Arabia,68092.0,36.0,1281,18,0,High Value,68092.0,No Response,35-44,Store,0,No Children,0.1111111111111111,11.11111111111111,0.4,0-30 Days,Non-Responder
8216,1972,Master,Married,1,1,2013-10-11,7,158,0,76,13,7,71,6,4,4,3,5,0,0,0,0,0,0,0,Australia,53761.0,42.0,325,11,0,Medium Value,53761.0,No Response,35-44,Web,2,Two or More Children,0.5454545454545454,54.54545454545454,0.8,0-30 Days,Non-Responder
1212,1973,Graduation,Married,1,0,2013-08-13,7,384,25,292,130,41,64,3,8,8,6,6,1,0,0,0,0,0,0,Spain,52845.0,41.0,936,22,1,High Value,52845.0,Low Engagement,35-44,Web,1,One Child,0.13636363636363635,13.636363636363635,1.3333333333333333,0-30 Days,Non-Responder
2541,1976,Graduation,Married,1,0,2013-06-09,7,14,7,11,11,0,5,2,2,0,3,8,0,0,0,0,0,0,0,Spain,24027.0,38.0,48,5,0,Low Value,24027.0,No Response,35-44,Store,1,One Child,0.4,40.0,0.25,0-30 Days,Non-Responder
10659,1979,2n Cycle,Together,1,0,2013-05-07,7,2,8,11,3,8,21,4,3,2,2,7,0,0,0,0,0,0,0,India,7500.0,35.0,53,7,0,Low Value,7500.0,No Response,35-44,Web,1,One Child,0.5714285714285714,57.14285714285714,0.42857142857142855,0-30 Days,Non-Responder
10905,1955,Graduation,Together,1,1,2012-10-29,7,194,2,56,0,0,0,5,4,1,6,8,0,0,0,0,0,1,0,Spain,42586.0,59.0,252,11,0,Medium Value,42586.0,No Response,55-64,Store,2,Two or More Children,0.45454545454545453,45.45454545454545,0.5,0-30 Days,Responder
8910,1955,Graduation,Together,1,1,2012-10-29,7,194,2,56,0,0,0,5,4,1,6,8,0,0,0,0,0,1,0,Spain,42586.0,59.0,252,11,0,Medium Value,42586.0,No Response,55-64,Store,2,Two or More Children,0.45454545454545453,45.45454545454545,0.5,0-30 Days,Responder
7349,1973,Basic,Together,1,0,2012-10-02,7,6,17,16,6,16,42,4,3,1,3,8,0,0,0,0,0,1,0,Spain,9722.0,41.0,103,7,0,Low Value,9722.0,No Response,35-44,Web,1,One Child,0.5714285714285714,57.14285714285714,0.375,0-30 Days,Responder
7872,1975,PhD,Married,0,0,2012-09-12,7,179,21,273,0,21,63,1,6,10,6,5,1,0,1,1,0,1,0,Spain,86836.0,39.0,557,22,3,Medium Value,86836.0,High Engagement,35-44,Catalog,0,No Children,0.045454545454545456,4.545454545454546,1.2,0-30 Days,Responder
4290,1972,Graduation,Married,1,0,2014-03-19,8,1,3,8,2,5,5,1,1,0,2,7,0,0,0,0,0,0,0,Canada,30467.0,42.0,24,3,0,Low Value,30467.0,No Response,35-44,Store,1,One Child,0.3333333333333333,33.33333333333333,0.14285714285714285,0-30 Days,Non-Responder
7408,1952,PhD,Married,0,1,2014-03-03,8,216,2,6,0,0,9,2,5,1,4,7,0,0,0,0,0,0,0,Saudi Arabia,54549.0,62.0,233,10,0,Medium Value,54549.0,No Response,55-64,Web,1,One Child,0.2,20.0,0.7142857142857143,0-30 Days,Non-Responder
9986,1982,Graduation,Together,1,0,2014-02-22,8,16,0,23,3,2,10,3,4,1,2,7,0,0,0,0,0,1,0,Saudi Arabia,19444.0,32.0,54,7,0,Low Value,19444.0,No Response,25-34,Web,1,One Child,0.42857142857142855,42.857142857142854,0.5714285714285714,0-30 Days,Responder
8235,1956,Master,Together,0,1,2014-01-24,8,428,30,214,80,30,61,2,6,5,10,3,0,0,0,0,0,0,0,Saudi Arabia,69245.0,58.0,843,21,0,High Value,69245.0,No Response,55-64,Store,1,One Child,0.09523809523809523,9.523809523809524,2.0,0-30 Days,Non-Responder
10949,1963,PhD,Divorced,0,0,2013-12-16,8,1092,37,592,145,37,55,1,5,5,8,3,0,0,0,1,0,1,0,Spain,72968.0,51.0,1958,18,1,High Value,72968.0,Low Engagement,45-54,Store,0,No Children,0.05555555555555555,5.555555555555555,1.6666666666666667,0-30 Days,Responder
7284,1953,Graduation,Married,1,2,2013-12-04,8,10,0,7,2,0,1,1,1,0,2,8,0,0,0,0,0,0,0,Spain,48686.0,61.0,20,3,0,Low Value,48686.0,No Response,55-64,Store,3,Two or More Children,0.3333333333333333,33.33333333333333,0.125,0-30 Days,Non-Responder
9529,1990,Graduation,Married,0,0,2013-11-28,8,559,153,503,218,13,181,1,3,9,9,2,0,0,0,1,0,1,0,Saudi Arabia,73687.0,24.0,1627,21,1,High Value,73687.0,Low Engagement,Under 25,Catalog,0,No Children,0.047619047619047616,4.761904761904762,1.5,0-30 Days,Responder
9930,1944,PhD,Single,0,0,2013-11-05,8,606,148,228,15,148,22,1,6,8,13,2,0,0,0,0,0,0,0,Canada,82716.0,70.0,1167,27,0,High Value,82716.0,No Response,65+,Store,0,No Children,0.037037037037037035,3.7037037037037033,3.0,0-30 Days,Non-Responder
10270,1981,2n Cycle,Married,1,0,2013-10-03,8,11,5,22,12,5,11,2,3,0,3,7,0,0,0,0,0,0,0,Germany,35523.0,33.0,66,6,0,Low Value,35523.0,No Response,25-34,Web,1,One Child,0.3333333333333333,33.33333333333333,0.42857142857142855,0-30 Days,Non-Responder
760,1975,PhD,Divorced,1,0,2013-08-09,8,588,7,76,110,15,15,2,8,4,9,6,0,0,0,0,0,0,0,Saudi Arabia,60554.0,39.0,811,21,0,Medium Value,60554.0,No Response,35-44,Store,1,One Child,0.09523809523809523,9.523809523809524,1.3333333333333333,0-30 Days,Non-Responder
5519,1956,Graduation,Together,0,1,2013-08-07,8,316,58,161,76,51,135,1,6,9,4,5,0,0,0,0,0,1,0,Saudi Arabia,64090.0,58.0,797,19,0,Medium Value,64090.0,No Response,55-64,Catalog,1,One Child,0.05263157894736842,5.263157894736842,1.2,0-30 Days,Responder
232,1965,Graduation,Single,0,1,2013-07-17,8,279,83,88,32,14,34,1,4,2,10,3,0,0,0,0,0,0,0,Spain,61559.0,49.0,530,16,0,Medium Value,61559.0,No Response,45-54,Store,1,One Child,0.0625,6.25,1.3333333333333333,0-30 Days,Non-Responder
3009,1962,PhD,Widow,0,0,2013-07-09,8,1462,16,128,0,0,160,1,5,3,6,6,0,1,1,0,1,1,0,Spain,71670.0,52.0,1766,14,3,High Value,71670.0,High Engagement,45-54,Store,0,No Children,0.07142857142857142,7.142857142857142,0.8333333333333334,0-30 Days,Responder
6518,1951,PhD,Widow,0,1,2013-06-11,8,546,0,48,0,6,6,1,7,3,8,5,0,0,0,0,0,0,0,Australia,67680.0,63.0,606,18,0,Medium Value,67680.0,No Response,55-64,Store,1,One Child,0.05555555555555555,5.555555555555555,1.4,0-30 Days,Non-Responder
10669,1981,Graduation,Married,0,1,2013-05-17,8,277,21,64,62,21,25,2,3,2,10,3,0,0,0,0,0,0,0,Spain,54386.0,33.0,470,15,0,Medium Value,54386.0,No Response,25-34,Store,1,One Child,0.13333333333333333,13.333333333333334,1.0,0-30 Days,Non-Responder
5682,1953,PhD,Single,0,1,2013-03-23,8,948,10,86,13,21,21,4,6,9,11,5,0,0,0,0,0,0,0,Australia,64108.0,61.0,1099,26,0,High Value,64108.0,No Response,55-64,Store,1,One Child,0.15384615384615385,15.384615384615385,1.2,0-30 Days,Non-Responder
1570,1951,PhD,Together,0,1,2013-02-19,8,664,9,240,50,19,57,2,7,7,10,4,0,0,0,0,0,0,0,Spain,69702.0,63.0,1039,24,0,High Value,69702.0,No Response,55-64,Store,1,One Child,0.08333333333333333,8.333333333333332,1.75,0-30 Days,Non-Responder
1497,1952,Graduation,Single,0,1,2013-01-19,8,268,11,88,15,3,22,2,6,3,5,5,0,0,0,0,0,0,0,Saudi Arabia,47958.0,62.0,407,14,0,Medium Value,47958.0,No Response,55-64,Web,1,One Child,0.14285714285714285,14.285714285714285,1.2,0-30 Days,Non-Responder
9723,1960,Graduation,Married,0,1,2013-01-10,8,530,142,217,62,9,56,4,7,4,13,5,0,1,0,0,0,0,0,Canada,67716.0,54.0,1016,24,1,High Value,67716.0,Low Engagement,45-54,Store,1,One Child,0.16666666666666666,16.666666666666664,1.4,0-30 Days,Non-Responder
7261,1971,Graduation,Together,1,1,2013-01-01,8,199,33,60,8,3,15,5,5,2,5,8,0,0,0,0,0,1,0,Spain,34600.0,43.0,318,12,0,Medium Value,34600.0,No Response,35-44,Web,2,Two or More Children,0.4166666666666667,41.66666666666667,0.625,0-30 Days,Responder
2452,1971,Graduation,Together,1,1,2013-01-01,8,199,33,60,8,3,15,5,5,2,5,8,0,0,0,0,0,1,0,Spain,34600.0,43.0,318,12,0,Medium Value,34600.0,No Response,35-44,Web,2,Two or More Children,0.4166666666666667,41.66666666666667,0.625,0-30 Days,Responder
5621,1969,Graduation,Married,1,1,2012-12-12,8,73,57,100,71,15,0,5,6,1,5,9,0,0,0,0,0,1,0,Spain,48752.0,45.0,316,12,0,Medium Value,48752.0,No Response,45-54,Web,2,Two or More Children,0.4166666666666667,41.66666666666667,0.6666666666666666,0-30 Days,Responder
10995,1988,2n Cycle,Married,1,0,2012-11-12,8,16,5,30,8,7,26,3,3,0,4,8,0,0,0,0,0,0,1,Saudi Arabia,15716.0,26.0,92,7,0,Low Value,15716.0,No Response,25-34,Store,1,One Child,0.42857142857142855,42.857142857142854,0.375,0-30 Days,Non-Responder
7373,1952,PhD,Divorced,0,2,2012-10-29,8,96,12,96,33,22,43,6,4,1,6,6,0,0,0,0,0,1,0,Australia,46610.0,62.0,302,11,0,Medium Value,46610.0,No Response,55-64,Store,2,Two or More Children,0.5454545454545454,54.54545454545454,0.6666666666666666,0-30 Days,Responder
5331,1977,Graduation,Married,0,0,2012-09-11,8,587,51,898,247,0,86,1,3,6,7,2,0,0,0,0,0,0,0,Germany,74985.0,37.0,1869,16,0,High Value,74985.0,No Response,35-44,Store,0,No Children,0.0625,6.25,1.5,0-30 Days,Non-Responder
263,1945,PhD,Single,0,0,2014-05-28,9,56,19,29,2,14,25,1,3,1,3,8,0,0,0,0,0,1,0,Spain,45576.0,69.0,145,7,0,Medium Value,45576.0,No Response,65+,Web,0,No Children,0.14285714285714285,14.285714285714285,0.375,0-30 Days,Responder
4619,1945,PhD,Single,0,0,2014-05-28,9,6,2,3,1,262,3,0,27,0,0,1,0,0,0,0,0,0,0,Spain,113734.0,69.0,277,27,0,Medium Value,113734.0,No Response,65+,Web,0,No Children,0.0,0.0,27.0,0-30 Days,Non-Responder
940,1987,Graduation,Single,1,0,2014-05-18,9,158,11,99,15,11,17,2,3,2,7,3,0,0,0,0,0,0,0,Saudi Arabia,57100.0,27.0,311,12,0,Medium Value,57100.0,No Response,25-34,Store,1,One Child,0.16666666666666666,16.666666666666664,1.0,0-30 Days,Non-Responder
10084,1972,Graduation,Married,2,0,2014-05-18,9,3,2,8,20,0,17,2,2,1,2,7,0,0,0,0,0,0,0,India,24434.0,42.0,50,5,0,Low Value,24434.0,No Response,35-44,Web,2,Two or More Children,0.4,40.0,0.2857142857142857,0-30 Days,Non-Responder
6019,1971,PhD,Married,1,0,2014-03-30,9,45,3,9,4,4,7,1,1,2,2,6,1,0,0,0,0,1,0,Spain,37126.0,43.0,72,5,1,Low Value,37126.0,Low Engagement,35-44,Catalog,1,One Child,0.2,20.0,0.16666666666666666,0-30 Days,Responder
1463,1958,Graduation,Single,1,1,2014-03-29,9,8,2,5,3,0,3,1,1,0,2,7,0,0,0,0,0,0,0,Australia,45160.0,56.0,21,3,0,Low Value,45160.0,No Response,55-64,Store,2,Two or More Children,0.3333333333333333,33.33333333333333,0.14285714285714285,0-30 Days,Non-Responder
6424,1977,Graduation,Together,1,0,2014-01-30,9,12,6,2,11,2,16,1,1,0,3,4,0,0,0,0,0,0,0,Spain,33178.0,37.0,49,4,0,Low Value,33178.0,No Response,35-44,Store,1,One Child,0.25,25.0,0.25,0-30 Days,Non-Responder
8233,1950,Master,Widow,0,1,2014-01-26,9,508,5,21,7,5,10,4,7,3,7,5,0,1,0,0,0,0,0,Canada,64866.0,64.0,556,17,1,Medium Value,64866.0,Low Engagement,55-64,Web,1,One Child,0.23529411764705882,23.52941176470588,1.4,0-30 Days,Non-Responder
1515,1975,Master,Together,0,1,2014-01-22,9,11,2,7,4,2,2,1,1,0,3,3,0,0,0,0,0,0,0,Canada,34176.0,39.0,28,4,0,Low Value,34176.0,No Response,35-44,Store,1,One Child,0.25,25.0,0.3333333333333333,0-30 Days,Non-Responder
10855,1968,Master,Single,1,0,2014-01-22,9,234,14,77,19,10,42,2,4,1,8,5,0,0,0,0,0,0,0,Spain,50014.0,46.0,396,13,0,Medium Value,50014.0,No Response,45-54,Store,1,One Child,0.15384615384615385,15.384615384615385,0.8,0-30 Days,Non-Responder
10909,1948,Graduation,Married,0,0,2014-01-15,9,992,24,694,51,19,119,0,5,10,5,1,1,0,1,0,0,0,0,Australia,92344.0,66.0,1899,20,2,High Value,92344.0,Medium Engagement,65+,Catalog,0,No Children,0.0,0.0,5.0,0-30 Days,Non-Responder
3376,1970,Master,Divorced,1,0,2013-12-13,9,125,6,73,8,4,19,1,3,1,6,4,0,0,0,0,0,0,0,Spain,55282.0,44.0,235,10,0,Medium Value,55282.0,No Response,35-44,Store,1,One Child,0.1,10.0,0.75,0-30 Days,Non-Responder
10232,1963,PhD,Divorced,0,1,2013-11-05,9,174,18,81,28,6,24,3,3,2,7,3,0,0,0,0,0,0,0,Spain,48799.0,51.0,331,12,0,Medium Value,48799.0,No Response,45-54,Store,1,One Child,0.25,25.0,1.0,0-30 Days,Non-Responder
5547,1982,PhD,Married,0,0,2013-08-07,9,1478,19,403,0,19,0,1,7,6,6,3,0,1,1,0,0,1,0,Spain,84169.0,32.0,1919,19,2,High Value,84169.0,Medium Engagement,25-34,Web,0,No Children,0.05263157894736842,5.263157894736842,2.3333333333333335,0-30 Days,Responder
8362,1982,PhD,Married,0,0,2013-08-07,9,1478,19,403,0,19,0,1,7,6,6,3,0,1,1,0,0,1,0,Saudi Arabia,84169.0,32.0,1919,19,2,High Value,84169.0,Medium Engagement,25-34,Web,0,No Children,0.05263157894736842,5.263157894736842,2.3333333333333335,0-30 Days,Responder
3524,1971,Master,Single,1,0,2013-08-04,9,80,1,60,4,6,16,2,5,1,2,9,0,0,0,0,0,1,0,Spain,39763.0,43.0,167,8,0,Medium Value,39763.0,No Response,35-44,Web,1,One Child,0.25,25.0,0.5555555555555556,0-30 Days,Responder
10095,1975,PhD,Divorced,0,0,2013-05-01,9,1001,12,240,16,12,12,1,5,4,10,2,0,0,0,0,0,0,0,Canada,74165.0,39.0,1293,19,0,High Value,74165.0,No Response,35-44,Store,0,No Children,0.05263157894736842,5.263157894736842,2.5,0-30 Days,Non-Responder
8897,1965,Graduation,Single,1,1,2013-04-24,9,392,5,91,28,26,112,8,7,3,7,8,0,0,0,0,0,1,0,Germany,42720.0,49.0,654,17,0,Medium Value,42720.0,No Response,45-54,Web,2,Two or More Children,0.47058823529411764,47.05882352941176,0.875,0-30 Days,Responder
466,1944,Graduation,Married,0,0,2013-04-03,9,388,14,218,91,14,21,1,4,3,13,2,0,0,0,0,0,0,0,Spain,65275.0,70.0,746,20,0,Medium Value,65275.0,No Response,65+,Store,0,No Children,0.05,5.0,2.0,0-30 Days,Non-Responder
11025,1961,Graduation,Married,1,1,2013-02-03,9,65,0,46,4,3,20,4,3,1,3,8,0,0,0,0,0,0,0,Spain,36443.0,53.0,138,7,0,Medium Value,36443.0,No Response,45-54,Web,2,Two or More Children,0.5714285714285714,57.14285714285714,0.375,0-30 Days,Non-Responder
2387,1952,Master,Together,1,1,2013-02-03,9,177,2,71,3,2,20,6,5,2,4,8,0,0,0,0,0,1,0,Saudi Arabia,43776.0,62.0,275,11,0,Medium Value,43776.0,No Response,55-64,Web,2,Two or More Children,0.5454545454545454,54.54545454545454,0.625,0-30 Days,Responder
1618,1965,Graduation,Together,0,0,2013-01-02,9,577,0,64,0,0,51,2,10,1,8,8,1,0,0,0,0,1,0,Germany,56046.0,49.0,692,19,1,Medium Value,56046.0,Low Engagement,45-54,Web,0,No Children,0.10526315789473684,10.526315789473683,1.25,0-30 Days,Responder
25,1958,Graduation,Married,0,1,2012-11-16,9,460,35,422,33,12,153,2,6,6,7,4,0,0,0,0,0,0,0,Canada,65148.0,56.0,1115,19,0,High Value,65148.0,No Response,55-64,Store,1,One Child,0.10526315789473684,10.526315789473683,1.5,0-30 Days,Non-Responder
3277,1955,Graduation,Divorced,0,1,2012-08-03,9,219,3,100,26,0,17,2,7,1,5,8,0,0,0,0,0,0,0,Spain,49431.0,59.0,365,13,0,Medium Value,49431.0,No Response,55-64,Web,1,One Child,0.15384615384615385,15.384615384615385,0.875,0-30 Days,Non-Responder
8566,1961,PhD,Together,1,1,2014-06-15,10,5,0,3,0,0,1,1,1,0,2,7,0,0,0,0,0,0,0,Spain,32583.0,53.0,9,3,0,Low Value,32583.0,No Response,45-54,Store,2,Two or More Children,0.3333333333333333,33.33333333333333,0.14285714285714285,0-30 Days,Non-Responder
2634,1979,Master,Single,1,0,2014-04-18,10,5,7,31,15,4,7,3,2,1,3,6,0,0,0,0,0,1,0,Spain,16653.0,35.0,69,6,0,Low Value,16653.0,No Response,35-44,Store,1,One Child,0.5,50.0,0.3333333333333333,0-30 Days,Responder
8036,1971,2n Cycle,Together,1,1,2014-04-18,10,31,1,13,7,2,9,4,2,1,4,4,0,0,0,0,0,0,0,Spain,26850.0,43.0,63,7,0,Low Value,26850.0,No Response,35-44,Store,2,Two or More Children,0.5714285714285714,57.14285714285714,0.5,0-30 Days,Non-Responder
8159,1968,Graduation,Married,1,1,2014-04-01,10,117,0,22,13,0,30,3,4,1,3,7,0,0,0,0,0,0,0,Spain,51287.0,46.0,182,8,0,Medium Value,51287.0,No Response,45-54,Web,2,Two or More Children,0.375,37.5,0.5714285714285714,0-30 Days,Non-Responder
7628,1973,2n Cycle,Married,1,0,2014-03-18,10,30,5,24,6,3,8,2,2,0,4,5,0,0,0,0,0,0,0,Spain,43050.0,41.0,76,6,0,Low Value,43050.0,No Response,35-44,Store,1,One Child,0.3333333333333333,33.33333333333333,0.4,0-30 Days,Non-Responder
9597,1969,Graduation,Married,0,0,2014-02-10,10,236,106,189,23,41,130,1,7,2,9,4,0,0,0,0,0,0,0,Canada,73448.0,45.0,725,18,0,Medium Value,73448.0,No Response,45-54,Store,0,No Children,0.05555555555555555,5.555555555555555,1.75,0-30 Days,Non-Responder
1384,1992,Basic,Married,1,0,2013-11-23,10,6,4,14,8,8,22,2,2,1,2,8,1,0,0,0,0,0,0,USA,17256.0,22.0,62,5,1,Low Value,17256.0,Low Engagement,Under 25,Web,1,One Child,0.4,40.0,0.25,0-30 Days,Non-Responder
10150,1961,Graduation,Single,0,0,2013-11-21,10,464,28,873,29,18,37,0,7,4,7,2,0,0,0,1,0,1,0,Saudi Arabia,86429.0,53.0,1449,18,1,High Value,86429.0,Low Engagement,45-54,Web,0,No Children,0.0,0.0,3.5,0-30 Days,Responder
3885,1983,PhD,Married,1,0,2013-10-16,10,16,2,18,3,0,24,1,1,1,2,8,1,0,0,0,0,1,0,Spain,33569.0,31.0,63,4,1,Low Value,33569.0,Low Engagement,25-34,Store,1,One Child,0.25,25.0,0.125,0-30 Days,Responder
11003,1980,2n Cycle,Together,1,0,2013-10-02,10,2,5,7,0,18,18,2,2,0,3,7,0,0,0,0,0,0,0,Canada,25130.0,34.0,50,5,0,Low Value,25130.0,No Response,25-34,Store,1,One Child,0.4,40.0,0.2857142857142857,0-30 Days,Non-Responder
8026,1952,Graduation,Married,0,1,2013-09-30,10,120,58,73,65,89,58,5,5,4,5,5,0,0,0,0,0,0,0,Canada,62998.0,62.0,463,14,0,Medium Value,62998.0,No Response,55-64,Web,1,One Child,0.35714285714285715,35.714285714285715,1.0,0-30 Days,Non-Responder
577,1976,2n Cycle,Together,1,1,2013-08-20,10,9,1,7,0,3,2,2,1,0,3,7,0,0,0,0,0,0,0,Spain,26907.0,38.0,22,4,0,Low Value,26907.0,No Response,35-44,Store,2,Two or More Children,0.5,50.0,0.14285714285714285,0-30 Days,Non-Responder
8702,1976,2n Cycle,Together,1,1,2013-08-20,10,9,1,7,0,3,2,2,1,0,3,7,0,0,0,0,0,0,0,Australia,26907.0,38.0,22,4,0,Low Value,26907.0,No Response,35-44,Store,2,Two or More Children,0.5,50.0,0.14285714285714285,0-30 Days,Non-Responder
5429,1948,PhD,Married,0,1,2013-08-20,10,145,1,33,2,1,1,1,4,1,4,6,0,0,0,0,0,0,0,Spain,45579.0,66.0,183,9,0,Medium Value,45579.0,No Response,65+,Web,1,One Child,0.1111111111111111,11.11111111111111,0.6666666666666666,0-30 Days,Non-Responder
977,1957,Graduation,Together,0,1,2013-08-01,10,200,19,111,50,15,19,6,5,1,8,6,0,0,0,0,0,0,0,Canada,47320.0,57.0,414,14,0,Medium Value,47320.0,No Response,55-64,Store,1,One Child,0.42857142857142855,42.857142857142854,0.8333333333333334,0-30 Days,Non-Responder
2793,1976,PhD,Divorced,0,1,2013-07-21,10,532,88,168,69,44,133,3,7,3,13,5,0,0,0,0,0,0,0,Saudi Arabia,70179.0,38.0,1034,23,0,High Value,70179.0,No Response,35-44,Store,1,One Child,0.13043478260869565,13.043478260869565,1.4,0-30 Days,Non-Responder
1071,1976,PhD,Divorced,0,1,2013-07-21,10,532,88,168,69,44,133,3,7,3,13,5,0,0,0,0,0,0,0,USA,70179.0,38.0,1034,23,0,High Value,70179.0,No Response,35-44,Store,1,One Child,0.13043478260869565,13.043478260869565,1.4,0-30 Days,Non-Responder
5074,1986,Master,Married,1,0,2013-07-08,10,30,0,10,2,0,5,1,1,0,3,7,0,0,0,0,0,0,0,Canada,28072.0,28.0,47,4,0,Low Value,28072.0,No Response,25-34,Store,1,One Child,0.25,25.0,0.14285714285714285,0-30 Days,Non-Responder
2632,1954,Graduation,Married,1,1,2013-06-18,10,297,0,38,13,0,152,7,5,4,4,6,1,0,0,0,0,1,0,India,50501.0,60.0,500,13,1,Medium Value,50501.0,Low Engagement,55-64,Web,2,Two or More Children,0.5384615384615384,53.84615384615385,0.8333333333333334,0-30 Days,Responder
6404,1969,Graduation,Together,1,2,2013-03-24,10,151,7,89,0,7,28,5,4,1,6,5,0,0,0,0,0,0,0,Saudi Arabia,58917.0,45.0,282,11,0,Medium Value,58917.0,No Response,45-54,Store,3,Two or More Children,0.45454545454545453,45.45454545454545,0.8,0-30 Days,Non-Responder
10240,1949,Graduation,Together,0,0,2013-02-19,10,997,26,269,34,13,42,1,10,4,6,4,0,1,1,0,0,1,0,Canada,69372.0,65.0,1381,20,2,High Value,69372.0,Medium Engagement,65+,Web,0,No Children,0.05,5.0,2.5,0-30 Days,Responder
2521,1971,Master,Married,1,0,2013-01-10,10,23,1,13,2,2,18,1,1,1,2,7,1,0,0,0,0,1,0,Spain,35178.0,43.0,59,4,1,Low Value,35178.0,Low Engagement,35-44,Store,1,One Child,0.25,25.0,0.14285714285714285,0-30 Days,Responder
4301,1971,Master,Married,1,0,2013-01-10,10,23,1,13,2,2,18,1,1,1,2,7,1,0,0,0,0,1,0,Australia,35178.0,43.0,59,4,1,Low Value,35178.0,Low Engagement,35-44,Store,1,One Child,0.25,25.0,0.14285714285714285,0-30 Days,Responder
7381,1968,Graduation,Divorced,0,0,2012-12-06,10,797,153,293,72,97,30,1,11,4,6,4,0,1,1,1,0,1,0,Spain,75693.0,46.0,1442,21,3,High Value,75693.0,High Engagement,45-54,Web,0,No Children,0.047619047619047616,4.761904761904762,2.75,0-30 Days,Responder
2407,1982,Graduation,Married,0,0,2012-11-09,10,823,25,459,124,29,95,1,6,6,7,4,0,0,1,0,0,1,0,USA,69109.0,32.0,1555,19,1,High Value,69109.0,Low Engagement,25-34,Store,0,No Children,0.05263157894736842,5.263157894736842,1.5,0-30 Days,Responder
9064,1982,Graduation,Married,0,0,2012-11-09,10,823,25,459,124,29,95,1,6,6,7,4,0,0,1,0,0,1,0,Spain,69109.0,32.0,1555,19,1,High Value,69109.0,Low Engagement,25-34,Store,0,No Children,0.05263157894736842,5.263157894736842,1.5,0-30 Days,Responder
5067,1994,Graduation,Together,0,0,2014-02-14,11,966,26,282,52,26,26,1,2,7,11,5,0,1,1,1,1,0,0,Spain,80134.0,20.0,1378,20,4,High Value,80134.0,High Engagement,Under 25,Store,0,No Children,0.05,5.0,0.4,0-30 Days,Non-Responder
10281,1970,Graduation,Divorced,1,0,2014-02-07,11,180,60,241,13,54,54,2,5,5,7,4,0,0,0,0,0,1,0,Australia,64713.0,44.0,602,17,0,Medium Value,64713.0,No Response,35-44,Store,1,One Child,0.11764705882352941,11.76470588235294,1.25,0-30 Days,Responder
11191,1986,Graduation,Divorced,0,0,2013-12-07,11,37,32,38,11,3,18,1,2,1,4,6,0,0,0,0,0,0,0,Spain,41411.0,28.0,139,7,0,Medium Value,41411.0,No Response,25-34,Store,0,No Children,0.14285714285714285,14.285714285714285,0.3333333333333333,0-30 Days,Non-Responder
1994,1983,Graduation,Married,1,0,2013-11-15,11,5,5,6,0,2,1,1,1,0,2,7,0,0,0,0,0,0,0,USA,51381.5,31.0,19,3,0,Low Value,51381.5,No Response,25-34,Store,1,One Child,0.3333333333333333,33.33333333333333,0.14285714285714285,0-30 Days,Non-Responder
2552,1955,PhD,Single,1,2,2013-10-22,11,416,0,26,0,0,4,9,6,3,6,7,0,1,0,0,0,1,0,Spain,55521.0,59.0,446,15,1,Medium Value,55521.0,Low Engagement,55-64,Web,3,Two or More Children,0.6,60.0,0.8571428571428571,0-30 Days,Responder
6720,1968,Master,Together,0,1,2013-10-16,11,314,11,53,4,3,107,3,7,3,4,7,0,1,0,0,0,1,0,Spain,43795.0,46.0,492,14,1,Medium Value,43795.0,Low Engagement,45-54,Web,1,One Child,0.21428571428571427,21.428571428571427,1.0,0-30 Days,Responder
4557,1970,Graduation,Together,1,0,2013-10-04,11,10,7,19,8,2,21,2,2,2,2,6,0,0,0,0,0,0,0,Saudi Arabia,22070.0,44.0,67,6,0,Low Value,22070.0,No Response,35-44,Web,1,One Child,0.3333333333333333,33.33333333333333,0.3333333333333333,0-30 Days,Non-Responder
1183,1949,Master,Married,1,1,2013-09-21,11,9,1,4,3,2,3,1,1,0,2,6,0,0,0,0,0,0,0,Germany,36408.0,65.0,22,3,0,Low Value,36408.0,No Response,65+,Store,2,Two or More Children,0.3333333333333333,33.33333333333333,0.16666666666666666,0-30 Days,Non-Responder
4186,1950,Graduation,Together,1,1,2013-08-05,11,18,6,15,12,8,17,3,2,1,3,5,0,0,0,0,0,0,0,Canada,34026.0,64.0,76,6,0,Low Value,34026.0,No Response,55-64,Store,2,Two or More Children,0.5,50.0,0.4,0-30 Days,Non-Responder
1419,1950,Graduation,Together,1,1,2013-08-05,11,18,6,15,12,8,17,3,2,1,3,5,0,0,0,0,0,0,0,Spain,34026.0,64.0,76,6,0,Low Value,34026.0,No Response,55-64,Store,2,Two or More Children,0.5,50.0,0.4,0-30 Days,Non-Responder
967,1976,Graduation,Married,1,1,2013-07-21,11,342,9,112,19,14,19,10,5,2,9,7,0,0,0,0,0,1,0,Spain,46049.0,38.0,515,16,0,Medium Value,46049.0,No Response,35-44,Store,2,Two or More Children,0.625,62.5,0.7142857142857143,0-30 Days,Responder
1048,1972,Master,Married,1,0,2013-07-14,11,63,3,67,8,9,28,2,3,1,4,7,0,0,0,0,0,1,0,Saudi Arabia,35641.0,42.0,178,8,0,Medium Value,35641.0,No Response,35-44,Store,1,One Child,0.25,25.0,0.42857142857142855,0-30 Days,Responder
9262,1984,2n Cycle,Together,0,0,2013-07-04,11,20,6,5,0,9,12,1,1,0,3,7,1,0,0,0,0,0,0,Saudi Arabia,32414.0,30.0,52,4,1,Low Value,32414.0,Low Engagement,25-34,Store,0,No Children,0.25,25.0,0.14285714285714285,0-30 Days,Non-Responder
3427,1955,PhD,Married,0,1,2013-04-12,11,629,0,70,0,0,35,6,11,2,7,8,0,0,0,0,0,0,0,Saudi Arabia,59821.0,59.0,734,20,0,Medium Value,59821.0,No Response,55-64,Web,1,One Child,0.3,30.0,1.375,0-30 Days,Non-Responder
5892,1980,Graduation,Married,1,0,2013-04-10,11,158,6,45,8,2,2,7,3,2,5,7,0,0,0,0,0,0,0,Saudi Arabia,34968.0,34.0,221,10,0,Medium Value,34968.0,No Response,25-34,Store,1,One Child,0.7,70.0,0.42857142857142855,0-30 Days,Non-Responder
8911,1967,PhD,Married,0,1,2013-04-08,11,201,53,172,116,77,83,3,5,4,9,4,0,0,0,0,0,0,0,Spain,56320.0,47.0,702,18,0,Medium Value,56320.0,No Response,45-54,Store,1,One Child,0.16666666666666666,16.666666666666664,1.25,0-30 Days,Non-Responder
6606,1969,Master,Married,1,0,2013-03-31,11,964,34,137,15,0,11,2,5,2,10,8,0,1,0,0,0,0,0,Spain,70091.0,45.0,1161,17,1,High Value,70091.0,Low Engagement,45-54,Store,1,One Child,0.11764705882352941,11.76470588235294,0.625,0-30 Days,Non-Responder
2677,1956,Graduation,Together,0,1,2013-03-31,11,72,24,68,65,4,8,5,3,1,6,4,0,0,0,0,0,0,0,Saudi Arabia,46097.0,58.0,241,10,0,Medium Value,46097.0,No Response,55-64,Store,1,One Child,0.5,50.0,0.75,0-30 Days,Non-Responder
252,1963,PhD,Divorced,0,0,2013-03-17,11,123,133,142,71,44,88,1,6,2,8,6,0,0,0,0,0,0,0,Saudi Arabia,41003.0,51.0,601,16,0,Medium Value,41003.0,No Response,45-54,Store,0,No Children,0.0625,6.25,1.0,0-30 Days,Non-Responder
9860,1959,Graduation,Together,0,1,2013-03-15,11,159,0,22,2,1,31,3,4,1,4,7,0,0,0,0,0,0,0,Spain,44911.0,55.0,215,9,0,Medium Value,44911.0,No Response,55-64,Web,1,One Child,0.3333333333333333,33.33333333333333,0.5714285714285714,0-30 Days,Non-Responder
1388,1975,Graduation,Single,1,0,2013-02-20,11,6,10,21,19,14,42,2,2,1,3,6,0,0,0,0,0,0,0,Australia,33249.0,39.0,112,6,0,Low Value,33249.0,No Response,35-44,Store,1,One Child,0.3333333333333333,33.33333333333333,0.3333333333333333,0-30 Days,Non-Responder
979,1975,Graduation,Single,1,0,2013-02-20,11,6,10,21,19,14,42,2,2,1,3,6,0,0,0,0,0,0,0,Spain,33249.0,39.0,112,6,0,Low Value,33249.0,No Response,35-44,Store,1,One Child,0.3333333333333333,33.33333333333333,0.3333333333333333,0-30 Days,Non-Responder
7494,1950,PhD,Divorced,1,1,2013-01-21,11,209,0,40,3,2,15,4,6,1,4,8,0,0,0,0,0,0,0,Canada,42873.0,64.0,269,11,0,Medium Value,42873.0,No Response,55-64,Web,2,Two or More Children,0.36363636363636365,36.36363636363637,0.75,0-30 Days,Non-Responder
10490,1969,PhD,Married,1,1,2012-12-10,11,100,64,79,65,0,109,2,6,2,4,7,0,0,0,0,0,0,0,Australia,51039.0,45.0,417,12,0,Medium Value,51039.0,No Response,45-54,Web,2,Two or More Children,0.16666666666666666,16.666666666666664,0.8571428571428571,0-30 Days,Non-Responder
3403,1958,PhD,Together,0,1,2012-09-24,11,1170,19,594,99,76,134,2,2,5,12,6,0,0,0,0,0,0,0,Spain,78952.0,56.0,2092,19,0,High Value,78952.0,No Response,55-64,Store,1,One Child,0.10526315789473684,10.526315789473683,0.3333333333333333,0-30 Days,Non-Responder
2715,1966,Master,Divorced,1,1,2012-08-06,11,70,3,37,4,2,64,4,3,2,2,9,0,0,0,0,0,1,0,Canada,29435.0,48.0,180,7,0,Medium Value,29435.0,No Response,45-54,Web,2,Two or More Children,0.5714285714285714,57.14285714285714,0.3333333333333333,0-30 Days,Responder
4828,1954,Graduation,Divorced,0,1,2014-06-18,12,71,99,278,185,121,38,1,5,10,5,1,0,0,0,0,0,0,0,Saudi Arabia,79865.0,60.0,792,20,0,Medium Value,79865.0,No Response,55-64,Catalog,1,One Child,0.05,5.0,5.0,0-30 Days,Non-Responder
92,1988,Graduation,Alone,1,0,2014-05-12,12,5,7,24,19,14,20,4,3,0,4,6,0,0,0,0,0,0,0,Canada,34176.0,26.0,89,7,0,Low Value,34176.0,No Response,25-34,Store,1,One Child,0.5714285714285714,57.14285714285714,0.5,0-30 Days,Non-Responder
3312,1988,Graduation,Single,1,0,2014-05-12,12,5,7,24,19,14,20,4,3,0,4,6,0,0,0,0,0,0,0,India,34176.0,26.0,89,7,0,Low Value,34176.0,No Response,25-34,Store,1,One Child,0.5714285714285714,57.14285714285714,0.5,0-30 Days,Non-Responder
11176,1970,PhD,Together,0,1,2014-05-12,12,376,9,83,19,4,4,2,5,4,7,3,0,0,0,0,0,0,0,Canada,65968.0,44.0,495,16,0,Medium Value,65968.0,No Response,35-44,Store,1,One Child,0.125,12.5,1.6666666666666667,0-30 Days,Non-Responder
1446,1956,Master,Single,0,0,2014-04-05,12,387,68,569,89,45,68,1,6,9,12,1,0,0,0,0,0,0,0,Saudi Arabia,86424.0,58.0,1226,27,0,High Value,86424.0,No Response,55-64,Store,0,No Children,0.037037037037037035,3.7037037037037033,6.0,0-30 Days,Non-Responder
9699,1966,Graduation,Divorced,0,1,2013-12-21,12,357,35,271,28,28,14,3,6,2,12,5,0,0,0,0,0,0,0,Spain,67272.0,48.0,733,20,0,Medium Value,67272.0,No Response,45-54,Store,1,One Child,0.15,15.0,1.2,0-30 Days,Non-Responder
9790,1957,Graduation,Single,0,0,2013-11-23,12,912,72,170,47,36,97,1,11,3,4,4,0,0,1,0,0,1,0,Canada,78499.0,57.0,1334,18,1,High Value,78499.0,Low Engagement,55-64,Web,0,No Children,0.05555555555555555,5.555555555555555,2.75,0-30 Days,Responder
2324,1972,Graduation,Together,0,1,2013-10-27,12,625,38,242,50,34,76,2,7,11,11,4,1,0,0,0,0,0,0,Spain,77044.0,42.0,1065,29,1,High Value,77044.0,Low Engagement,35-44,Catalog,1,One Child,0.06896551724137931,6.896551724137931,1.75,0-30 Days,Non-Responder
5080,1993,Graduation,Single,0,0,2013-10-21,12,420,0,452,182,64,140,1,6,6,4,2,0,0,0,0,0,1,0,Mexico,70515.0,21.0,1258,16,0,High Value,70515.0,No Response,Under 25,Web,0,No Children,0.0625,6.25,3.0,0-30 Days,Responder
4992,1975,Master,Together,1,0,2013-09-19,12,6,4,16,3,10,30,3,3,1,2,7,0,0,0,0,0,1,0,Spain,17459.0,39.0,69,6,0,Low Value,17459.0,No Response,35-44,Web,1,One Child,0.5,50.0,0.42857142857142855,0-30 Days,Responder
7849,1970,PhD,Married,0,0,2013-09-09,12,209,19,456,160,142,66,1,2,9,13,1,0,0,0,0,0,0,0,Spain,80336.0,44.0,1052,24,0,High Value,80336.0,No Response,35-44,Store,0,No Children,0.041666666666666664,4.166666666666666,2.0,0-30 Days,Non-Responder
4808,1956,Graduation,Married,0,0,2013-09-05,12,1,2,5,6,0,3,1,1,0,2,7,0,0,0,0,0,0,0,Spain,15759.0,58.0,17,3,0,Low Value,15759.0,No Response,55-64,Store,0,No Children,0.3333333333333333,33.33333333333333,0.14285714285714285,0-30 Days,Non-Responder
10401,1976,2n Cycle,Together,0,0,2013-09-04,12,1,0,5,0,3,9,1,0,0,3,3,0,0,0,0,0,0,1,Germany,26326.0,38.0,18,3,0,Low Value,26326.0,No Response,35-44,Store,0,No Children,0.3333333333333333,33.33333333333333,0.0,0-30 Days,Non-Responder
7793,1976,Graduation,Together,0,1,2013-08-31,12,641,7,84,0,30,38,3,10,4,7,6,0,1,0,0,0,0,0,Spain,62061.0,38.0,800,21,1,Medium Value,62061.0,Low Engagement,35-44,Web,1,One Child,0.14285714285714285,14.285714285714285,1.6666666666666667,0-30 Days,Non-Responder
9303,1976,Graduation,Married,0,1,2013-07-30,12,12,4,7,1,3,5,0,1,0,0,13,0,0,0,0,0,0,0,India,5305.0,38.0,32,1,0,Low Value,5305.0,No Response,35-44,Web,1,One Child,0.0,0.0,0.07692307692307693,0-30 Days,Non-Responder
6853,1982,Master,Single,0,0,2013-07-04,12,712,26,538,69,13,80,1,3,6,11,1,0,1,1,0,0,1,0,Australia,75777.0,32.0,1438,20,2,High Value,75777.0,Medium Engagement,25-34,Store,0,No Children,0.05,5.0,3.0,0-30 Days,Responder
7366,1982,Master,Single,0,0,2013-07-04,12,712,26,538,69,13,80,1,3,6,11,1,0,1,1,0,0,1,0,India,75777.0,32.0,1438,20,2,High Value,75777.0,Medium Engagement,25-34,Store,0,No Children,0.05,5.0,3.0,0-30 Days,Responder
9780,1971,Master,Together,0,1,2013-06-25,12,465,25,132,136,0,37,2,8,3,13,4,0,0,0,0,0,0,0,Spain,71499.0,43.0,795,24,0,Medium Value,71499.0,No Response,35-44,Store,1,One Child,0.08333333333333333,8.333333333333332,2.0,0-30 Days,Non-Responder
7573,1978,PhD,Single,1,0,2013-05-10,12,39,1,9,2,1,34,1,2,1,2,7,1,0,0,0,0,1,0,Germany,31626.0,36.0,86,5,1,Low Value,31626.0,Low Engagement,35-44,Web,1,One Child,0.2,20.0,0.2857142857142857,0-30 Days,Responder
1379,1992,Master,Together,0,0,2013-04-27,12,154,2,46,20,4,15,1,4,2,4,4,0,0,0,0,0,0,0,Saudi Arabia,42670.0,22.0,241,10,0,Medium Value,42670.0,No Response,Under 25,Web,0,No Children,0.1,10.0,1.0,0-30 Days,Non-Responder
8923,1973,Graduation,Single,0,0,2013-04-18,12,514,22,732,42,198,79,1,6,7,7,3,0,0,0,0,0,1,0,Spain,83917.0,41.0,1587,20,0,High Value,83917.0,No Response,35-44,Catalog,0,No Children,0.05,5.0,2.0,0-30 Days,Responder
3547,1969,Master,Together,1,0,2012-12-30,12,14,7,9,6,16,12,2,2,0,3,6,0,0,0,0,0,1,0,Saudi Arabia,41021.0,45.0,64,5,0,Low Value,41021.0,No Response,45-54,Store,1,One Child,0.4,40.0,0.3333333333333333,0-30 Days,Responder
8707,1956,Graduation,Married,0,0,2012-08-22,12,565,42,548,64,83,99,1,5,6,4,3,0,0,0,0,0,1,0,Spain,79456.0,58.0,1401,15,0,High Value,79456.0,No Response,55-64,Catalog,0,No Children,0.06666666666666667,6.666666666666667,1.6666666666666667,0-30 Days,Responder
1891,1980,Master,Divorced,0,0,2012-08-08,12,667,50,850,21,83,83,1,4,6,5,2,0,0,0,0,0,1,0,Spain,78789.0,34.0,1754,15,0,High Value,78789.0,No Response,25-34,Catalog,0,No Children,0.06666666666666667,6.666666666666667,2.0,0-30 Days,Responder
6271,1952,PhD,Married,0,1,2014-06-19,13,53,0,8,0,0,2,1,2,0,3,5,0,0,0,0,0,0,0,Spain,50870.0,62.0,63,5,0,Low Value,50870.0,No Response,55-64,Store,1,One Child,0.2,20.0,0.4,0-30 Days,Non-Responder
9635,1983,Master,Married,0,0,2014-04-20,13,66,2,40,4,3,14,1,3,1,3,6,0,0,0,0,0,0,0,Spain,35876.0,31.0,129,7,0,Medium Value,35876.0,No Response,25-34,Web,0,No Children,0.14285714285714285,14.285714285714285,0.5,0-30 Days,Non-Responder
9727,1957,Graduation,Married,0,0,2014-02-28,13,4,24,11,16,1,25,1,2,0,4,6,0,0,0,0,0,0,0,Canada,23539.0,57.0,81,6,0,Low Value,23539.0,No Response,55-64,Store,0,No Children,0.16666666666666666,16.666666666666664,0.3333333333333333,0-30 Days,Non-Responder
6205,1967,Master,Single,1,0,2014-02-24,13,34,3,29,0,4,10,3,2,1,3,5,0,0,0,0,0,1,0,Canada,32557.0,47.0,80,6,0,Low Value,32557.0,No Response,45-54,Store,1,One Child,0.5,50.0,0.4,0-30 Days,Responder
10681,1970,2n Cycle,Married,0,1,2014-01-15,13,129,129,259,168,121,83,5,6,3,12,4,0,0,0,0,0,0,0,Spain,62466.0,44.0,889,21,0,High Value,62466.0,No Response,35-44,Store,1,One Child,0.23809523809523808,23.809523809523807,1.5,0-30 Days,Non-Responder
5156,1970,2n Cycle,Married,0,1,2014-01-15,13,129,129,259,168,121,83,5,6,3,12,4,0,0,0,0,0,0,0,Spain,62466.0,44.0,889,21,0,High Value,62466.0,No Response,35-44,Store,1,One Child,0.23809523809523808,23.809523809523807,1.5,0-30 Days,Non-Responder
3050,1966,Graduation,Married,1,1,2013-12-17,13,185,0,28,3,2,17,6,3,1,6,4,0,0,0,0,0,0,0,Spain,54198.0,48.0,235,10,0,Medium Value,54198.0,No Response,45-54,Store,2,Two or More Children,0.6,60.0,0.75,0-30 Days,Non-Responder
8164,1978,PhD,Married,0,0,2013-11-25,13,1023,93,651,49,55,37,1,5,6,7,2,0,0,0,0,0,0,0,Saudi Arabia,82170.0,36.0,1908,18,0,High Value,82170.0,No Response,35-44,Store,0,No Children,0.05555555555555555,5.555555555555555,2.5,0-30 Days,Non-Responder
5626,1964,PhD,Single,0,0,2013-11-23,13,338,4,89,11,8,13,1,4,2,9,4,0,0,0,0,0,0,0,Spain,61798.0,50.0,463,15,0,Medium Value,61798.0,No Response,45-54,Store,0,No Children,0.06666666666666667,6.666666666666667,1.0,0-30 Days,Non-Responder
7600,1992,Basic,Single,1,0,2013-10-28,13,1,3,3,8,1,13,2,1,0,3,7,0,0,0,0,0,0,0,Canada,15253.0,22.0,29,4,0,Low Value,15253.0,No Response,Under 25,Store,1,One Child,0.5,50.0,0.14285714285714285,0-30 Days,Non-Responder
6406,1988,Master,Married,0,0,2013-10-28,13,647,107,391,175,67,40,1,6,4,10,3,0,0,0,0,0,0,0,Germany,78285.0,26.0,1427,20,0,High Value,78285.0,No Response,25-34,Store,0,No Children,0.05,5.0,2.0,0-30 Days,Non-Responder
7002,1955,Graduation,Single,0,1,2013-10-03,13,163,48,90,0,45,52,1,3,2,8,3,0,0,0,0,0,0,0,Spain,62535.0,59.0,398,13,0,Medium Value,62535.0,No Response,55-64,Store,1,One Child,0.07692307692307693,7.6923076923076925,1.0,0-30 Days,Non-Responder
8234,1973,Basic,Together,1,0,2013-08-15,13,1,6,7,0,1,3,1,1,0,2,8,1,0,0,0,0,1,0,Spain,27190.0,41.0,18,3,1,Low Value,27190.0,Low Engagement,35-44,Store,1,One Child,0.3333333333333333,33.33333333333333,0.125,0-30 Days,Responder
6116,1968,2n Cycle,Married,0,1,2013-07-05,13,19,13,18,10,7,8,1,1,1,3,3,0,0,0,0,0,0,0,Spain,48985.0,46.0,75,5,0,Low Value,48985.0,No Response,45-54,Store,1,One Child,0.2,20.0,0.3333333333333333,0-30 Days,Non-Responder
291,1970,Graduation,Married,0,0,2013-06-19,13,182,74,298,162,149,116,1,3,3,6,1,0,0,0,0,0,0,0,Saudi Arabia,72940.0,44.0,981,12,0,High Value,72940.0,No Response,35-44,Store,0,No Children,0.08333333333333333,8.333333333333332,3.0,0-30 Days,Non-Responder
8779,1985,2n Cycle,Married,1,0,2013-06-16,13,56,4,76,17,1,18,4,4,1,3,9,1,0,0,0,0,1,0,USA,36145.0,29.0,172,8,1,Medium Value,36145.0,Low Engagement,25-34,Web,1,One Child,0.5,50.0,0.4444444444444444,0-30 Days,Responder
4931,1977,Graduation,Together,0,0,2013-04-29,13,1,0,1725,2,1,1,0,0,28,0,1,0,0,0,0,0,0,0,Saudi Arabia,157146.0,37.0,1730,28,0,High Value,157146.0,No Response,35-44,Catalog,0,No Children,0.0,0.0,0.0,0-30 Days,Non-Responder
1650,1960,Master,Married,0,0,2013-04-22,13,779,86,537,34,69,138,1,5,9,12,3,0,0,0,0,0,0,0,Spain,81843.0,54.0,1643,26,0,High Value,81843.0,No Response,45-54,Store,0,No Children,0.038461538461538464,3.8461538461538463,1.6666666666666667,0-30 Days,Non-Responder
9701,1988,Graduation,Together,1,0,2013-03-19,13,32,34,41,73,16,116,3,4,2,3,7,0,0,0,0,0,0,0,Canada,41883.0,26.0,312,9,0,Medium Value,41883.0,No Response,25-34,Web,1,One Child,0.3333333333333333,33.33333333333333,0.5714285714285714,0-30 Days,Non-Responder
6431,1964,PhD,Married,1,1,2013-02-23,13,42,1,18,3,0,4,2,2,0,3,7,0,0,0,0,0,0,0,India,45759.0,50.0,68,5,0,Low Value,45759.0,No Response,45-54,Store,2,Two or More Children,0.4,40.0,0.2857142857142857,0-30 Days,Non-Responder
10789,1964,PhD,Married,1,1,2013-02-23,13,42,1,18,3,0,4,2,2,0,3,7,0,0,0,0,0,0,0,Spain,45759.0,50.0,68,5,0,Low Value,45759.0,No Response,45-54,Store,2,Two or More Children,0.4,40.0,0.2857142857142857,0-30 Days,Non-Responder
5302,1986,Graduation,Together,0,0,2013-02-15,13,298,27,697,216,24,166,1,4,6,5,2,0,0,0,0,0,1,0,Spain,78394.0,28.0,1428,15,0,High Value,78394.0,No Response,25-34,Catalog,0,No Children,0.06666666666666667,6.666666666666667,2.0,0-30 Days,Responder
4459,1989,Graduation,Single,1,0,2012-12-30,13,10,4,14,4,4,1,1,1,0,3,8,0,0,0,0,0,0,0,Spain,30279.0,25.0,37,4,0,Low Value,30279.0,No Response,25-34,Store,1,One Child,0.25,25.0,0.125,0-30 Days,Non-Responder
10642,1989,Graduation,Single,1,0,2012-12-30,13,10,4,14,4,4,1,1,1,0,3,8,0,0,0,0,0,0,0,Spain,30279.0,25.0,37,4,0,Low Value,30279.0,No Response,25-34,Store,1,One Child,0.25,25.0,0.125,0-30 Days,Non-Responder
9213,1970,Graduation,Widow,1,0,2012-10-31,13,4,1,5,2,0,3,1,1,0,2,8,0,0,0,0,0,0,0,Spain,31880.0,44.0,15,3,0,Low Value,31880.0,No Response,35-44,Store,1,One Child,0.3333333333333333,33.33333333333333,0.125,0-30 Days,Non-Responder
3678,1973,Graduation,Widow,1,1,2012-10-07,13,488,23,71,15,0,59,11,8,3,7,7,0,1,0,0,0,1,0,Spain,60208.0,41.0,656,18,1,Medium Value,60208.0,Low Engagement,35-44,Web,2,Two or More Children,0.6111111111111112,61.111111111111114,1.1428571428571428,0-30 Days,Responder
3698,1983,Graduation,Together,0,0,2012-08-09,13,817,185,687,145,55,241,1,4,6,8,2,0,0,1,0,0,1,0,Spain,78687.0,31.0,2130,18,1,High Value,78687.0,Low Engagement,25-34,Store,0,No Children,0.05555555555555555,5.555555555555555,2.0,0-30 Days,Responder
5929,1973,PhD,Married,1,0,2014-05-06,14,19,3,19,3,1,3,2,2,0,3,7,0,0,0,0,0,0,0,Spain,37401.0,41.0,48,5,0,Low Value,37401.0,No Response,35-44,Store,1,One Child,0.4,40.0,0.2857142857142857,0-30 Days,Non-Responder
10795,1973,PhD,Married,1,0,2014-05-06,14,19,3,19,3,1,3,2,2,0,3,7,0,0,0,0,0,0,0,India,37401.0,41.0,48,5,0,Low Value,37401.0,No Response,35-44,Store,1,One Child,0.4,40.0,0.2857142857142857,0-30 Days,Non-Responder
4390,1954,Graduation,Together,0,1,2014-04-15,14,459,15,171,142,23,31,2,5,4,12,2,0,0,0,0,0,0,0,Saudi Arabia,75315.0,60.0,841,21,0,High Value,75315.0,No Response,55-64,Store,1,One Child,0.09523809523809523,9.523809523809524,2.5,0-30 Days,Non-Responder
9362,1965,Graduation,Single,0,1,2014-03-05,14,492,5,32,13,5,21,1,9,1,7,6,0,1,0,0,0,0,0,Canada,69263.0,49.0,568,17,1,Medium Value,69263.0,Low Engagement,45-54,Web,1,One Child,0.058823529411764705,5.88235294117647,1.5,0-30 Days,Non-Responder
1577,1946,Graduation,Married,0,0,2014-02-19,14,558,79,622,207,175,95,1,4,6,4,1,0,0,1,0,0,1,0,Spain,78569.0,68.0,1736,14,1,High Value,78569.0,Low Engagement,65+,Catalog,0,No Children,0.07142857142857142,7.142857142857142,4.0,0-30 Days,Responder
4609,1966,PhD,Married,0,1,2014-01-11,14,383,0,53,6,4,40,3,8,1,6,6,0,0,0,0,0,0,0,Spain,57705.0,48.0,486,15,0,Medium Value,57705.0,No Response,45-54,Web,1,One Child,0.2,20.0,1.3333333333333333,0-30 Days,Non-Responder
7143,1955,2n Cycle,Together,0,1,2013-11-06,14,209,162,209,41,162,37,5,4,7,10,2,0,0,0,0,0,0,0,Spain,74805.0,59.0,820,21,0,Medium Value,74805.0,No Response,55-64,Store,1,One Child,0.23809523809523808,23.809523809523807,2.0,0-30 Days,Non-Responder
1729,1961,PhD,Together,0,1,2013-10-02,14,1043,24,97,32,24,157,2,3,5,10,6,0,0,0,0,0,0,0,Spain,66426.0,53.0,1377,18,0,High Value,66426.0,No Response,45-54,Store,1,One Child,0.1111111111111111,11.11111111111111,0.5,0-30 Days,Non-Responder
10664,1949,Master,Widow,0,1,2013-09-07,14,400,4,35,6,0,22,2,9,1,5,8,0,0,0,0,0,0,0,Spain,51529.0,65.0,467,15,0,Medium Value,51529.0,No Response,65+,Web,1,One Child,0.13333333333333333,13.333333333333334,1.125,0-30 Days,Non-Responder
5029,1946,Graduation,Married,0,0,2013-08-06,14,3,1,2,4,3,1,1,0,0,3,5,0,0,0,0,0,0,0,Spain,18100.0,68.0,14,3,0,Low Value,18100.0,No Response,65+,Store,0,No Children,0.3333333333333333,33.33333333333333,0.0,0-30 Days,Non-Responder
10507,1977,2n Cycle,Divorced,0,1,2013-07-25,14,691,7,69,0,7,23,4,2,2,7,8,0,1,0,0,0,0,0,USA,59601.0,37.0,797,11,1,Medium Value,59601.0,Low Engagement,35-44,Store,1,One Child,0.36363636363636365,36.36363636363637,0.25,0-30 Days,Non-Responder
3865,1977,2n Cycle,Together,0,0,2013-04-30,14,2,12,10,6,13,30,1,3,1,2,8,0,0,0,0,0,1,0,Canada,20981.0,37.0,73,6,0,Low Value,20981.0,No Response,35-44,Web,0,No Children,0.16666666666666666,16.666666666666664,0.375,0-30 Days,Responder
6982,1976,Graduation,Married,0,0,2013-03-19,14,783,30,537,140,76,15,1,4,10,9,2,0,0,0,0,0,0,0,India,74068.0,38.0,1581,23,0,High Value,74068.0,No Response,35-44,Catalog,0,No Children,0.043478260869565216,4.3478260869565215,2.0,0-30 Days,Non-Responder
7042,1983,Graduation,Married,0,0,2013-03-01,14,3,3,14,15,21,10,1,2,1,2,9,0,0,0,0,0,1,0,Spain,36790.0,31.0,66,5,0,Low Value,36790.0,No Response,25-34,Web,0,No Children,0.2,20.0,0.2222222222222222,0-30 Days,Responder
9668,1971,Graduation,Married,1,0,2013-01-12,14,4,16,20,0,17,20,3,2,0,4,8,0,0,0,0,0,0,0,Saudi Arabia,18793.0,43.0,77,6,0,Low Value,18793.0,No Response,35-44,Store,1,One Child,0.5,50.0,0.25,0-30 Days,Non-Responder
6878,1954,Graduation,Widow,0,0,2012-12-12,14,43,12,96,78,40,55,3,4,1,6,7,0,0,0,0,0,0,0,Spain,27421.0,60.0,324,11,0,Medium Value,27421.0,No Response,55-64,Store,0,No Children,0.2727272727272727,27.27272727272727,0.5714285714285714,0-30 Days,Non-Responder
4099,1972,Graduation,Married,1,0,2012-11-12,14,10,2,16,11,2,21,1,1,0,3,8,0,0,0,0,0,0,0,Spain,30675.0,42.0,62,4,0,Low Value,30675.0,No Response,35-44,Store,1,One Child,0.25,25.0,0.125,0-30 Days,Non-Responder
5031,1974,Graduation,Together,0,0,2012-09-22,14,777,35,731,39,137,114,1,5,9,11,2,0,0,1,0,0,1,0,Spain,83145.0,40.0,1833,25,1,High Value,83145.0,Low Engagement,35-44,Store,0,No Children,0.04,4.0,2.5,0-30 Days,Responder
1970,1968,Master,Together,0,1,2012-09-10,14,63,0,21,7,0,12,1,3,0,3,8,0,0,0,0,0,0,0,Spain,34053.0,46.0,103,6,0,Low Value,34053.0,No Response,45-54,Web,1,One Child,0.16666666666666666,16.666666666666664,0.375,0-30 Days,Non-Responder
5726,1983,Master,Single,1,0,2014-03-20,15,16,7,23,0,8,6,3,3,0,4,5,0,0,0,0,0,0,1,Saudi Arabia,31788.0,31.0,60,7,0,Low Value,31788.0,No Response,25-34,Store,1,One Child,0.42857142857142855,42.857142857142854,0.6,0-30 Days,Non-Responder
5231,1974,2n Cycle,Married,0,2,2014-02-27,15,27,2,7,0,2,13,1,1,0,3,5,0,0,0,0,0,0,0,Spain,45894.0,40.0,51,4,0,Low Value,45894.0,No Response,35-44,Store,2,Two or More Children,0.25,25.0,0.2,0-30 Days,Non-Responder
1307,1978,Graduation,Divorced,0,1,2014-02-09,15,27,5,8,8,3,12,3,3,0,4,4,0,0,0,0,0,0,0,Spain,41986.0,36.0,63,7,0,Low Value,41986.0,No Response,35-44,Store,1,One Child,0.42857142857142855,42.857142857142854,0.75,0-30 Days,Non-Responder
10609,1962,PhD,Married,0,1,2013-10-12,15,71,0,13,3,1,0,2,1,1,4,4,0,0,0,0,0,0,0,Canada,42769.0,52.0,88,6,0,Low Value,42769.0,No Response,45-54,Store,1,One Child,0.3333333333333333,33.33333333333333,0.25,0-30 Days,Non-Responder
5782,1982,2n Cycle,Together,0,1,2013-09-28,15,402,35,106,101,77,42,2,9,2,9,5,0,1,0,0,0,0,0,Spain,58582.0,32.0,763,20,1,Medium Value,58582.0,Low Engagement,25-34,Web,1,One Child,0.1,10.0,1.8,0-30 Days,Non-Responder
7533,1964,Graduation,Married,1,1,2013-09-24,15,144,1,32,2,1,7,4,4,1,4,7,0,0,0,0,0,0,0,Canada,49096.0,50.0,187,9,0,Medium Value,49096.0,No Response,45-54,Web,2,Two or More Children,0.4444444444444444,44.44444444444444,0.5714285714285714,0-30 Days,Non-Responder
9493,1980,PhD,Single,0,0,2013-05-05,15,840,53,804,23,71,17,1,5,4,8,3,0,0,1,1,0,1,0,Canada,76412.0,34.0,1808,17,2,High Value,76412.0,Medium Engagement,25-34,Store,0,No Children,0.058823529411764705,5.88235294117647,1.6666666666666667,0-30 Days,Responder
2253,1990,Graduation,Married,0,0,2013-02-16,15,32,0,8,23,4,18,1,1,0,4,6,0,0,0,0,0,0,0,Spain,18929.0,24.0,85,5,0,Low Value,18929.0,No Response,Under 25,Store,0,No Children,0.2,20.0,0.16666666666666666,0-30 Days,Non-Responder
2326,1990,Graduation,Married,0,0,2013-02-16,15,32,0,8,23,4,18,1,1,0,4,6,0,0,0,0,0,0,0,Spain,18929.0,24.0,85,5,0,Low Value,18929.0,No Response,Under 25,Store,0,No Children,0.2,20.0,0.16666666666666666,0-30 Days,Non-Responder
1876,1990,Graduation,Married,0,0,2013-02-16,15,32,0,8,23,4,18,1,1,0,4,6,0,0,0,0,0,0,0,India,18929.0,24.0,85,5,0,Low Value,18929.0,No Response,Under 25,Store,0,No Children,0.2,20.0,0.16666666666666666,0-30 Days,Non-Responder
7141,1986,Master,Single,1,0,2012-12-29,15,88,10,46,2,3,64,4,5,1,2,10,0,0,0,0,0,1,0,Spain,21888.0,28.0,213,8,0,Medium Value,21888.0,No Response,25-34,Web,1,One Child,0.5,50.0,0.5,0-30 Days,Responder
7393,1978,Graduation,Together,1,1,2012-12-10,15,56,5,24,4,0,3,3,2,1,3,5,0,0,0,0,0,0,0,Spain,41580.0,36.0,92,6,0,Low Value,41580.0,No Response,35-44,Store,2,Two or More Children,0.5,50.0,0.4,0-30 Days,Non-Responder
4713,1979,PhD,Married,1,0,2012-11-22,15,74,0,42,2,1,6,2,2,1,4,7,0,0,0,0,0,0,0,Spain,31605.0,35.0,125,7,0,Medium Value,31605.0,No Response,35-44,Store,1,One Child,0.2857142857142857,28.57142857142857,0.2857142857142857,0-30 Days,Non-Responder
5093,1974,PhD,Divorced,1,0,2012-09-18,15,40,3,30,10,7,11,3,3,0,3,9,0,0,0,0,0,1,0,Spain,25509.0,40.0,101,6,0,Low Value,25509.0,No Response,35-44,Web,1,One Child,0.5,50.0,0.3333333333333333,0-30 Days,Responder
8524,1974,PhD,Divorced,1,0,2012-09-18,15,40,3,30,10,7,11,3,3,0,3,9,0,0,0,0,0,1,0,Spain,25509.0,40.0,101,6,0,Low Value,25509.0,No Response,35-44,Web,1,One Child,0.5,50.0,0.3333333333333333,0-30 Days,Responder
3766,1959,Master,Widow,0,0,2012-08-16,15,100,71,243,108,94,219,3,9,1,8,9,0,0,0,0,0,1,0,Spain,33051.0,55.0,835,18,0,High Value,33051.0,No Response,55-64,Web,0,No Children,0.16666666666666666,16.666666666666664,1.0,0-30 Days,Responder
9725,1966,PhD,Together,1,1,2014-06-05,16,8,0,3,0,0,1,1,1,0,2,8,1,0,0,0,0,0,0,Spain,28764.0,48.0,12,3,1,Low Value,28764.0,Low Engagement,45-54,Store,2,Two or More Children,0.3333333333333333,33.33333333333333,0.125,0-30 Days,Non-Responder
8933,1983,2n Cycle,Married,1,0,2014-05-12,16,26,3,23,4,7,3,2,2,0,4,6,0,0,0,0,0,0,0,Canada,32146.0,31.0,66,6,0,Low Value,32146.0,No Response,25-34,Store,1,One Child,0.3333333333333333,33.33333333333333,0.3333333333333333,0-30 Days,Non-Responder
10779,1983,Graduation,Single,0,0,2014-04-13,16,15,5,14,0,4,11,1,1,0,3,7,0,0,0,0,0,0,0,Spain,22148.0,31.0,49,4,0,Low Value,22148.0,No Response,25-34,Store,0,No Children,0.25,25.0,0.14285714285714285,0-30 Days,Non-Responder
9289,1979,Graduation,Married,1,0,2014-04-10,16,29,1,17,0,3,13,1,2,1,2,8,0,0,0,0,0,1,0,Spain,36781.0,35.0,63,5,0,Low Value,36781.0,No Response,35-44,Web,1,One Child,0.2,20.0,0.25,0-30 Days,Responder
2613,1960,Master,Married,0,1,2014-04-03,16,162,6,37,6,13,13,2,1,3,6,1,0,0,0,0,0,0,0,Spain,54197.0,54.0,237,10,0,Medium Value,54197.0,No Response,45-54,Store,1,One Child,0.2,20.0,1.0,0-30 Days,Non-Responder
10133,1970,Graduation,Single,0,0,2014-02-12,16,1302,68,731,89,114,45,0,6,7,12,2,0,1,1,1,0,1,0,Canada,93790.0,44.0,2349,25,3,High Value,93790.0,High Engagement,35-44,Store,0,No Children,0.0,0.0,3.0,0-30 Days,Responder
8443,1972,Graduation,Single,1,0,2014-02-10,16,6,10,12,3,15,40,3,3,1,2,8,1,0,0,0,0,1,0,Saudi Arabia,24762.0,42.0,86,6,1,Low Value,24762.0,Low Engagement,35-44,Web,1,One Child,0.5,50.0,0.375,0-30 Days,Responder
10796,1984,Master,Married,1,0,2014-01-22,16,47,1,6,0,0,12,1,1,1,3,6,0,0,0,0,0,0,0,India,30477.0,30.0,66,5,0,Low Value,30477.0,No Response,25-34,Store,1,One Child,0.2,20.0,0.16666666666666666,0-30 Days,Non-Responder
10241,1975,2n Cycle,Divorced,0,0,2013-12-15,16,0,0,0,6,2,6,1,1,0,2,6,0,0,0,0,0,0,0,Spain,11448.0,39.0,14,3,0,Low Value,11448.0,No Response,35-44,Store,0,No Children,0.3333333333333333,33.33333333333333,0.16666666666666666,0-30 Days,Non-Responder
3388,1967,Graduation,Divorced,1,1,2013-10-30,16,129,26,67,3,67,2,5,6,1,5,7,0,0,0,0,0,0,0,Germany,70844.0,47.0,294,12,0,Medium Value,70844.0,No Response,45-54,Web,2,Two or More Children,0.4166666666666667,41.66666666666667,0.8571428571428571,0-30 Days,Non-Responder
6507,1980,Graduation,Single,1,0,2013-10-04,16,16,11,15,2,0,12,2,1,1,4,3,0,0,0,0,0,0,0,Australia,30828.0,34.0,56,6,0,Low Value,30828.0,No Response,25-34,Store,1,One Child,0.3333333333333333,33.33333333333333,0.3333333333333333,0-30 Days,Non-Responder
7446,1967,Master,Together,0,1,2013-09-09,16,520,42,98,0,42,14,2,6,4,10,6,0,0,0,0,0,0,0,USA,62513.0,47.0,716,20,0,Medium Value,62513.0,No Response,45-54,Store,1,One Child,0.1,10.0,1.0,0-30 Days,Non-Responder
87,1981,2n Cycle,Married,1,0,2013-08-26,16,0,7,5,26,2,17,2,2,0,3,7,0,0,0,0,0,0,0,Germany,27733.0,33.0,57,5,0,Low Value,27733.0,No Response,25-34,Store,1,One Child,0.4,40.0,0.2857142857142857,0-30 Days,Non-Responder
10477,1973,PhD,Together,1,0,2013-08-06,16,71,0,18,0,0,13,1,3,1,2,7,0,0,0,0,0,0,0,Spain,39435.0,41.0,102,6,0,Low Value,39435.0,No Response,35-44,Web,1,One Child,0.16666666666666666,16.666666666666664,0.42857142857142855,0-30 Days,Non-Responder
6072,1970,Master,Single,0,0,2013-02-02,16,918,57,842,99,38,133,1,5,8,6,3,0,0,0,1,0,1,0,Spain,75345.0,44.0,2087,19,1,High Value,75345.0,Low Engagement,35-44,Catalog,0,No Children,0.05263157894736842,5.263157894736842,1.6666666666666667,0-30 Days,Responder
2518,1986,2n Cycle,Together,0,0,2013-01-25,16,5,4,5,4,2,10,1,0,1,2,7,0,0,0,0,0,0,0,Germany,20491.0,28.0,30,3,0,Low Value,20491.0,No Response,25-34,Store,0,No Children,0.3333333333333333,33.33333333333333,0.0,0-30 Days,Non-Responder
247,1971,Graduation,Married,1,0,2012-11-17,16,172,10,125,21,13,16,6,7,2,4,9,0,0,0,0,0,1,0,Spain,36715.0,43.0,357,13,0,Medium Value,36715.0,No Response,35-44,Web,1,One Child,0.46153846153846156,46.15384615384615,0.7777777777777778,0-30 Days,Responder
9463,1959,Graduation,Together,0,1,2012-11-13,16,931,56,253,91,98,14,4,9,5,7,5,0,0,0,0,0,0,0,Canada,71706.0,55.0,1443,21,0,High Value,71706.0,No Response,55-64,Web,1,One Child,0.19047619047619047,19.047619047619047,1.8,0-30 Days,Non-Responder
1459,1966,PhD,Married,0,1,2012-11-07,16,666,35,124,69,8,26,1,5,3,5,3,0,0,0,0,0,0,0,Spain,69063.0,48.0,928,13,0,High Value,69063.0,No Response,45-54,Web,1,One Child,0.07692307692307693,7.6923076923076925,1.6666666666666667,0-30 Days,Non-Responder
9530,1988,Graduation,Married,1,0,2012-11-01,16,5,3,4,4,1,0,1,1,0,2,8,0,0,0,0,0,0,0,Saudi Arabia,24645.0,26.0,17,3,0,Low Value,24645.0,No Response,25-34,Store,1,One Child,0.3333333333333333,33.33333333333333,0.125,0-30 Days,Non-Responder
9653,1975,Graduation,Married,0,1,2012-10-16,16,27,1,14,4,1,21,2,2,0,3,8,0,0,0,0,0,0,0,Saudi Arabia,35797.0,39.0,68,5,0,Low Value,35797.0,No Response,35-44,Store,1,One Child,0.4,40.0,0.25,0-30 Days,Non-Responder
10785,1969,Graduation,Married,1,1,2014-06-19,17,24,1,10,2,0,4,2,2,0,3,5,0,0,0,0,0,0,0,Saudi Arabia,44078.0,45.0,41,5,0,Low Value,44078.0,No Response,45-54,Store,2,Two or More Children,0.4,40.0,0.4,0-30 Days,Non-Responder
9392,1971,Graduation,Single,1,0,2014-05-08,17,4,1,11,0,0,1,1,1,0,2,7,0,0,0,0,0,0,0,Spain,26954.0,43.0,17,3,0,Low Value,26954.0,No Response,35-44,Store,1,One Child,0.3333333333333333,33.33333333333333,0.14285714285714285,0-30 Days,Non-Responder
3769,1972,PhD,Together,1,0,2014-03-02,17,25,1,13,0,0,3,1,1,0,3,7,0,0,0,0,0,0,0,Australia,51381.5,42.0,42,4,0,Low Value,51381.5,No Response,35-44,Store,1,One Child,0.25,25.0,0.14285714285714285,0-30 Days,Non-Responder
10146,1972,PhD,Together,1,0,2014-03-02,17,25,1,13,0,0,3,1,1,0,3,7,0,0,0,0,0,0,0,Australia,38887.0,42.0,42,4,0,Low Value,38887.0,No Response,35-44,Store,1,One Child,0.25,25.0,0.14285714285714285,0-30 Days,Non-Responder
4741,1974,2n Cycle,Married,1,0,2014-01-30,17,391,32,70,21,32,16,2,6,2,9,5,0,1,0,0,0,0,0,Spain,65463.0,40.0,562,17,1,Medium Value,65463.0,Low Engagement,35-44,Store,1,One Child,0.11764705882352941,11.76470588235294,1.2,0-30 Days,Non-Responder
1880,1959,PhD,Together,1,1,2014-01-30,17,81,0,6,0,0,6,2,2,1,3,5,0,0,0,0,0,0,0,India,53537.0,55.0,93,6,0,Low Value,53537.0,No Response,55-64,Store,2,Two or More Children,0.3333333333333333,33.33333333333333,0.4,0-30 Days,Non-Responder
6471,1971,Master,Single,1,0,2013-10-17,17,14,2,30,8,2,3,1,2,0,4,5,0,0,0,0,0,0,0,Spain,36230.0,43.0,59,6,0,Low Value,36230.0,No Response,35-44,Store,1,One Child,0.16666666666666666,16.666666666666664,0.4,0-30 Days,Non-Responder
5718,1950,Graduation,Married,0,0,2013-08-15,17,674,168,108,192,42,231,1,5,11,6,3,0,0,1,1,0,1,0,Saudi Arabia,80763.0,64.0,1415,22,2,High Value,80763.0,Medium Engagement,55-64,Catalog,0,No Children,0.045454545454545456,4.545454545454546,1.6666666666666667,0-30 Days,Responder
3478,1971,PhD,Married,1,1,2013-06-24,17,267,42,309,55,42,21,10,7,4,9,5,0,0,0,0,0,1,0,Canada,60585.0,43.0,736,20,0,Medium Value,60585.0,No Response,35-44,Store,2,Two or More Children,0.5,50.0,1.4,0-30 Days,Responder
7848,1974,Graduation,Single,0,1,2013-06-13,17,224,2,25,7,0,110,2,5,3,3,6,0,0,0,0,0,0,0,India,49166.0,40.0,368,11,0,Medium Value,49166.0,No Response,35-44,Web,1,One Child,0.18181818181818182,18.181818181818183,0.8333333333333334,0-30 Days,Non-Responder
7999,1955,PhD,Together,0,0,2013-04-23,17,1239,17,413,23,34,17,1,5,6,5,2,0,1,1,0,0,1,0,Spain,75261.0,59.0,1743,16,2,High Value,75261.0,Medium Engagement,55-64,Catalog,0,No Children,0.0625,6.25,2.5,0-30 Days,Responder
11101,1991,Graduation,Together,0,0,2013-04-15,17,412,22,132,59,28,183,1,11,6,8,4,0,0,1,0,0,0,0,Australia,89891.0,23.0,836,25,1,High Value,89891.0,Low Engagement,Under 25,Web,0,No Children,0.04,4.0,2.75,0-30 Days,Non-Responder
9212,1962,Master,Married,0,1,2013-02-14,17,1205,0,235,19,14,205,6,6,3,13,7,0,0,0,0,0,0,0,Spain,72828.0,52.0,1678,22,0,High Value,72828.0,No Response,45-54,Store,1,One Child,0.2727272727272727,27.27272727272727,0.8571428571428571,0-30 Days,Non-Responder
10983,1952,Graduation,Together,0,0,2013-01-29,17,304,98,230,150,74,74,1,6,3,13,3,0,0,0,0,0,0,0,Saudi Arabia,75278.0,62.0,930,22,0,High Value,75278.0,No Response,55-64,Store,0,No Children,0.045454545454545456,4.545454545454546,2.0,0-30 Days,Non-Responder
3629,1978,Graduation,Single,1,0,2012-12-19,17,76,3,31,4,4,27,2,3,1,3,7,0,0,0,0,0,0,0,Canada,38557.0,36.0,145,7,0,Medium Value,38557.0,No Response,35-44,Web,1,One Child,0.2857142857142857,28.57142857142857,0.42857142857142855,0-30 Days,Non-Responder
4673,1963,PhD,Married,0,1,2012-10-30,17,1004,12,145,32,12,36,3,10,3,5,5,0,0,0,1,0,1,0,Spain,81300.0,51.0,1241,18,1,High Value,81300.0,Low Engagement,45-54,Web,1,One Child,0.16666666666666666,16.666666666666664,2.0,0-30 Days,Responder
796,1965,2n Cycle,Divorced,0,1,2012-10-23,17,584,44,212,46,8,177,3,11,4,8,8,0,0,0,0,0,0,0,Canada,60161.0,49.0,1071,23,0,High Value,60161.0,No Response,45-54,Web,1,One Child,0.13043478260869565,13.043478260869565,1.375,0-30 Days,Non-Responder
618,1977,PhD,Married,0,1,2012-09-28,17,422,7,238,69,46,15,1,7,2,12,4,0,0,0,0,0,0,0,Australia,69389.0,37.0,797,21,0,Medium Value,69389.0,No Response,35-44,Store,1,One Child,0.047619047619047616,4.761904761904762,1.75,0-30 Days,Non-Responder
380,1954,Graduation,Divorced,0,1,2012-09-10,17,1170,48,320,42,32,192,5,11,4,9,8,1,0,0,0,0,1,0,Saudi Arabia,64497.0,60.0,1804,24,1,High Value,64497.0,Low Engagement,55-64,Web,1,One Child,0.20833333333333334,20.833333333333336,1.375,0-30 Days,Responder
1092,1980,Graduation,Married,0,1,2012-08-11,17,269,129,495,182,43,29,4,9,3,4,7,0,0,0,0,0,0,0,India,61014.0,34.0,1147,16,0,High Value,61014.0,No Response,25-34,Web,1,One Child,0.25,25.0,1.2857142857142858,0-30 Days,Non-Responder
8962,1975,Master,Married,1,1,2014-04-17,18,26,0,8,0,0,3,2,2,0,3,5,0,0,0,0,0,0,0,Saudi Arabia,44319.0,39.0,37,5,0,Low Value,44319.0,No Response,35-44,Store,2,Two or More Children,0.4,40.0,0.4,0-30 Days,Non-Responder
8207,1957,2n Cycle,Married,0,1,2014-03-18,18,28,0,9,3,0,0,1,1,0,3,4,0,0,0,0,0,0,0,Canada,53233.0,57.0,40,4,0,Low Value,53233.0,No Response,55-64,Store,1,One Child,0.25,25.0,0.25,0-30 Days,Non-Responder
6521,1954,Graduation,Together,0,0,2014-03-18,18,613,22,319,33,102,12,1,4,6,9,1,0,0,0,0,0,0,0,Saudi Arabia,77972.0,60.0,1101,19,0,High Value,77972.0,No Response,55-64,Store,0,No Children,0.05263157894736842,5.263157894736842,4.0,0-30 Days,Non-Responder
535,1987,Graduation,Divorced,0,0,2014-02-25,18,163,23,424,27,65,76,1,3,10,13,1,0,0,0,0,0,0,0,Germany,81361.0,27.0,778,26,0,Medium Value,81361.0,No Response,25-34,Store,0,No Children,0.038461538461538464,3.8461538461538463,3.0,0-30 Days,Non-Responder
4608,1987,Graduation,Divorced,0,0,2014-02-25,18,163,23,424,27,65,76,1,3,10,13,1,0,0,0,0,0,1,0,Saudi Arabia,81361.0,27.0,778,26,0,Medium Value,81361.0,No Response,25-34,Store,0,No Children,0.038461538461538464,3.8461538461538463,3.0,0-30 Days,Responder
11086,1984,Basic,Single,1,0,2014-01-18,18,1,6,2,3,6,3,1,1,0,3,7,0,0,0,0,0,0,0,Spain,25707.0,30.0,21,4,0,Low Value,25707.0,No Response,25-34,Store,1,One Child,0.25,25.0,0.14285714285714285,0-30 Days,Non-Responder
1064,1971,PhD,Married,1,0,2013-12-11,18,22,1,11,0,5,3,1,1,0,3,8,0,0,0,0,0,0,0,Spain,42403.0,43.0,42,4,0,Low Value,42403.0,No Response,35-44,Store,1,One Child,0.25,25.0,0.125,0-30 Days,Non-Responder
7000,1972,2n Cycle,Single,0,0,2013-10-13,18,279,172,74,38,8,246,1,2,10,10,1,0,0,0,0,0,0,0,Germany,65704.0,42.0,817,22,0,Medium Value,65704.0,No Response,35-44,Catalog,0,No Children,0.045454545454545456,4.545454545454546,2.0,0-30 Days,Non-Responder
1581,1980,Graduation,Married,1,0,2013-10-10,18,2,0,8,2,2,3,1,1,0,2,8,0,0,0,0,0,1,0,Spain,37406.0,34.0,17,3,0,Low Value,37406.0,No Response,25-34,Store,1,One Child,0.3333333333333333,33.33333333333333,0.125,0-30 Days,Responder
7384,1951,Master,Together,0,0,2013-07-21,18,113,61,204,34,26,47,2,7,1,7,8,0,0,0,0,0,0,0,Spain,39767.0,63.0,485,15,0,Medium Value,39767.0,No Response,55-64,Web,0,No Children,0.13333333333333333,13.333333333333334,0.875,0-30 Days,Non-Responder
10552,1979,2n Cycle,Married,0,1,2013-05-20,18,70,54,109,80,9,45,2,4,1,7,5,0,0,0,0,0,0,0,Spain,54210.0,35.0,367,12,0,Medium Value,54210.0,No Response,35-44,Store,1,One Child,0.16666666666666666,16.666666666666664,0.8,0-30 Days,Non-Responder
6409,1967,Graduation,Divorced,0,0,2013-05-18,18,267,140,599,34,12,127,1,7,5,7,6,0,0,0,0,0,1,0,Saudi Arabia,57136.0,47.0,1179,19,0,High Value,57136.0,No Response,45-54,Web,0,No Children,0.05263157894736842,5.263157894736842,1.1666666666666667,0-30 Days,Responder
9507,1975,Graduation,Married,0,1,2013-04-07,18,261,23,73,4,23,50,2,6,3,5,7,0,0,0,0,0,0,0,Spain,40794.0,39.0,434,14,0,Medium Value,40794.0,No Response,35-44,Web,1,One Child,0.14285714285714285,14.285714285714285,0.8571428571428571,0-30 Days,Non-Responder
9560,1965,Graduation,Together,0,0,2013-03-03,18,856,61,570,40,25,122,1,7,6,8,3,0,0,1,0,0,1,0,Spain,83003.0,49.0,1674,21,1,High Value,83003.0,Low Engagement,45-54,Store,0,No Children,0.047619047619047616,4.761904761904762,2.3333333333333335,0-30 Days,Responder
10991,1960,Master,Married,0,0,2012-12-07,18,454,194,106,31,22,43,1,5,4,4,2,0,0,0,0,0,0,0,Canada,89058.0,54.0,850,13,0,High Value,89058.0,No Response,45-54,Web,0,No Children,0.07692307692307693,7.6923076923076925,2.5,0-30 Days,Non-Responder
4712,1991,2n Cycle,Together,0,0,2012-11-28,18,8,8,22,24,11,9,1,1,1,4,4,0,0,0,0,0,0,0,Spain,20193.0,23.0,82,6,0,Low Value,20193.0,No Response,Under 25,Store,0,No Children,0.16666666666666666,16.666666666666664,0.25,0-30 Days,Non-Responder
11056,1974,Graduation,Married,0,0,2012-10-27,18,546,91,410,119,0,22,1,3,4,10,1,0,0,0,0,0,0,0,Spain,72099.0,40.0,1188,17,0,High Value,72099.0,No Response,35-44,Store,0,No Children,0.058823529411764705,5.88235294117647,3.0,0-30 Days,Non-Responder
7414,1971,Graduation,Married,1,1,2012-09-15,18,96,1,42,12,3,32,4,3,1,4,8,0,0,0,0,0,0,0,Spain,43824.0,43.0,186,8,0,Medium Value,43824.0,No Response,35-44,Store,2,Two or More Children,0.5,50.0,0.375,0-30 Days,Non-Responder
3076,1975,Graduation,Together,1,1,2012-09-07,18,452,18,102,16,18,6,4,4,2,12,3,0,0,0,0,0,0,0,Australia,66653.0,39.0,612,18,0,Medium Value,66653.0,No Response,35-44,Store,2,Two or More Children,0.2222222222222222,22.22222222222222,1.3333333333333333,0-30 Days,Non-Responder
6355,1978,Graduation,Married,1,1,2014-06-17,19,20,0,14,7,3,1,3,2,0,4,3,0,0,0,0,0,0,0,Spain,44359.0,36.0,45,6,0,Low Value,44359.0,No Response,35-44,Store,2,Two or More Children,0.5,50.0,0.6666666666666666,0-30 Days,Non-Responder
7959,1961,Graduation,Married,0,0,2014-05-29,19,658,80,483,123,13,13,1,3,2,5,1,0,0,0,0,0,0,0,Spain,79410.0,53.0,1370,10,0,High Value,79410.0,No Response,45-54,Store,0,No Children,0.1,10.0,3.0,0-30 Days,Non-Responder
5512,1977,Master,Married,0,1,2014-05-23,19,451,0,39,0,4,24,1,7,1,8,5,0,0,0,0,0,0,0,Spain,55842.0,37.0,518,16,0,Medium Value,55842.0,No Response,35-44,Store,1,One Child,0.0625,6.25,1.4,0-30 Days,Non-Responder
10102,1966,Graduation,Widow,0,0,2014-05-12,19,395,183,565,166,141,28,1,5,11,5,3,0,0,0,0,0,0,0,Saudi Arabia,79946.0,48.0,1478,21,0,High Value,79946.0,No Response,45-54,Catalog,0,No Children,0.047619047619047616,4.761904761904762,1.6666666666666667,0-30 Days,Non-Responder
9369,1979,2n Cycle,Single,0,1,2014-03-19,19,688,14,309,201,24,38,1,11,10,10,5,1,0,0,1,0,1,0,Germany,88194.0,35.0,1274,31,2,High Value,88194.0,Medium Engagement,35-44,Web,1,One Child,0.03225806451612903,3.225806451612903,2.2,0-30 Days,Responder
3711,1944,Master,Married,0,0,2014-03-01,19,1035,134,670,25,38,0,1,6,3,10,3,0,0,1,1,0,0,0,Spain,80184.0,70.0,1902,19,2,High Value,80184.0,Medium Engagement,65+,Store,0,No Children,0.05263157894736842,5.263157894736842,2.0,0-30 Days,Non-Responder
6931,1967,Graduation,Divorced,0,0,2014-02-15,19,464,151,292,65,60,30,1,8,3,4,4,0,0,1,0,0,1,0,Spain,76982.0,47.0,1062,15,1,High Value,76982.0,Low Engagement,45-54,Web,0,No Children,0.06666666666666667,6.666666666666667,2.0,0-30 Days,Responder
9596,1980,PhD,Single,0,0,2013-12-23,19,365,32,117,34,110,6,1,3,3,13,2,0,0,0,0,0,0,0,USA,65295.0,34.0,664,19,0,Medium Value,65295.0,No Response,25-34,Store,0,No Children,0.05263157894736842,5.263157894736842,1.5,0-30 Days,Non-Responder
2727,1973,Graduation,Together,0,0,2013-12-04,19,181,21,69,39,3,96,1,3,3,6,3,0,0,0,0,0,0,0,Saudi Arabia,57100.0,41.0,409,12,0,Medium Value,57100.0,No Response,35-44,Store,0,No Children,0.08333333333333333,8.333333333333332,1.0,0-30 Days,Non-Responder
8416,1981,Graduation,Married,1,0,2013-11-29,19,6,6,15,10,5,2,2,2,0,3,6,0,0,0,0,0,0,0,USA,29009.0,33.0,44,5,0,Low Value,29009.0,No Response,25-34,Store,1,One Child,0.4,40.0,0.3333333333333333,0-30 Days,Non-Responder
3967,1971,PhD,Married,0,0,2013-10-25,19,331,197,170,58,152,35,1,2,8,13,1,0,0,0,0,0,0,0,Canada,78931.0,43.0,943,23,0,High Value,78931.0,No Response,35-44,Store,0,No Children,0.043478260869565216,4.3478260869565215,2.0,0-30 Days,Non-Responder
2139,1975,Master,Married,1,0,2013-10-02,19,3,1,10,3,2,12,3,2,0,3,5,0,0,0,0,0,0,0,Australia,7500.0,39.0,31,5,0,Low Value,7500.0,No Response,35-44,Store,1,One Child,0.6,60.0,0.4,0-30 Days,Non-Responder
2162,1976,Graduation,Married,0,1,2013-09-18,19,256,34,103,90,29,49,2,3,3,10,3,0,0,0,0,0,0,0,Spain,56939.0,38.0,561,16,0,Medium Value,56939.0,No Response,35-44,Store,1,One Child,0.125,12.5,1.0,0-30 Days,Non-Responder
9242,1990,Graduation,Single,0,0,2013-08-17,19,836,185,575,24,25,77,1,6,3,9,4,1,0,0,0,0,1,0,Saudi Arabia,64509.0,24.0,1722,18,1,High Value,64509.0,Low Engagement,Under 25,Store,0,No Children,0.05555555555555555,5.555555555555555,1.5,0-30 Days,Responder
10595,1990,Graduation,Married,0,0,2013-07-08,19,2,6,28,13,4,16,1,2,0,3,7,0,0,0,0,0,0,0,Spain,30093.0,24.0,69,5,0,Low Value,30093.0,No Response,Under 25,Store,0,No Children,0.2,20.0,0.2857142857142857,0-30 Days,Non-Responder
4855,1974,PhD,Together,1,0,2013-06-06,19,14,0,24,3,3,2,1,3,0,2,9,0,0,0,0,0,1,0,USA,30351.0,40.0,46,5,0,Low Value,30351.0,No Response,35-44,Web,1,One Child,0.2,20.0,0.3333333333333333,0-30 Days,Responder
5049,1974,PhD,Together,1,0,2013-06-06,19,14,0,24,3,3,2,1,3,0,2,9,0,0,0,0,0,0,0,Spain,30351.0,40.0,46,5,0,Low Value,30351.0,No Response,35-44,Web,1,One Child,0.2,20.0,0.3333333333333333,0-30 Days,Non-Responder
4967,1960,PhD,Together,0,1,2013-03-29,19,233,0,23,0,0,12,4,5,1,5,8,0,0,0,0,0,0,0,Saudi Arabia,38201.0,54.0,268,11,0,Medium Value,38201.0,No Response,45-54,Web,1,One Child,0.36363636363636365,36.36363636363637,0.625,0-30 Days,Non-Responder
5255,1986,Graduation,Single,1,0,2013-02-20,19,5,1,3,3,263,362,0,27,0,0,1,0,0,0,0,0,0,0,Australia,51381.5,28.0,637,27,0,Medium Value,51381.5,No Response,25-34,Web,1,One Child,0.0,0.0,27.0,0-30 Days,Non-Responder
9215,1980,PhD,Married,1,0,2012-12-12,19,378,0,101,0,0,72,5,6,4,6,7,0,0,0,0,0,0,0,Canada,43974.0,34.0,551,16,0,Medium Value,43974.0,No Response,25-34,Web,1,One Child,0.3125,31.25,0.8571428571428571,0-30 Days,Non-Responder
3525,1970,Graduation,Together,1,1,2012-12-07,19,12,0,4,0,0,1,1,1,0,2,7,0,0,0,0,0,0,0,Spain,38200.0,44.0,17,3,0,Low Value,38200.0,No Response,35-44,Store,2,Two or More Children,0.3333333333333333,33.33333333333333,0.14285714285714285,0-30 Days,Non-Responder
3619,1960,2n Cycle,Divorced,0,0,2012-09-23,19,345,25,501,63,138,80,1,5,3,8,2,0,0,1,0,0,1,0,Australia,87305.0,54.0,1152,16,1,High Value,87305.0,Low Engagement,45-54,Store,0,No Children,0.0625,6.25,2.5,0-30 Days,Responder
4415,1961,Graduation,Married,1,1,2012-09-12,19,10,4,4,3,3,14,3,1,1,3,7,0,0,0,0,0,0,0,Spain,16860.0,53.0,38,5,0,Low Value,16860.0,No Response,45-54,Store,2,Two or More Children,0.6,60.0,0.14285714285714285,0-30 Days,Non-Responder
3645,1972,PhD,Single,1,0,2012-08-30,19,19,3,26,10,9,3,3,2,0,4,8,0,0,0,0,0,1,0,Spain,27213.0,42.0,70,6,0,Low Value,27213.0,No Response,35-44,Store,1,One Child,0.5,50.0,0.25,0-30 Days,Responder
4692,1976,Graduation,Married,1,0,2012-08-01,19,7,0,12,13,7,32,5,4,1,2,9,1,0,0,0,0,1,0,Australia,7500.0,38.0,71,7,1,Low Value,7500.0,Low Engagement,35-44,Web,1,One Child,0.7142857142857143,71.42857142857143,0.4444444444444444,0-30 Days,Responder
3955,1965,Graduation,Divorced,0,0,2014-06-22,20,2,1,1,1,0,1,0,0,0,0,14,0,0,0,0,0,0,0,Saudi Arabia,4861.0,49.0,6,0,0,Low Value,4861.0,No Response,45-54,Web,0,No Children,0.0,0.0,0.0,0-30 Days,Non-Responder
5313,1971,Master,Married,1,1,2014-04-18,20,30,0,11,0,0,3,3,2,0,4,5,0,0,0,0,0,0,0,Spain,38196.0,43.0,44,6,0,Low Value,38196.0,No Response,35-44,Store,2,Two or More Children,0.5,50.0,0.4,0-30 Days,Non-Responder
7196,1950,PhD,Married,1,1,2014-02-08,20,9,0,3,0,0,1,1,0,0,3,3,0,0,0,0,0,0,0,Canada,41145.0,64.0,13,3,0,Low Value,41145.0,No Response,55-64,Store,2,Two or More Children,0.3333333333333333,33.33333333333333,0.0,0-30 Days,Non-Responder
1381,1982,PhD,Single,1,0,2014-01-28,20,172,3,115,16,0,18,5,6,1,5,8,0,0,0,0,0,1,0,Spain,38513.0,32.0,324,12,0,Medium Value,38513.0,No Response,25-34,Web,1,One Child,0.4166666666666667,41.66666666666667,0.75,0-30 Days,Responder
10951,1968,Graduation,Married,0,1,2014-01-25,20,279,0,18,0,0,9,2,3,1,8,4,0,1,0,0,0,0,0,Spain,45688.0,46.0,306,12,1,Medium Value,45688.0,Low Engagement,45-54,Store,1,One Child,0.16666666666666666,16.666666666666664,0.75,0-30 Days,Non-Responder
4322,1958,PhD,Together,0,0,2013-11-27,20,881,38,319,16,25,12,1,4,5,10,2,0,0,0,0,0,0,0,Spain,77863.0,56.0,1291,19,0,High Value,77863.0,No Response,55-64,Store,0,No Children,0.05263157894736842,5.263157894736842,2.0,0-30 Days,Non-Responder
7444,1969,Master,Married,1,1,2013-10-19,20,19,0,9,0,0,2,2,1,0,3,8,0,0,0,0,0,0,0,Spain,42169.0,45.0,30,4,0,Low Value,42169.0,No Response,45-54,Store,2,Two or More Children,0.5,50.0,0.125,0-30 Days,Non-Responder
2942,1964,Graduation,Single,0,1,2013-05-07,20,305,3,27,4,3,144,2,5,4,4,5,1,0,0,0,0,0,0,Spain,45906.0,50.0,486,13,1,Medium Value,45906.0,Low Engagement,45-54,Web,1,One Child,0.15384615384615385,15.384615384615385,1.0,0-30 Days,Non-Responder
2874,1988,2n Cycle,Divorced,1,0,2013-03-07,20,6,4,7,4,3,8,1,1,0,3,7,0,0,0,0,0,0,0,Saudi Arabia,35388.0,26.0,32,4,0,Low Value,35388.0,No Response,25-34,Store,1,One Child,0.25,25.0,0.14285714285714285,0-30 Days,Non-Responder
3667,1969,Graduation,Married,0,0,2013-02-28,20,778,178,689,41,27,44,1,8,5,11,8,0,1,1,1,0,1,0,Germany,80952.0,45.0,1757,24,3,High Value,80952.0,High Engagement,45-54,Store,0,No Children,0.041666666666666664,4.166666666666666,1.0,0-30 Days,Responder
3697,1954,Graduation,Together,0,1,2013-02-12,20,69,8,26,12,7,12,2,3,0,4,7,0,0,0,0,0,0,0,Canada,39898.0,60.0,134,7,0,Medium Value,39898.0,No Response,55-64,Store,1,One Child,0.2857142857142857,28.57142857142857,0.42857142857142855,0-30 Days,Non-Responder
9955,1954,Graduation,Together,0,1,2013-02-12,20,69,8,26,12,7,12,2,3,0,4,7,0,0,0,0,0,0,0,Spain,39898.0,60.0,134,7,0,Medium Value,39898.0,No Response,55-64,Store,1,One Child,0.2857142857142857,28.57142857142857,0.42857142857142855,0-30 Days,Non-Responder
5320,1973,Master,Divorced,1,1,2013-01-29,20,79,7,58,6,3,18,4,3,1,4,6,0,0,0,0,0,1,0,Saudi Arabia,44051.0,41.0,171,8,0,Medium Value,44051.0,No Response,35-44,Store,2,Two or More Children,0.5,50.0,0.5,0-30 Days,Responder
6422,1954,Graduation,Married,0,0,2013-01-17,20,344,189,482,50,33,172,1,5,6,5,2,0,0,0,0,0,0,0,India,86718.0,60.0,1270,16,0,High Value,86718.0,No Response,55-64,Catalog,0,No Children,0.0625,6.25,2.5,0-30 Days,Non-Responder
3690,1986,Master,Married,0,0,2013-01-11,20,1184,102,673,52,40,40,1,7,4,10,6,0,0,1,0,0,1,0,Spain,80141.0,28.0,2091,21,1,High Value,80141.0,Low Engagement,25-34,Store,0,No Children,0.047619047619047616,4.761904761904762,1.1666666666666667,0-30 Days,Responder
2408,1976,Graduation,Married,1,1,2012-11-20,20,490,0,184,10,28,21,12,7,4,9,7,0,0,0,0,0,0,0,India,58597.0,38.0,733,20,0,Medium Value,58597.0,No Response,35-44,Store,2,Two or More Children,0.6,60.0,1.0,0-30 Days,Non-Responder
9260,1945,PhD,Married,0,0,2012-11-05,20,1349,16,249,43,16,33,2,10,6,9,6,0,0,0,0,0,0,0,Canada,70356.0,69.0,1706,25,0,High Value,70356.0,No Response,65+,Web,0,No Children,0.08,8.0,1.6666666666666667,0-30 Days,Non-Responder
9648,1967,Graduation,Single,1,1,2012-11-03,20,153,4,56,0,9,31,4,5,1,4,8,0,0,0,0,0,0,0,Spain,46904.0,47.0,253,10,0,Medium Value,46904.0,No Response,45-54,Web,2,Two or More Children,0.4,40.0,0.625,0-30 Days,Non-Responder
4939,1946,Graduation,Together,0,0,2012-08-31,20,84,5,38,150,12,28,2,4,1,6,7,0,0,0,0,0,0,0,USA,37760.0,68.0,317,11,0,Medium Value,37760.0,No Response,65+,Store,0,No Children,0.18181818181818182,18.181818181818183,0.5714285714285714,0-30 Days,Non-Responder
8652,1946,Graduation,Together,0,0,2012-08-31,20,84,5,38,150,12,28,2,4,1,6,7,0,0,0,0,0,0,0,Saudi Arabia,37760.0,68.0,317,11,0,Medium Value,37760.0,No Response,65+,Store,0,No Children,0.18181818181818182,18.181818181818183,0.5714285714285714,0-30 Days,Non-Responder
4702,1964,Graduation,Single,0,0,2012-08-12,20,1000,155,379,224,17,120,1,4,8,4,8,0,0,0,0,0,0,0,Spain,61839.0,50.0,1895,16,0,High Value,61839.0,No Response,45-54,Catalog,0,No Children,0.0625,6.25,0.5,0-30 Days,Non-Responder
2587,1972,PhD,Married,1,0,2014-05-15,21,14,0,6,0,0,0,2,2,0,3,5,0,0,0,0,0,0,0,Australia,29791.0,42.0,20,5,0,Low Value,29791.0,No Response,35-44,Store,1,One Child,0.4,40.0,0.4,0-30 Days,Non-Responder
2811,1963,PhD,Single,1,1,2014-04-12,21,52,0,9,0,0,1,2,1,0,4,4,0,0,0,0,0,0,0,Spain,48918.0,51.0,62,5,0,Low Value,48918.0,No Response,45-54,Store,2,Two or More Children,0.4,40.0,0.25,0-30 Days,Non-Responder
9150,1963,PhD,Single,1,1,2014-04-12,21,52,0,9,0,0,1,2,1,0,4,4,0,0,0,0,0,0,0,Spain,48918.0,51.0,62,5,0,Low Value,48918.0,No Response,45-54,Store,2,Two or More Children,0.4,40.0,0.25,0-30 Days,Non-Responder
10127,1965,Graduation,Married,0,1,2014-04-06,21,301,11,61,4,7,11,1,8,2,4,7,0,0,0,0,0,0,0,Canada,58692.0,49.0,395,14,0,Medium Value,58692.0,No Response,45-54,Web,1,One Child,0.07142857142857142,7.142857142857142,1.1428571428571428,0-30 Days,Non-Responder
5493,1976,Graduation,Married,1,1,2014-03-19,21,15,0,2,0,0,6,1,1,0,2,6,1,0,0,0,0,0,0,Spain,39356.0,38.0,23,3,1,Low Value,39356.0,Low Engagement,35-44,Store,2,Two or More Children,0.3333333333333333,33.33333333333333,0.16666666666666666,0-30 Days,Non-Responder
2666,1972,Master,Married,0,1,2014-02-06,21,519,50,167,130,0,41,1,8,3,11,3,0,1,0,0,0,0,0,Canada,76234.0,42.0,907,22,1,High Value,76234.0,Low Engagement,35-44,Store,1,One Child,0.045454545454545456,4.545454545454546,2.6666666666666665,0-30 Days,Non-Responder
10099,1984,Graduation,Married,1,0,2013-10-05,21,238,115,215,169,69,76,3,5,3,13,4,0,0,0,0,0,0,0,Saudi Arabia,55434.0,30.0,882,21,0,High Value,55434.0,No Response,25-34,Store,1,One Child,0.14285714285714285,14.285714285714285,1.25,0-30 Days,Non-Responder
10562,1946,Master,Married,0,0,2013-09-28,21,620,26,195,34,17,141,1,6,4,13,2,0,0,0,0,0,0,0,India,66835.0,68.0,1033,23,0,High Value,66835.0,No Response,65+,Store,0,No Children,0.043478260869565216,4.3478260869565215,3.0,0-30 Days,Non-Responder
7881,1946,Master,Married,0,0,2013-09-28,21,620,26,195,34,17,141,1,6,4,13,2,0,0,0,0,0,0,0,Spain,66835.0,68.0,1033,23,0,High Value,66835.0,No Response,65+,Store,0,No Children,0.043478260869565216,4.3478260869565215,3.0,0-30 Days,Non-Responder
6721,1951,Graduation,Married,0,1,2013-07-29,21,572,19,286,50,38,248,3,6,3,5,3,0,0,0,0,0,0,0,Canada,71965.0,63.0,1213,14,0,High Value,71965.0,No Response,55-64,Web,1,One Child,0.21428571428571427,21.428571428571427,2.0,0-30 Days,Non-Responder
5204,1971,Graduation,Together,0,0,2013-06-29,21,380,98,733,110,112,28,1,8,8,5,3,0,0,1,0,0,1,0,Spain,74538.0,43.0,1461,21,1,High Value,74538.0,Low Engagement,35-44,Web,0,No Children,0.047619047619047616,4.761904761904762,2.6666666666666665,0-30 Days,Responder
5209,1954,Graduation,Divorced,0,1,2013-06-17,21,443,5,71,21,16,82,2,8,2,7,7,0,0,0,0,0,0,0,Saudi Arabia,50002.0,60.0,638,17,0,Medium Value,50002.0,No Response,55-64,Web,1,One Child,0.11764705882352941,11.76470588235294,1.1428571428571428,0-30 Days,Non-Responder
10128,1958,Graduation,Together,0,1,2013-06-08,21,620,16,165,0,24,82,5,5,5,12,5,0,0,0,0,0,0,0,Canada,53977.0,56.0,907,22,0,High Value,53977.0,No Response,55-64,Store,1,One Child,0.22727272727272727,22.727272727272727,1.0,0-30 Days,Non-Responder
9284,1958,Graduation,Together,0,1,2013-06-08,21,620,16,165,0,24,82,5,5,5,12,5,0,0,0,0,0,0,0,Spain,53977.0,56.0,907,22,0,High Value,53977.0,No Response,55-64,Store,1,One Child,0.22727272727272727,22.727272727272727,1.0,0-30 Days,Non-Responder
8643,1971,Graduation,Together,0,0,2013-05-26,21,252,98,827,219,70,196,1,4,5,12,3,0,0,0,0,0,0,0,India,69930.0,43.0,1662,21,0,High Value,69930.0,No Response,35-44,Store,0,No Children,0.047619047619047616,4.761904761904762,1.3333333333333333,0-30 Days,Non-Responder
1685,1967,PhD,Together,0,0,2013-03-17,21,796,14,590,38,44,0,1,4,5,13,3,0,1,0,0,0,0,0,Canada,62981.0,47.0,1482,22,1,High Value,62981.0,Low Engagement,45-54,Store,0,No Children,0.045454545454545456,4.545454545454546,1.3333333333333333,0-30 Days,Non-Responder
2877,1974,Master,Together,1,1,2013-01-21,21,410,0,59,19,9,44,10,7,1,8,7,0,0,0,0,0,0,0,Saudi Arabia,46014.0,40.0,541,16,0,Medium Value,46014.0,No Response,35-44,Store,2,Two or More Children,0.625,62.5,1.0,0-30 Days,Non-Responder
8369,1987,Graduation,Together,1,0,2012-11-08,21,1,2,7,4,3,11,1,0,1,2,8,0,0,0,0,0,0,0,Spain,18227.0,27.0,28,3,0,Low Value,18227.0,No Response,25-34,Store,1,One Child,0.3333333333333333,33.33333333333333,0.0,0-30 Days,Non-Responder
6233,1976,Graduation,Married,0,1,2012-09-07,21,507,19,364,25,47,9,3,9,5,10,7,0,0,0,0,0,0,0,Spain,65991.0,38.0,971,24,0,High Value,65991.0,No Response,35-44,Store,1,One Child,0.125,12.5,1.2857142857142858,0-30 Days,Non-Responder
195,1972,Graduation,Single,1,0,2012-08-26,21,125,17,52,3,19,30,4,5,1,4,8,1,0,0,0,0,1,0,Spain,38808.0,42.0,246,10,1,Medium Value,38808.0,Low Engagement,35-44,Web,1,One Child,0.4,40.0,0.625,0-30 Days,Responder
1501,1982,PhD,Married,0,0,2012-08-04,21,55,16,1622,17,3,4,15,0,28,1,0,0,0,0,0,0,0,0,USA,160803.0,32.0,1717,29,0,High Value,160803.0,No Response,25-34,Catalog,0,No Children,0.5172413793103449,51.724137931034484,,0-30 Days,Non-Responder
10846,1978,Master,Married,1,0,2014-05-29,22,327,9,125,25,4,139,6,7,1,8,7,1,0,0,0,0,0,0,Canada,43783.0,36.0,629,16,1,Medium Value,43783.0,Low Engagement,35-44,Store,1,One Child,0.375,37.5,1.0,0-30 Days,Non-Responder
8341,1969,PhD,Married,1,0,2014-04-30,22,15,0,6,0,1,12,2,1,1,2,7,1,0,0,0,0,1,0,Spain,30396.0,45.0,34,4,1,Low Value,30396.0,Low Engagement,45-54,Store,1,One Child,0.5,50.0,0.14285714285714285,0-30 Days,Responder
10766,1964,PhD,Married,0,1,2014-04-11,22,397,19,69,12,0,9,1,4,4,8,2,0,0,0,0,0,0,0,Spain,65526.0,50.0,506,16,0,Medium Value,65526.0,No Response,45-54,Store,1,One Child,0.0625,6.25,2.0,0-30 Days,Non-Responder
9971,1964,PhD,Married,0,1,2014-04-11,22,397,19,69,12,0,9,1,4,4,8,2,0,0,0,0,0,0,0,Saudi Arabia,65526.0,50.0,506,16,0,Medium Value,65526.0,No Response,45-54,Store,1,One Child,0.0625,6.25,2.0,0-30 Days,Non-Responder
1740,1944,Graduation,Married,0,0,2014-04-07,22,760,38,104,50,9,38,2,7,3,4,4,0,1,0,0,0,0,0,Spain,55956.0,70.0,999,14,1,High Value,55956.0,Low Engagement,65+,Web,0,No Children,0.14285714285714285,14.285714285714285,1.75,0-30 Days,Non-Responder
8737,1978,Graduation,Divorced,0,1,2014-04-05,22,29,1,9,2,0,2,1,2,0,3,3,0,0,0,0,0,0,0,Spain,55563.0,36.0,43,5,0,Low Value,55563.0,No Response,35-44,Store,1,One Child,0.2,20.0,0.6666666666666666,0-30 Days,Non-Responder
6466,1965,PhD,Married,1,1,2014-03-12,22,105,0,9,2,1,4,3,2,1,4,3,0,0,0,0,0,0,0,Spain,57236.0,49.0,121,7,0,Medium Value,57236.0,No Response,45-54,Store,2,Two or More Children,0.42857142857142855,42.857142857142854,0.6666666666666666,0-30 Days,Non-Responder
10430,1973,Graduation,Divorced,1,1,2013-10-09,22,1126,28,211,37,28,42,3,4,3,4,5,0,1,1,1,0,0,0,Australia,89694.0,41.0,1472,11,3,High Value,89694.0,High Engagement,35-44,Web,2,Two or More Children,0.2727272727272727,27.27272727272727,0.8,0-30 Days,Non-Responder
8773,1971,Master,Together,0,1,2013-06-25,22,280,0,18,0,0,24,3,5,1,6,7,0,1,0,0,0,0,0,USA,57420.0,43.0,322,12,1,Medium Value,57420.0,Low Engagement,35-44,Store,1,One Child,0.25,25.0,0.7142857142857143,0-30 Days,Non-Responder
2371,1972,Graduation,Married,1,1,2013-04-13,22,39,1,22,3,4,12,3,2,0,4,7,0,0,0,0,0,0,0,Germany,33622.0,42.0,81,6,0,Low Value,33622.0,No Response,35-44,Store,2,Two or More Children,0.5,50.0,0.2857142857142857,0-30 Days,Non-Responder
7786,1986,PhD,Single,1,0,2013-02-13,22,68,7,59,10,5,11,4,3,1,4,8,0,0,0,0,0,0,0,Spain,29999.0,28.0,160,8,0,Medium Value,29999.0,No Response,25-34,Store,1,One Child,0.5,50.0,0.375,0-30 Days,Non-Responder
4088,1962,PhD,Together,0,1,2012-12-06,22,108,1,28,13,1,4,2,3,1,4,8,0,0,0,0,0,0,0,Spain,31497.0,52.0,155,8,0,Medium Value,31497.0,No Response,45-54,Store,1,One Child,0.25,25.0,0.375,0-30 Days,Non-Responder
4971,1962,PhD,Together,0,1,2012-12-06,22,108,1,28,13,1,4,2,3,1,4,8,0,0,0,0,0,0,0,Saudi Arabia,31497.0,52.0,155,8,0,Medium Value,31497.0,No Response,45-54,Store,1,One Child,0.25,25.0,0.375,0-30 Days,Non-Responder
10560,1980,PhD,Single,1,0,2014-06-16,23,16,1,2,0,0,1,1,1,0,3,5,0,0,0,0,0,0,0,Spain,36802.0,34.0,20,4,0,Low Value,36802.0,No Response,25-34,Store,1,One Child,0.25,25.0,0.2,0-30 Days,Non-Responder
6892,1968,Graduation,Divorced,0,1,2014-06-03,23,641,7,56,0,0,28,8,10,4,6,8,0,1,0,1,0,0,0,Spain,61671.0,46.0,732,20,2,Medium Value,61671.0,Medium Engagement,45-54,Web,1,One Child,0.4,40.0,1.25,0-30 Days,Non-Responder
11004,1893,2n Cycle,Single,0,1,2014-05-17,23,8,0,5,7,0,2,1,1,0,2,4,0,0,0,0,0,0,0,Saudi Arabia,60182.0,,22,3,0,Low Value,60182.0,No Response,,Store,1,One Child,0.3333333333333333,33.33333333333333,0.25,0-30 Days,Non-Responder
1818,1971,PhD,Together,1,0,2014-03-25,23,25,0,8,0,1,4,1,2,0,2,9,0,0,0,0,0,0,0,Canada,29732.0,43.0,38,4,0,Low Value,29732.0,No Response,35-44,Web,1,One Child,0.25,25.0,0.2222222222222222,0-30 Days,Non-Responder
9485,1986,PhD,Married,0,0,2014-03-10,23,102,9,49,24,3,12,1,2,1,6,4,0,0,0,0,0,0,0,Saudi Arabia,45921.0,28.0,199,9,0,Medium Value,45921.0,No Response,25-34,Store,0,No Children,0.1111111111111111,11.11111111111111,0.5,0-30 Days,Non-Responder
6646,1984,Graduation,Together,1,0,2014-03-01,23,3,0,5,13,0,1,1,1,0,3,6,0,0,0,0,0,0,0,Canada,16529.0,30.0,22,4,0,Low Value,16529.0,No Response,25-34,Store,1,One Child,0.25,25.0,0.16666666666666666,0-30 Days,Non-Responder
4248,1960,Master,Single,0,0,2014-02-17,23,1000,19,711,125,115,38,0,4,6,9,1,0,1,0,0,0,0,0,Spain,98777.0,54.0,2008,19,1,High Value,98777.0,Low Engagement,45-54,Store,0,No Children,0.0,0.0,4.0,0-30 Days,Non-Responder
7451,1960,Master,Single,0,0,2014-02-17,23,1000,19,711,125,115,38,0,4,6,9,1,0,1,0,0,0,0,0,Spain,98777.0,54.0,2008,19,1,High Value,98777.0,Low Engagement,45-54,Store,0,No Children,0.0,0.0,4.0,0-30 Days,Non-Responder
7861,1952,Master,Married,0,1,2014-02-05,23,820,57,242,45,0,11,2,8,3,6,4,0,0,0,0,0,0,0,Spain,77027.0,62.0,1175,17,0,High Value,77027.0,No Response,55-64,Web,1,One Child,0.11764705882352941,11.76470588235294,2.0,0-30 Days,Non-Responder
5232,1965,Graduation,Married,0,1,2014-01-27,23,86,12,75,33,15,6,1,4,1,5,4,0,0,0,0,0,0,0,Spain,69139.0,49.0,227,10,0,Medium Value,69139.0,No Response,45-54,Store,1,One Child,0.1,10.0,1.0,0-30 Days,Non-Responder
3011,1965,Graduation,Married,0,1,2014-01-27,23,86,12,75,33,15,6,1,4,1,5,4,0,0,0,0,0,0,0,Saudi Arabia,69139.0,49.0,227,10,0,Medium Value,69139.0,No Response,45-54,Store,1,One Child,0.1,10.0,1.0,0-30 Days,Non-Responder
5758,1982,Graduation,Married,0,0,2014-01-14,23,1074,0,69,0,0,46,1,10,4,13,6,1,0,1,1,1,1,0,Spain,65169.0,32.0,1189,27,4,High Value,65169.0,High Engagement,25-34,Store,0,No Children,0.037037037037037035,3.7037037037037033,1.6666666666666667,0-30 Days,Responder
2173,1952,Graduation,Widow,0,1,2013-10-16,23,13,6,7,0,3,3,1,1,0,3,6,0,0,0,0,0,0,0,Spain,40049.0,62.0,32,4,0,Low Value,40049.0,No Response,55-64,Store,1,One Child,0.25,25.0,0.16666666666666666,0-30 Days,Non-Responder
10711,1945,Graduation,Married,0,0,2013-10-02,23,217,77,373,111,23,93,1,3,6,12,1,0,0,0,0,0,0,0,Saudi Arabia,69755.0,69.0,894,21,0,High Value,69755.0,No Response,65+,Store,0,No Children,0.047619047619047616,4.761904761904762,3.0,0-30 Days,Non-Responder
8268,1961,PhD,Married,0,1,2013-07-11,23,352,0,27,10,0,15,3,6,1,7,6,0,0,0,0,0,0,0,Canada,51381.5,53.0,404,14,0,Medium Value,51381.5,No Response,45-54,Store,1,One Child,0.21428571428571427,21.428571428571427,1.0,0-30 Days,Non-Responder
2782,1961,PhD,Married,0,1,2013-07-11,23,352,0,27,10,0,15,3,6,1,7,6,0,0,0,0,0,0,0,Spain,54456.0,53.0,404,14,0,Medium Value,54456.0,No Response,45-54,Store,1,One Child,0.21428571428571427,21.428571428571427,1.0,0-30 Days,Non-Responder
9432,1977,Graduation,Together,1,0,2013-06-02,23,9,14,18,8,1,12,4,3,1,3,6,0,0,0,0,0,0,0,Saudi Arabia,666666.0,37.0,62,7,0,Low Value,,No Response,35-44,Web,1,One Child,0.5714285714285714,57.14285714285714,0.5,0-30 Days,Non-Responder
5872,1951,Graduation,Single,0,1,2013-06-01,23,240,90,216,63,6,24,4,4,4,10,3,0,0,0,0,0,0,0,USA,60689.0,63.0,639,18,0,Medium Value,60689.0,No Response,55-64,Store,1,One Child,0.2222222222222222,22.22222222222222,1.3333333333333333,0-30 Days,Non-Responder
11187,1978,Basic,Single,1,0,2013-05-20,23,2,8,10,12,14,23,3,2,1,3,5,0,0,0,0,0,0,0,Canada,26487.0,36.0,69,6,0,Low Value,26487.0,No Response,35-44,Store,1,One Child,0.5,50.0,0.4,0-30 Days,Non-Responder
2428,1970,Graduation,Married,1,0,2013-05-04,23,3,18,26,11,8,12,3,2,0,4,7,0,0,0,0,0,0,0,Germany,28164.0,44.0,78,6,0,Low Value,28164.0,No Response,35-44,Store,1,One Child,0.5,50.0,0.2857142857142857,0-30 Days,Non-Responder
1726,1970,Graduation,Single,0,0,2013-03-18,23,3,9,15,13,2,39,1,1,1,2,9,1,0,0,0,0,1,0,Spain,22585.0,44.0,81,4,1,Low Value,22585.0,Low Engagement,35-44,Store,0,No Children,0.25,25.0,0.1111111111111111,0-30 Days,Responder
1802,1971,Graduation,Married,0,1,2013-01-17,23,412,5,119,38,29,77,3,3,3,12,2,0,0,0,0,0,0,0,Spain,64795.0,43.0,680,18,0,Medium Value,64795.0,No Response,35-44,Store,1,One Child,0.16666666666666666,16.666666666666664,1.5,0-30 Days,Non-Responder
1162,1987,PhD,Single,0,0,2013-01-10,23,124,83,267,85,59,35,2,5,2,11,5,0,0,0,0,0,1,0,Spain,42000.0,27.0,653,18,0,Medium Value,42000.0,No Response,25-34,Store,0,No Children,0.1111111111111111,11.11111111111111,1.0,0-30 Days,Responder
10643,1987,PhD,Single,0,0,2013-01-10,23,124,83,267,85,59,35,2,5,2,11,5,0,0,0,0,0,1,0,Australia,42000.0,27.0,653,18,0,Medium Value,42000.0,No Response,25-34,Store,0,No Children,0.1111111111111111,11.11111111111111,1.0,0-30 Days,Responder
11112,1966,Graduation,Together,0,1,2012-12-03,23,736,114,279,82,76,190,6,5,6,8,3,0,0,0,0,0,0,0,Spain,70713.0,48.0,1477,19,0,High Value,70713.0,No Response,45-54,Store,1,One Child,0.3157894736842105,31.57894736842105,1.6666666666666667,0-30 Days,Non-Responder
2114,1946,PhD,Single,0,0,2012-11-24,23,1006,22,115,59,68,45,1,7,6,12,3,0,0,1,1,0,1,0,USA,82800.0,68.0,1315,25,2,High Value,82800.0,Medium Engagement,65+,Store,0,No Children,0.04,4.0,2.3333333333333335,0-30 Days,Responder
4261,1946,PhD,Single,0,0,2012-11-24,23,1006,22,115,59,68,45,1,7,6,12,3,0,0,1,1,0,1,0,Saudi Arabia,82800.0,68.0,1315,25,2,High Value,82800.0,Medium Engagement,65+,Store,0,No Children,0.04,4.0,2.3333333333333335,0-30 Days,Responder
2457,1975,Basic,Married,0,1,2012-10-26,23,8,4,5,15,2,11,2,1,0,3,7,0,0,0,0,0,0,0,Spain,30801.0,39.0,45,4,0,Low Value,30801.0,No Response,35-44,Store,1,One Child,0.5,50.0,0.14285714285714285,0-30 Days,Non-Responder
2495,1974,Master,Married,0,1,2014-06-20,24,217,38,350,111,85,15,1,4,7,10,1,0,0,0,0,0,0,0,Spain,83891.0,40.0,816,21,0,Medium Value,83891.0,No Response,35-44,Store,1,One Child,0.047619047619047616,4.761904761904762,4.0,0-30 Days,Non-Responder
6983,1950,Master,Divorced,1,1,2014-05-01,24,23,2,17,2,1,0,2,2,0,3,7,0,0,0,0,0,0,0,India,38054.0,64.0,45,5,0,Low Value,38054.0,No Response,55-64,Store,2,Two or More Children,0.4,40.0,0.2857142857142857,0-30 Days,Non-Responder
3436,1969,Graduation,Married,1,0,2014-01-26,24,11,0,5,2,1,1,1,1,0,3,7,0,0,0,0,0,0,0,Spain,14045.0,45.0,20,4,0,Low Value,14045.0,No Response,45-54,Store,1,One Child,0.25,25.0,0.14285714285714285,0-30 Days,Non-Responder
7505,1957,PhD,Married,1,1,2014-01-19,24,22,1,9,0,0,14,1,1,1,2,4,0,0,0,0,0,0,0,Spain,44155.0,57.0,46,4,0,Low Value,44155.0,No Response,55-64,Store,2,Two or More Children,0.25,25.0,0.25,0-30 Days,Non-Responder
4286,1970,PhD,Single,0,1,2014-01-09,24,580,6,58,8,0,27,3,7,6,6,4,1,0,0,0,0,0,0,India,57642.0,44.0,679,19,1,Medium Value,57642.0,Low Engagement,35-44,Web,1,One Child,0.15789473684210525,15.789473684210526,1.75,0-30 Days,Non-Responder
7224,1977,Graduation,Married,1,1,2013-12-29,24,10,0,10,3,1,7,2,1,1,2,8,0,0,0,0,0,0,0,India,31353.0,37.0,31,4,0,Low Value,31353.0,No Response,35-44,Store,2,Two or More Children,0.5,50.0,0.125,0-30 Days,Non-Responder
6215,1977,Graduation,Married,1,1,2013-12-29,24,10,0,10,3,1,7,2,1,1,2,8,0,0,0,0,0,1,0,Saudi Arabia,31353.0,37.0,31,4,0,Low Value,31353.0,No Response,35-44,Store,2,Two or More Children,0.5,50.0,0.125,0-30 Days,Responder
968,1968,Master,Divorced,1,0,2013-12-26,24,112,19,21,16,14,5,3,4,1,4,7,0,0,0,0,0,0,0,Australia,41335.0,46.0,187,9,0,Medium Value,41335.0,No Response,45-54,Web,1,One Child,0.3333333333333333,33.33333333333333,0.5714285714285714,0-30 Days,Non-Responder
4096,1968,Master,Divorced,1,0,2013-12-26,24,112,19,21,16,14,5,3,4,1,4,7,0,0,0,0,0,0,0,USA,41335.0,46.0,187,9,0,Medium Value,41335.0,No Response,45-54,Web,1,One Child,0.3333333333333333,33.33333333333333,0.5714285714285714,0-30 Days,Non-Responder
3153,1957,PhD,Single,2,1,2013-12-08,24,11,0,4,0,0,2,1,1,0,2,8,0,0,0,0,0,0,0,Saudi Arabia,40737.0,57.0,17,3,0,Low Value,40737.0,No Response,55-64,Store,3,Two or More Children,0.3333333333333333,33.33333333333333,0.125,0-30 Days,Non-Responder
6504,1975,2n Cycle,Together,1,0,2013-11-20,24,2,5,9,28,6,28,3,2,1,3,5,1,0,0,0,0,0,0,Spain,19789.0,39.0,78,6,1,Low Value,19789.0,Low Engagement,35-44,Store,1,One Child,0.5,50.0,0.4,0-30 Days,Non-Responder
5329,1949,PhD,Divorced,1,1,2013-09-27,24,8,0,3,0,0,0,1,0,0,3,5,0,0,0,0,0,0,0,Australia,35946.0,65.0,11,3,0,Low Value,35946.0,No Response,65+,Store,2,Two or More Children,0.3333333333333333,33.33333333333333,0.0,0-30 Days,Non-Responder
1175,1983,Master,Married,0,0,2013-09-20,24,88,39,54,64,28,153,1,3,5,3,6,1,0,0,0,0,1,0,Spain,36262.0,31.0,426,11,1,Medium Value,36262.0,Low Engagement,25-34,Catalog,0,No Children,0.09090909090909091,9.090909090909092,0.5,0-30 Days,Responder
1377,1954,Master,Widow,0,1,2013-08-31,24,182,4,33,0,0,66,2,4,1,5,7,0,0,0,0,0,0,0,Saudi Arabia,44551.0,60.0,285,10,0,Medium Value,44551.0,No Response,55-64,Store,1,One Child,0.2,20.0,0.5714285714285714,0-30 Days,Non-Responder
4607,1959,Graduation,Together,0,0,2013-08-23,24,227,23,389,42,21,75,1,4,5,7,2,0,0,0,0,0,0,0,Spain,71367.0,55.0,777,16,0,Medium Value,71367.0,No Response,55-64,Store,0,No Children,0.0625,6.25,2.0,0-30 Days,Non-Responder
4944,1959,Graduation,Together,0,0,2013-08-23,24,227,23,389,42,21,75,1,4,5,7,2,0,0,0,0,0,0,0,Spain,71367.0,55.0,777,16,0,Medium Value,71367.0,No Response,55-64,Store,0,No Children,0.0625,6.25,2.0,0-30 Days,Non-Responder
9483,1959,Graduation,Together,0,1,2013-08-19,24,290,59,177,77,5,29,7,4,6,8,3,0,0,0,0,0,0,1,Canada,57957.0,55.0,637,18,0,Medium Value,57957.0,No Response,55-64,Store,1,One Child,0.3888888888888889,38.88888888888889,1.3333333333333333,0-30 Days,Non-Responder
1378,1972,2n Cycle,Together,0,1,2013-07-24,24,284,16,160,84,16,134,6,7,4,6,6,0,0,0,0,0,0,0,Saudi Arabia,50334.0,42.0,694,17,0,Medium Value,50334.0,No Response,35-44,Web,1,One Child,0.35294117647058826,35.294117647058826,1.1666666666666667,0-30 Days,Non-Responder
5991,1949,Master,Married,0,1,2013-06-08,24,173,2,39,3,2,47,3,5,1,4,7,0,0,0,0,0,0,0,Germany,48150.0,65.0,266,10,0,Medium Value,48150.0,No Response,65+,Web,1,One Child,0.3,30.0,0.7142857142857143,0-30 Days,Non-Responder
2807,1969,Graduation,Married,0,1,2013-02-16,24,656,38,161,62,47,37,3,8,9,7,7,0,0,0,0,0,0,0,Spain,56796.0,45.0,1001,24,0,High Value,56796.0,No Response,45-54,Catalog,1,One Child,0.125,12.5,1.1428571428571428,0-30 Days,Non-Responder
1052,1969,Graduation,Married,0,1,2013-02-16,24,656,38,161,62,47,37,3,8,9,7,7,0,0,0,0,0,0,0,Australia,56796.0,45.0,1001,24,0,High Value,56796.0,No Response,45-54,Catalog,1,One Child,0.125,12.5,1.1428571428571428,0-30 Days,Non-Responder
9760,1963,PhD,Widow,0,1,2013-01-25,24,953,0,71,0,0,174,6,10,5,10,8,0,0,0,0,0,1,0,Saudi Arabia,52278.0,51.0,1198,25,0,High Value,52278.0,No Response,45-54,Web,1,One Child,0.24,24.0,1.25,0-30 Days,Responder
7101,1963,PhD,Widow,0,1,2013-01-25,24,953,0,71,0,0,174,6,10,5,10,8,0,0,0,0,0,0,0,Spain,52278.0,51.0,1198,25,0,High Value,52278.0,No Response,45-54,Web,1,One Child,0.24,24.0,1.25,0-30 Days,Non-Responder
9909,1996,2n Cycle,Married,0,0,2012-11-09,24,3,18,14,15,22,50,3,3,1,3,9,0,0,0,0,0,1,0,Australia,7500.0,18.0,122,7,0,Medium Value,7500.0,No Response,Under 25,Web,0,No Children,0.42857142857142855,42.857142857142854,0.3333333333333333,0-30 Days,Responder
5907,1952,Master,Married,1,1,2012-11-03,24,8,0,8,0,0,2,1,1,0,2,8,0,0,0,0,0,0,0,Spain,33444.0,62.0,18,3,0,Low Value,33444.0,No Response,55-64,Store,2,Two or More Children,0.3333333333333333,33.33333333333333,0.125,0-30 Days,Non-Responder
793,1973,Graduation,Married,1,0,2012-10-06,24,18,3,17,3,0,4,1,2,0,3,9,0,0,0,0,0,0,0,Australia,20895.0,41.0,45,5,0,Low Value,20895.0,No Response,35-44,Store,1,One Child,0.2,20.0,0.2222222222222222,0-30 Days,Non-Responder
8832,1976,Master,Together,1,0,2012-09-12,24,37,5,56,12,8,5,2,3,0,4,7,0,0,0,0,0,0,0,Germany,37509.0,38.0,123,7,0,Medium Value,37509.0,No Response,35-44,Store,1,One Child,0.2857142857142857,28.57142857142857,0.42857142857142855,0-30 Days,Non-Responder
2535,1978,Master,Married,1,0,2012-08-18,24,163,0,480,0,126,75,1,6,5,8,9,0,1,1,1,0,1,0,Spain,88097.0,36.0,844,19,3,High Value,88097.0,High Engagement,35-44,Store,1,One Child,0.05263157894736842,5.263157894736842,0.6666666666666666,0-30 Days,Responder
1523,1973,Graduation,Married,1,1,2014-05-07,25,69,2,15,2,2,6,2,2,0,4,5,0,0,0,0,0,0,0,Saudi Arabia,59041.0,41.0,96,6,0,Low Value,59041.0,No Response,35-44,Store,2,Two or More Children,0.3333333333333333,33.33333333333333,0.4,0-30 Days,Non-Responder
1839,1974,Graduation,Single,0,0,2014-04-21,25,56,7,48,10,2,18,1,3,0,4,7,0,0,0,0,0,0,0,India,43322.0,40.0,141,7,0,Medium Value,43322.0,No Response,35-44,Store,0,No Children,0.14285714285714285,14.285714285714285,0.42857142857142855,0-30 Days,Non-Responder
9972,1955,PhD,Together,1,1,2014-04-13,25,38,0,2,0,0,6,1,1,0,3,7,1,0,0,0,1,0,0,Saudi Arabia,46015.0,59.0,46,4,2,Low Value,46015.0,Medium Engagement,55-64,Store,2,Two or More Children,0.25,25.0,0.14285714285714285,0-30 Days,Non-Responder
2945,1955,PhD,Together,1,1,2014-04-13,25,38,0,2,0,0,6,1,1,0,3,7,1,0,0,0,1,0,0,Canada,46015.0,59.0,46,4,2,Low Value,46015.0,Medium Engagement,55-64,Store,2,Two or More Children,0.25,25.0,0.14285714285714285,0-30 Days,Non-Responder
9291,1959,Master,Married,0,1,2014-03-23,25,8,2,4,0,0,1,1,0,0,3,5,0,0,0,0,0,0,0,Spain,34242.0,55.0,15,3,0,Low Value,34242.0,No Response,55-64,Store,1,One Child,0.3333333333333333,33.33333333333333,0.0,0-30 Days,Non-Responder
2829,1955,Graduation,Married,0,1,2014-03-10,25,626,0,70,0,7,28,2,9,3,8,6,0,1,0,1,0,0,0,Canada,65210.0,59.0,731,20,2,Medium Value,65210.0,Medium Engagement,55-64,Web,1,One Child,0.1,10.0,1.5,0-30 Days,Non-Responder
8594,1958,PhD,Widow,0,1,2014-01-28,25,112,0,6,2,1,14,2,3,1,3,6,0,0,0,0,0,0,0,Spain,50520.0,56.0,135,7,0,Medium Value,50520.0,No Response,55-64,Web,1,One Child,0.2857142857142857,28.57142857142857,0.5,0-30 Days,Non-Responder
1592,1970,Graduation,Married,0,0,2014-01-24,25,547,99,812,151,82,33,0,4,6,5,1,0,0,1,1,0,0,0,Canada,90765.0,44.0,1724,15,2,High Value,90765.0,Medium Engagement,35-44,Catalog,0,No Children,0.0,0.0,4.0,0-30 Days,Non-Responder
4310,1944,Graduation,Married,0,0,2014-01-22,25,507,93,520,242,40,26,1,5,10,5,1,0,0,0,1,0,1,0,Australia,80589.0,70.0,1428,20,1,High Value,80589.0,Low Engagement,65+,Catalog,0,No Children,0.05,5.0,5.0,0-30 Days,Responder
6950,1958,Master,Married,1,1,2013-12-15,25,35,1,16,0,1,1,2,2,0,3,7,0,0,0,0,0,0,0,Canada,49572.0,56.0,54,5,0,Low Value,49572.0,No Response,55-64,Store,2,Two or More Children,0.4,40.0,0.2857142857142857,0-30 Days,Non-Responder
8492,1978,Graduation,Together,0,0,2013-11-09,25,795,0,545,95,58,0,1,8,4,10,6,0,0,0,1,0,0,0,Spain,75437.0,36.0,1493,22,1,High Value,75437.0,Low Engagement,35-44,Store,0,No Children,0.045454545454545456,4.545454545454546,1.3333333333333333,0-30 Days,Non-Responder
5684,1971,Master,Divorced,1,1,2013-10-11,25,56,0,9,0,0,3,2,2,0,3,7,0,0,0,0,0,0,0,Spain,44635.0,43.0,68,5,0,Low Value,44635.0,No Response,35-44,Store,2,Two or More Children,0.4,40.0,0.2857142857142857,0-30 Days,Non-Responder
5909,1964,Graduation,Married,0,1,2013-09-19,25,895,10,101,13,0,152,5,3,4,8,8,0,0,0,0,0,0,0,Germany,58512.0,50.0,1171,15,0,High Value,58512.0,No Response,45-54,Store,1,One Child,0.3333333333333333,33.33333333333333,0.375,0-30 Days,Non-Responder
9855,1952,PhD,Single,0,1,2013-08-25,25,899,0,101,0,0,20,1,6,6,13,4,0,0,0,1,0,0,0,Spain,62000.0,62.0,1020,25,1,High Value,62000.0,Low Engagement,55-64,Store,1,One Child,0.04,4.0,1.5,0-30 Days,Non-Responder
975,1956,Graduation,Single,1,1,2013-05-28,25,178,4,26,8,4,44,5,4,1,5,6,0,0,0,0,0,0,0,Australia,54252.0,58.0,264,10,0,Medium Value,54252.0,No Response,55-64,Store,2,Two or More Children,0.5,50.0,0.6666666666666666,0-30 Days,Non-Responder
8754,1974,PhD,Together,0,1,2013-05-16,25,14,0,3,0,0,3,1,1,0,2,7,0,0,0,0,0,0,0,Spain,45068.0,40.0,20,3,0,Low Value,45068.0,No Response,35-44,Store,1,One Child,0.3333333333333333,33.33333333333333,0.14285714285714285,0-30 Days,Non-Responder
1456,1979,Graduation,Single,0,1,2013-04-01,25,265,199,303,234,9,170,7,10,2,12,7,0,0,0,0,0,0,0,India,60474.0,35.0,1180,24,0,High Value,60474.0,No Response,35-44,Store,1,One Child,0.2916666666666667,29.166666666666668,1.4285714285714286,0-30 Days,Non-Responder
2849,1979,Graduation,Single,0,1,2013-04-01,25,265,199,303,234,9,170,7,10,2,12,7,0,0,0,0,0,0,0,Canada,60474.0,35.0,1180,24,0,High Value,60474.0,No Response,35-44,Store,1,One Child,0.2916666666666667,29.166666666666668,1.4285714285714286,0-30 Days,Non-Responder
9984,1981,2n Cycle,Married,1,1,2013-03-27,25,349,16,144,28,5,182,5,8,5,4,8,1,0,0,1,0,1,0,Spain,56337.0,33.0,724,17,2,Medium Value,56337.0,Medium Engagement,25-34,Web,2,Two or More Children,0.29411764705882354,29.411764705882355,1.0,0-30 Days,Responder
5527,1987,Graduation,Together,1,0,2013-02-13,25,4,12,11,3,13,15,2,2,0,3,8,0,0,0,0,0,0,0,Spain,22434.0,27.0,58,5,0,Low Value,22434.0,No Response,25-34,Store,1,One Child,0.4,40.0,0.25,0-30 Days,Non-Responder
5628,1982,Graduation,Together,0,0,2013-02-08,25,848,154,323,201,61,78,1,10,3,10,6,1,0,0,0,0,0,0,USA,61416.0,32.0,1665,23,1,High Value,61416.0,Low Engagement,25-34,Web,0,No Children,0.043478260869565216,4.3478260869565215,1.6666666666666667,0-30 Days,Non-Responder
7627,1975,Master,Married,0,0,2012-12-12,25,817,183,797,106,163,20,0,5,11,5,2,0,0,1,1,0,1,0,Spain,92163.0,39.0,2086,21,2,High Value,92163.0,Medium Engagement,35-44,Catalog,0,No Children,0.0,0.0,2.5,0-30 Days,Responder
1351,1956,Master,Together,0,1,2012-09-20,25,962,12,194,16,24,12,4,7,8,13,6,0,0,1,0,0,0,0,Spain,58656.0,58.0,1220,28,1,High Value,58656.0,Low Engagement,55-64,Store,1,One Child,0.14285714285714285,14.285714285714285,1.1666666666666667,0-30 Days,Non-Responder
10629,1973,2n Cycle,Married,1,0,2012-09-14,25,25,3,43,17,4,17,3,3,0,3,8,0,0,0,0,0,0,0,Germany,51381.5,41.0,109,6,0,Low Value,51381.5,No Response,35-44,Web,1,One Child,0.5,50.0,0.375,0-30 Days,Non-Responder
10395,1986,Basic,Single,1,0,2012-08-22,25,1,45,3,4,6,42,3,3,1,3,8,0,0,0,0,0,0,0,Spain,8940.0,28.0,101,7,0,Low Value,8940.0,No Response,25-34,Web,1,One Child,0.42857142857142855,42.857142857142854,0.375,0-30 Days,Non-Responder
6961,1974,Graduation,Married,2,0,2014-05-22,26,1,1,5,0,3,1,1,1,0,2,8,0,0,0,0,0,0,0,Spain,26751.0,40.0,11,3,0,Low Value,26751.0,No Response,35-44,Store,2,Two or More Children,0.3333333333333333,33.33333333333333,0.125,0-30 Days,Non-Responder
10196,1978,Graduation,Married,2,0,2014-03-12,26,212,123,177,15,64,23,2,8,2,8,4,0,0,0,0,0,0,0,USA,71427.0,36.0,614,18,0,Medium Value,71427.0,No Response,35-44,Web,2,Two or More Children,0.1111111111111111,11.11111111111111,2.0,0-30 Days,Non-Responder
6182,1984,Graduation,Together,1,0,2014-02-10,26,11,4,20,10,3,5,2,2,0,4,6,0,0,0,0,0,0,0,USA,26646.0,30.0,53,6,0,Low Value,26646.0,No Response,25-34,Store,1,One Child,0.3333333333333333,33.33333333333333,0.3333333333333333,0-30 Days,Non-Responder
10432,1974,Graduation,Divorced,1,0,2014-01-30,26,2,0,9,3,6,2,1,1,0,3,8,0,0,0,0,0,0,0,Canada,19346.0,40.0,22,4,0,Low Value,19346.0,No Response,35-44,Store,1,One Child,0.25,25.0,0.125,0-30 Days,Non-Responder
1542,1975,Graduation,Single,1,2,2013-12-30,26,347,0,35,4,3,7,6,4,2,8,5,0,0,0,0,0,0,0,USA,56243.0,39.0,396,14,0,Medium Value,56243.0,No Response,35-44,Store,3,Two or More Children,0.42857142857142855,42.857142857142854,0.8,0-30 Days,Non-Responder
4220,1970,PhD,Married,0,1,2013-11-02,26,73,0,13,0,1,0,1,2,1,3,3,0,0,0,0,0,0,0,Canada,59892.0,44.0,87,6,0,Low Value,59892.0,No Response,35-44,Store,1,One Child,0.16666666666666666,16.666666666666664,0.6666666666666666,0-30 Days,Non-Responder
4141,1965,Graduation,Together,0,0,2013-08-21,26,426,49,127,111,21,42,1,8,2,10,4,0,0,0,0,0,0,0,USA,71613.0,49.0,776,20,0,Medium Value,71613.0,No Response,45-54,Store,0,No Children,0.05,5.0,2.0,0-30 Days,Non-Responder
1940,1986,Graduation,Married,1,0,2013-07-12,26,1,3,4,2,2,6,1,1,0,2,8,0,0,0,0,0,0,0,Australia,25252.0,28.0,18,3,0,Low Value,25252.0,No Response,25-34,Store,1,One Child,0.3333333333333333,33.33333333333333,0.125,0-30 Days,Non-Responder
1506,1975,Graduation,Single,1,1,2013-06-28,26,48,9,45,3,15,20,4,2,1,4,6,0,0,0,0,0,1,0,Spain,42160.0,39.0,140,7,0,Medium Value,42160.0,No Response,35-44,Store,2,Two or More Children,0.5714285714285714,57.14285714285714,0.3333333333333333,0-30 Days,Responder
6347,1979,Basic,Single,1,0,2013-06-27,26,1,1,4,11,9,10,1,1,0,3,8,0,0,0,0,0,0,0,Spain,15862.0,35.0,36,4,0,Low Value,15862.0,No Response,35-44,Store,1,One Child,0.25,25.0,0.125,0-30 Days,Non-Responder
1361,1974,Master,Married,0,0,2013-06-04,26,1076,68,103,29,91,68,1,3,4,8,1,0,1,1,0,0,1,0,Spain,82584.0,40.0,1435,15,2,High Value,82584.0,Medium Engagement,35-44,Store,0,No Children,0.06666666666666667,6.666666666666667,3.0,0-30 Days,Responder
9422,1989,Graduation,Married,1,0,2013-05-31,26,36,2,42,20,21,10,2,2,1,4,3,0,0,0,0,0,0,0,Australia,38360.0,25.0,131,7,0,Medium Value,38360.0,No Response,25-34,Store,1,One Child,0.2857142857142857,28.57142857142857,0.6666666666666666,0-30 Days,Non-Responder
1081,1957,PhD,Married,1,2,2013-03-27,26,733,9,180,12,19,66,11,6,3,5,4,0,0,0,0,0,0,0,Saudi Arabia,75283.0,57.0,1019,14,0,High Value,75283.0,No Response,55-64,Web,3,Two or More Children,0.7857142857142857,78.57142857142857,1.5,0-30 Days,Non-Responder
7458,1956,Master,Together,1,1,2013-03-06,26,39,2,25,4,3,24,2,3,0,3,8,0,0,0,0,0,0,0,Australia,34941.0,58.0,97,6,0,Low Value,34941.0,No Response,55-64,Web,2,Two or More Children,0.3333333333333333,33.33333333333333,0.375,0-30 Days,Non-Responder
1012,1952,Graduation,Single,0,1,2013-02-18,26,523,7,134,37,14,169,4,8,2,10,7,0,0,0,0,0,0,0,Australia,61823.0,62.0,884,20,0,High Value,61823.0,No Response,55-64,Store,1,One Child,0.2,20.0,1.1428571428571428,0-30 Days,Non-Responder
5453,1956,Master,Married,0,0,2012-09-26,26,1083,108,649,253,151,108,1,4,7,12,2,0,0,0,1,0,0,0,Saudi Arabia,90226.0,58.0,2352,23,1,High Value,90226.0,Low Engagement,55-64,Store,0,No Children,0.043478260869565216,4.3478260869565215,2.0,0-30 Days,Non-Responder
6818,1974,Graduation,Married,0,1,2012-09-12,26,98,0,106,49,10,106,5,5,1,5,6,0,0,0,0,0,0,0,Spain,44989.0,40.0,369,11,0,Medium Value,44989.0,No Response,35-44,Web,1,One Child,0.45454545454545453,45.45454545454545,0.8333333333333334,0-30 Days,Non-Responder
7807,1974,Graduation,Married,0,1,2012-09-12,26,98,0,106,49,10,106,5,5,1,5,6,0,0,0,0,0,0,0,Spain,44989.0,40.0,369,11,0,Medium Value,44989.0,No Response,35-44,Web,1,One Child,0.45454545454545453,45.45454545454545,0.8333333333333334,0-30 Days,Non-Responder
7532,1980,Graduation,Married,0,1,2012-08-30,26,99,2,11,4,0,16,3,3,0,4,8,0,0,0,0,0,0,0,Germany,43586.0,34.0,132,7,0,Medium Value,43586.0,No Response,25-34,Store,1,One Child,0.42857142857142855,42.857142857142854,0.375,0-30 Days,Non-Responder
8346,1974,Graduation,Single,1,0,2012-08-19,26,138,15,35,25,11,72,2,6,2,2,9,1,0,0,0,0,1,0,Spain,32233.0,40.0,296,10,1,Medium Value,32233.0,Low Engagement,35-44,Web,1,One Child,0.2,20.0,0.6666666666666666,0-30 Days,Responder
5564,1969,Graduation,Together,0,1,2012-08-09,26,509,133,497,78,24,97,2,7,5,6,4,0,0,0,0,0,0,0,Australia,62882.0,45.0,1338,18,0,High Value,62882.0,No Response,45-54,Web,1,One Child,0.1111111111111111,11.11111111111111,1.75,0-30 Days,Non-Responder
3267,1963,Master,Together,0,1,2014-06-25,27,527,0,21,0,0,60,3,8,1,8,6,0,1,0,0,0,0,0,Canada,57288.0,51.0,608,17,1,Medium Value,57288.0,Low Engagement,45-54,Web,1,One Child,0.17647058823529413,17.647058823529413,1.3333333333333333,0-30 Days,Non-Responder
3091,1981,2n Cycle,Together,1,0,2014-05-02,27,340,21,134,258,14,56,1,7,5,8,4,0,0,0,0,0,0,0,Saudi Arabia,75774.0,33.0,823,20,0,Medium Value,75774.0,No Response,25-34,Store,1,One Child,0.05,5.0,1.75,0-30 Days,Non-Responder
762,1981,2n Cycle,Together,1,0,2014-05-02,27,340,21,134,258,14,56,1,7,5,8,4,0,0,0,0,0,0,0,Spain,75774.0,33.0,823,20,0,Medium Value,75774.0,No Response,25-34,Store,1,One Child,0.05,5.0,1.75,0-30 Days,Non-Responder
8029,1988,Master,Single,0,0,2014-04-29,27,1184,32,352,21,16,16,1,3,4,7,1,0,1,1,1,0,1,0,USA,90247.0,26.0,1621,14,3,High Value,90247.0,High Engagement,25-34,Store,0,No Children,0.07142857142857142,7.142857142857142,3.0,0-30 Days,Responder
4376,1960,2n Cycle,Single,0,0,2014-02-15,27,10,24,15,13,1,30,1,2,1,3,7,1,0,0,0,0,1,0,Spain,32218.0,54.0,93,6,1,Low Value,32218.0,Low Engagement,45-54,Store,0,No Children,0.16666666666666666,16.666666666666664,0.2857142857142857,0-30 Days,Responder
10981,1988,Graduation,Married,0,0,2014-02-02,27,434,137,400,45,137,45,1,3,4,10,1,0,0,0,0,0,0,0,Saudi Arabia,84219.0,26.0,1198,17,0,High Value,84219.0,No Response,25-34,Store,0,No Children,0.058823529411764705,5.88235294117647,3.0,0-30 Days,Non-Responder
486,1988,Graduation,Married,0,0,2014-02-02,27,434,137,400,45,137,45,1,3,4,10,1,0,0,0,0,0,0,0,Canada,84219.0,26.0,1198,17,0,High Value,84219.0,No Response,25-34,Store,0,No Children,0.058823529411764705,5.88235294117647,3.0,0-30 Days,Non-Responder
1158,1966,Graduation,Divorced,0,1,2014-01-05,27,102,1,15,2,0,24,1,3,0,4,7,0,0,0,0,0,0,0,Spain,48877.0,48.0,144,7,0,Medium Value,48877.0,No Response,45-54,Store,1,One Child,0.14285714285714285,14.285714285714285,0.42857142857142855,0-30 Days,Non-Responder
9119,1950,Graduation,Together,0,1,2013-12-05,27,208,17,76,36,17,38,2,3,3,7,2,0,0,0,0,0,0,0,USA,60905.0,64.0,392,13,0,Medium Value,60905.0,No Response,55-64,Store,1,One Child,0.15384615384615385,15.384615384615385,1.5,0-30 Days,Non-Responder
6694,1964,Graduation,Married,0,1,2013-11-25,27,438,66,400,12,38,114,1,8,3,13,4,0,0,0,0,0,0,0,Spain,75236.0,50.0,1068,24,0,High Value,75236.0,No Response,45-54,Store,1,One Child,0.041666666666666664,4.166666666666666,2.0,0-30 Days,Non-Responder
10573,1953,Graduation,Divorced,0,0,2013-11-18,27,125,16,98,134,21,27,1,6,7,4,3,1,0,0,0,0,0,0,India,62551.0,61.0,421,17,1,Medium Value,62551.0,Low Engagement,55-64,Catalog,0,No Children,0.058823529411764705,5.88235294117647,2.0,0-30 Days,Non-Responder
10140,1983,PhD,Together,0,0,2013-09-28,27,1308,0,396,23,0,0,1,5,7,4,3,0,1,0,0,1,0,0,India,70123.0,31.0,1727,16,2,High Value,70123.0,Medium Engagement,25-34,Catalog,0,No Children,0.0625,6.25,1.6666666666666667,0-30 Days,Non-Responder
2286,1962,Graduation,Single,1,1,2013-09-10,27,64,1,21,0,1,27,2,2,1,3,6,0,0,0,0,0,0,0,Canada,50785.0,52.0,114,6,0,Low Value,50785.0,No Response,45-54,Store,2,Two or More Children,0.3333333333333333,33.33333333333333,0.3333333333333333,0-30 Days,Non-Responder
8420,1970,2n Cycle,Married,0,0,2013-08-03,27,7,4,13,15,8,17,2,2,0,4,5,0,0,0,0,0,0,0,Spain,15315.0,44.0,64,6,0,Low Value,15315.0,No Response,35-44,Store,0,No Children,0.3333333333333333,33.33333333333333,0.4,0-30 Days,Non-Responder
10065,1970,2n Cycle,Married,0,0,2013-08-03,27,7,4,13,15,8,17,2,2,0,4,5,0,0,0,0,0,0,0,Spain,15315.0,44.0,64,6,0,Low Value,15315.0,No Response,35-44,Store,0,No Children,0.3333333333333333,33.33333333333333,0.4,0-30 Days,Non-Responder
1029,1970,PhD,Together,0,1,2013-08-01,27,200,5,44,0,10,20,1,5,1,5,5,0,0,0,0,0,0,0,Spain,64413.0,44.0,279,11,0,Medium Value,64413.0,No Response,35-44,Web,1,One Child,0.09090909090909091,9.090909090909092,1.0,0-30 Days,Non-Responder
4207,1981,PhD,Married,0,0,2013-05-01,27,1001,44,107,58,44,44,1,6,7,11,2,1,0,1,0,0,0,0,Spain,87171.0,33.0,1298,24,2,High Value,87171.0,Medium Engagement,25-34,Store,0,No Children,0.041666666666666664,4.166666666666666,3.0,0-30 Days,Non-Responder
10277,1961,Graduation,Single,0,1,2013-02-21,27,36,0,2,0,0,4,1,1,0,3,7,0,0,0,0,0,0,0,Spain,30081.0,53.0,42,4,0,Low Value,30081.0,No Response,45-54,Store,1,One Child,0.25,25.0,0.14285714285714285,0-30 Days,Non-Responder
4436,1976,Graduation,Single,0,0,2013-02-20,27,18,42,24,15,20,18,1,2,1,4,7,0,0,0,0,0,0,0,Spain,20180.0,38.0,137,7,0,Medium Value,20180.0,No Response,35-44,Store,0,No Children,0.14285714285714285,14.285714285714285,0.2857142857142857,0-30 Days,Non-Responder
2929,1976,Graduation,Single,0,0,2013-02-20,27,18,42,24,15,20,18,1,2,1,4,7,0,0,0,0,0,0,0,Spain,20180.0,38.0,137,7,0,Medium Value,20180.0,No Response,35-44,Store,0,No Children,0.14285714285714285,14.285714285714285,0.2857142857142857,0-30 Days,Non-Responder
6281,1966,Graduation,Divorced,0,1,2013-02-14,27,673,0,199,37,47,26,2,6,3,5,4,1,0,0,0,0,0,0,Spain,55686.0,48.0,982,14,1,High Value,55686.0,Low Engagement,45-54,Web,1,One Child,0.14285714285714285,14.285714285714285,1.5,0-30 Days,Non-Responder
10390,1959,2n Cycle,Married,0,1,2013-02-10,27,6,7,4,3,4,6,1,1,0,3,6,0,0,0,0,0,0,0,Spain,26887.0,55.0,30,4,0,Low Value,26887.0,No Response,55-64,Store,1,One Child,0.25,25.0,0.16666666666666666,0-30 Days,Non-Responder
2574,1977,PhD,Married,0,1,2013-01-31,27,1050,12,144,0,0,24,3,6,4,8,5,0,1,0,1,1,1,0,Spain,61996.0,37.0,1230,18,3,High Value,61996.0,High Engagement,35-44,Store,1,One Child,0.16666666666666666,16.666666666666664,1.2,0-30 Days,Responder
709,1952,Graduation,Divorced,0,1,2012-12-09,27,787,20,204,0,0,92,3,2,2,11,8,0,0,0,0,0,0,0,Saudi Arabia,51537.0,62.0,1103,15,0,High Value,51537.0,No Response,55-64,Store,1,One Child,0.2,20.0,0.25,0-30 Days,Non-Responder
5955,1962,Graduation,Together,0,0,2012-11-17,27,833,33,549,151,133,233,1,4,3,8,3,0,0,0,0,0,0,0,Spain,72025.0,52.0,1932,15,0,High Value,72025.0,No Response,45-54,Store,0,No Children,0.06666666666666667,6.666666666666667,1.3333333333333333,0-30 Days,Non-Responder
8486,1971,Master,Together,1,0,2012-10-01,27,284,0,52,8,3,20,4,9,0,4,10,0,0,0,0,0,0,0,Spain,30538.0,43.0,367,13,0,Medium Value,30538.0,No Response,35-44,Web,1,One Child,0.3076923076923077,30.76923076923077,0.9,0-30 Days,Non-Responder
10343,1991,2n Cycle,Single,0,0,2012-09-29,27,605,91,399,0,45,205,2,3,6,8,3,0,0,0,0,0,0,0,India,61618.0,23.0,1345,17,0,High Value,61618.0,No Response,Under 25,Store,0,No Children,0.11764705882352941,11.76470588235294,1.0,0-30 Days,Non-Responder
6652,1965,Graduation,Married,0,0,2014-06-09,28,227,151,573,98,54,31,1,3,4,9,1,0,0,0,0,0,0,0,Canada,77343.0,49.0,1134,16,0,High Value,77343.0,No Response,45-54,Store,0,No Children,0.0625,6.25,3.0,0-30 Days,Non-Responder
8746,1989,Graduation,Married,1,0,2014-04-05,28,800,0,297,0,34,57,2,2,5,10,6,0,1,0,1,0,0,0,Spain,75433.0,25.0,1188,17,2,High Value,75433.0,Medium Engagement,25-34,Store,1,One Child,0.11764705882352941,11.76470588235294,0.3333333333333333,0-30 Days,Non-Responder
4686,1962,PhD,Widow,0,0,2014-04-02,28,861,31,558,62,95,79,0,6,5,13,2,0,0,1,0,0,0,0,Spain,82571.0,52.0,1686,24,1,High Value,82571.0,Low Engagement,45-54,Store,0,No Children,0.0,0.0,3.0,0-30 Days,Non-Responder
3551,1954,Master,Together,0,1,2014-03-29,28,62,1,57,19,11,48,2,2,1,5,2,0,0,0,0,0,0,0,Spain,60033.0,60.0,198,8,0,Medium Value,60033.0,No Response,55-64,Store,1,One Child,0.25,25.0,1.0,0-30 Days,Non-Responder
4338,1983,Graduation,Single,1,0,2014-03-25,28,23,0,9,0,0,12,1,1,0,3,4,1,0,0,0,0,0,0,Spain,39062.0,31.0,44,4,1,Low Value,39062.0,Low Engagement,25-34,Store,1,One Child,0.25,25.0,0.25,0-30 Days,Non-Responder
4444,1972,Graduation,Married,1,0,2014-03-24,28,11,0,16,7,6,21,1,2,0,3,8,0,0,0,0,0,0,0,Spain,30023.0,42.0,61,5,0,Low Value,30023.0,No Response,35-44,Store,1,One Child,0.2,20.0,0.25,0-30 Days,Non-Responder
498,1970,Graduation,Single,1,0,2014-02-02,28,25,0,22,2,3,5,2,1,0,4,5,0,0,0,0,0,0,0,Spain,30015.0,44.0,57,5,0,Low Value,30015.0,No Response,35-44,Store,1,One Child,0.4,40.0,0.2,0-30 Days,Non-Responder
8230,1980,Graduation,Married,1,0,2014-01-23,28,22,2,31,7,4,5,1,2,0,3,7,0,0,0,0,0,0,0,Spain,33228.0,34.0,71,5,0,Low Value,33228.0,No Response,25-34,Store,1,One Child,0.2,20.0,0.2857142857142857,0-30 Days,Non-Responder
2826,1967,Graduation,Married,2,1,2013-10-28,28,25,0,8,2,0,2,2,2,0,3,7,0,0,0,0,0,0,0,Spain,22574.0,47.0,37,5,0,Low Value,22574.0,No Response,45-54,Store,3,Two or More Children,0.4,40.0,0.2857142857142857,0-30 Days,Non-Responder
6222,1967,Graduation,Married,2,1,2013-10-28,28,25,0,8,2,0,2,2,2,0,3,7,0,0,0,0,0,0,0,Spain,22574.0,47.0,37,5,0,Low Value,22574.0,No Response,45-54,Store,3,Two or More Children,0.4,40.0,0.2857142857142857,0-30 Days,Non-Responder
7352,1957,Graduation,Married,0,1,2013-10-21,28,161,28,136,32,3,45,4,3,4,6,3,0,0,0,0,0,0,0,Canada,55267.0,57.0,405,13,0,Medium Value,55267.0,No Response,55-64,Store,1,One Child,0.3076923076923077,30.76923076923077,1.0,0-30 Days,Non-Responder
10928,1958,Graduation,Together,0,1,2013-09-16,28,315,4,62,41,31,146,2,7,1,7,5,0,0,0,0,0,0,0,Spain,66886.0,56.0,599,15,0,Medium Value,66886.0,No Response,55-64,Web,1,One Child,0.13333333333333333,13.333333333333334,1.4,0-30 Days,Non-Responder
10736,1971,Graduation,Single,0,1,2013-09-12,28,522,0,522,227,120,134,2,6,9,5,2,0,0,0,0,0,0,0,Canada,72258.0,43.0,1525,20,0,High Value,72258.0,No Response,35-44,Catalog,1,One Child,0.1,10.0,3.0,0-30 Days,Non-Responder
10163,1984,PhD,Single,0,0,2013-09-10,28,712,50,420,65,38,38,1,8,4,7,4,0,0,0,0,0,1,0,Spain,82733.0,30.0,1323,19,0,High Value,82733.0,No Response,25-34,Web,0,No Children,0.05263157894736842,5.263157894736842,2.0,0-30 Days,Responder
6168,1963,Graduation,Divorced,1,1,2013-07-15,28,33,0,5,0,0,15,2,1,1,2,4,0,0,0,0,0,0,0,India,45146.0,51.0,53,4,0,Low Value,45146.0,No Response,45-54,Store,2,Two or More Children,0.5,50.0,0.25,0-30 Days,Non-Responder
4656,1990,2n Cycle,Single,1,0,2013-03-30,28,342,32,230,34,32,40,5,10,5,4,9,1,0,0,0,0,0,0,Saudi Arabia,51250.0,24.0,710,19,1,Medium Value,51250.0,Low Engagement,Under 25,Web,1,One Child,0.2631578947368421,26.31578947368421,1.1111111111111112,0-30 Days,Non-Responder
626,1951,Graduation,Married,1,1,2013-03-09,28,22,2,12,0,2,5,1,1,0,3,4,0,0,0,0,0,0,0,USA,32871.0,63.0,43,4,0,Low Value,32871.0,No Response,55-64,Store,2,Two or More Children,0.25,25.0,0.25,0-30 Days,Non-Responder
3870,1978,2n Cycle,Together,0,0,2013-02-09,28,359,35,314,93,116,89,1,7,3,13,4,0,0,0,0,0,0,0,Germany,63855.0,36.0,1006,23,0,High Value,63855.0,No Response,35-44,Store,0,No Children,0.043478260869565216,4.3478260869565215,1.75,0-30 Days,Non-Responder
6299,1968,PhD,Divorced,0,1,2013-01-02,28,324,48,186,39,18,198,6,6,8,4,7,1,0,0,0,0,1,0,Canada,42564.0,46.0,813,18,1,Medium Value,42564.0,Low Engagement,45-54,Catalog,1,One Child,0.3333333333333333,33.33333333333333,0.8571428571428571,0-30 Days,Responder
7798,1972,2n Cycle,Together,0,1,2012-12-14,28,233,20,57,8,20,91,4,7,1,5,7,0,0,0,0,0,0,0,Canada,46344.0,42.0,429,13,0,Medium Value,46344.0,No Response,35-44,Web,1,One Child,0.3076923076923077,30.76923076923077,1.0,0-30 Days,Non-Responder
9973,1963,Graduation,Married,0,2,2012-10-17,28,370,9,92,6,9,4,3,7,1,8,7,0,0,0,0,0,0,0,Spain,50437.0,51.0,490,16,0,Medium Value,50437.0,No Response,45-54,Store,2,Two or More Children,0.1875,18.75,1.0,0-30 Days,Non-Responder
4299,1960,Graduation,Together,0,1,2012-09-21,28,1001,17,572,93,125,17,7,11,11,5,7,0,0,0,0,0,1,0,Spain,70971.0,54.0,1825,27,0,High Value,70971.0,No Response,45-54,Web,1,One Child,0.25925925925925924,25.925925925925924,1.5714285714285714,0-30 Days,Responder
10971,1977,Graduation,Single,2,0,2012-09-03,28,173,8,107,7,2,176,4,7,2,3,9,1,0,0,0,0,1,1,Spain,37774.0,37.0,473,12,1,Medium Value,37774.0,Low Engagement,35-44,Web,2,Two or More Children,0.3333333333333333,33.33333333333333,0.7777777777777778,0-30 Days,Responder
9931,1963,PhD,Married,1,1,2014-06-23,29,5,0,1,1,1,1,15,0,0,0,19,0,0,0,0,0,0,0,Spain,4023.0,51.0,9,0,0,Low Value,4023.0,No Response,45-54,Web,2,Two or More Children,0.0,0.0,0.0,0-30 Days,Non-Responder
6679,1966,Graduation,Single,0,0,2014-06-12,29,10,3,3,0,0,0,1,0,0,3,3,0,0,0,0,0,0,0,Spain,33279.0,48.0,16,3,0,Low Value,33279.0,No Response,45-54,Store,0,No Children,0.3333333333333333,33.33333333333333,0.0,0-30 Days,Non-Responder
5961,1978,Graduation,Married,1,0,2014-06-07,29,8,4,20,6,3,16,1,1,0,3,5,0,0,0,0,0,0,0,Spain,42693.0,36.0,57,4,0,Low Value,42693.0,No Response,35-44,Store,1,One Child,0.25,25.0,0.2,0-30 Days,Non-Responder
6255,1952,Master,Together,0,1,2014-06-03,29,138,39,63,55,18,21,1,4,1,7,2,0,0,0,0,0,0,0,Australia,70545.0,62.0,334,12,0,Medium Value,70545.0,No Response,55-64,Store,1,One Child,0.08333333333333333,8.333333333333332,2.0,0-30 Days,Non-Responder
8614,1957,Graduation,Widow,0,1,2014-05-12,29,245,19,125,37,67,14,1,4,2,10,2,0,0,0,0,0,0,0,Australia,65486.0,57.0,507,16,0,Medium Value,65486.0,No Response,55-64,Store,1,One Child,0.0625,6.25,2.0,0-30 Days,Non-Responder
7828,1981,Master,Together,0,0,2014-04-30,29,68,129,396,188,22,15,1,3,3,5,1,0,0,0,0,0,0,0,Saudi Arabia,77882.0,33.0,818,11,0,Medium Value,77882.0,No Response,25-34,Store,0,No Children,0.09090909090909091,9.090909090909092,3.0,0-30 Days,Non-Responder
1277,1960,Graduation,Together,0,0,2014-04-09,29,434,22,388,104,22,34,1,10,7,10,4,0,0,0,1,0,0,0,USA,78468.0,54.0,1004,27,1,High Value,78468.0,Low Engagement,45-54,Web,0,No Children,0.037037037037037035,3.7037037037037033,2.5,0-30 Days,Non-Responder
3595,1963,Graduation,Together,0,1,2014-02-28,29,631,43,239,128,76,21,2,6,8,12,3,0,0,0,0,0,0,0,Spain,77226.0,51.0,1138,26,0,High Value,77226.0,No Response,45-54,Store,1,One Child,0.07692307692307693,7.6923076923076925,2.0,0-30 Days,Non-Responder
5735,1991,Master,Single,0,0,2014-02-13,29,1156,120,915,94,144,96,1,3,4,10,1,0,0,1,0,0,0,0,Spain,90638.0,23.0,2525,17,1,High Value,90638.0,Low Engagement,Under 25,Store,0,No Children,0.058823529411764705,5.88235294117647,3.0,0-30 Days,Non-Responder
5350,1991,Master,Single,0,0,2014-02-13,29,1156,120,915,94,144,96,1,3,4,10,1,0,0,1,0,0,1,0,Saudi Arabia,90638.0,23.0,2525,17,1,High Value,90638.0,Low Engagement,Under 25,Store,0,No Children,0.058823529411764705,5.88235294117647,3.0,0-30 Days,Responder
4137,1948,Graduation,Together,0,0,2013-12-06,29,398,40,367,119,122,30,1,7,4,4,4,0,0,0,0,0,0,0,Australia,70666.0,66.0,1076,15,0,High Value,70666.0,No Response,65+,Web,0,No Children,0.06666666666666667,6.666666666666667,1.75,0-30 Days,Non-Responder
6357,1959,2n Cycle,Divorced,0,1,2013-11-17,29,230,35,75,63,57,31,3,7,1,7,5,0,0,0,0,0,0,0,Saudi Arabia,59052.0,55.0,491,15,0,Medium Value,59052.0,No Response,55-64,Web,1,One Child,0.2,20.0,1.4,0-30 Days,Non-Responder
9316,1952,Basic,Together,0,0,2013-11-02,29,2,0,7,3,7,10,1,1,0,3,6,0,0,0,0,0,0,0,USA,13084.0,62.0,29,4,0,Low Value,13084.0,No Response,55-64,Store,0,No Children,0.25,25.0,0.16666666666666666,0-30 Days,Non-Responder
3578,1949,Graduation,Divorced,0,1,2013-10-20,29,122,21,43,25,10,15,2,3,1,6,6,0,0,0,0,0,0,0,Spain,49160.0,65.0,236,10,0,Medium Value,49160.0,No Response,65+,Store,1,One Child,0.2,20.0,0.5,0-30 Days,Non-Responder
153,1953,Graduation,Divorced,0,0,2013-10-17,29,19,3,6,4,2,12,1,1,0,3,4,0,0,0,0,0,0,0,Spain,23272.0,61.0,46,4,0,Low Value,23272.0,No Response,55-64,Store,0,No Children,0.25,25.0,0.25,0-30 Days,Non-Responder
10524,1963,Master,Divorced,0,1,2013-06-20,29,386,23,95,54,41,196,4,2,11,5,2,0,0,0,0,0,0,0,Canada,49476.0,51.0,795,18,0,Medium Value,49476.0,No Response,45-54,Catalog,1,One Child,0.2222222222222222,22.22222222222222,1.0,0-30 Days,Non-Responder
1518,1965,Master,Married,1,1,2013-06-17,29,379,6,157,25,91,91,5,9,3,7,7,0,0,0,0,0,0,0,Spain,62694.0,49.0,749,19,0,Medium Value,62694.0,No Response,45-54,Web,2,Two or More Children,0.2631578947368421,26.31578947368421,1.2857142857142858,0-30 Days,Non-Responder
2036,1973,PhD,Together,0,1,2013-06-11,29,243,11,119,10,3,15,3,4,2,8,4,0,0,0,0,0,0,0,India,57906.0,41.0,401,14,0,Medium Value,57906.0,No Response,35-44,Store,1,One Child,0.21428571428571427,21.428571428571427,1.0,0-30 Days,Non-Responder
9495,1982,Graduation,Together,0,0,2013-05-08,29,358,108,413,141,97,32,1,2,8,6,1,0,0,0,0,0,0,0,Spain,71853.0,32.0,1149,16,0,High Value,71853.0,No Response,25-34,Catalog,0,No Children,0.0625,6.25,2.0,0-30 Days,Non-Responder
2631,1982,Graduation,Together,0,0,2013-05-08,29,358,108,413,141,97,32,1,2,8,6,1,0,0,0,0,0,0,0,Spain,71853.0,32.0,1149,16,0,High Value,71853.0,No Response,25-34,Catalog,0,No Children,0.0625,6.25,2.0,0-30 Days,Non-Responder
6312,1959,Graduation,Married,0,1,2013-03-17,29,258,107,291,84,37,86,4,10,3,13,7,0,0,0,0,0,0,0,Germany,65031.0,55.0,863,26,0,High Value,65031.0,No Response,55-64,Store,1,One Child,0.15384615384615385,15.384615384615385,1.4285714285714286,0-30 Days,Non-Responder
615,1960,Graduation,Together,0,0,2013-03-11,29,65,36,74,38,20,110,1,5,1,4,7,0,0,0,0,0,0,0,Spain,30507.0,54.0,343,10,0,Medium Value,30507.0,No Response,45-54,Web,0,No Children,0.1,10.0,0.7142857142857143,0-30 Days,Non-Responder
4406,1970,Graduation,Together,0,1,2013-01-16,29,846,84,352,91,56,42,4,9,4,8,5,0,0,0,0,0,0,0,Canada,67419.0,44.0,1471,21,0,High Value,67419.0,No Response,35-44,Web,1,One Child,0.19047619047619047,19.047619047619047,1.8,0-30 Days,Non-Responder
10061,1950,Graduation,Married,0,1,2013-01-05,29,724,17,143,0,8,196,2,9,2,12,7,0,0,0,0,0,0,0,USA,59462.0,64.0,1088,23,0,High Value,59462.0,No Response,55-64,Store,1,One Child,0.08695652173913043,8.695652173913043,1.2857142857142858,0-30 Days,Non-Responder
10619,1994,Graduation,Single,0,0,2012-12-03,29,770,29,890,250,27,24,1,7,3,7,3,0,0,1,0,0,1,0,Saudi Arabia,95529.0,20.0,1990,17,1,High Value,95529.0,Low Engagement,Under 25,Web,0,No Children,0.058823529411764705,5.88235294117647,2.3333333333333335,0-30 Days,Responder
4945,1953,Graduation,Widow,0,0,2012-11-07,29,815,10,239,28,10,108,2,10,4,12,6,0,0,0,0,0,0,0,Spain,53653.0,61.0,1210,26,0,High Value,53653.0,No Response,55-64,Store,0,No Children,0.07692307692307693,7.6923076923076925,1.6666666666666667,0-30 Days,Non-Responder
1777,1980,Basic,Married,0,0,2012-09-07,29,2,2,11,41,7,11,1,2,0,3,8,0,0,0,0,0,0,0,Spain,25965.0,34.0,74,5,0,Low Value,25965.0,No Response,25-34,Store,0,No Children,0.2,20.0,0.25,0-30 Days,Non-Responder
4023,1970,Graduation,Married,1,0,2012-09-06,29,16,17,19,20,21,22,3,3,2,2,8,0,0,0,0,0,1,0,Spain,22979.0,44.0,115,7,0,Medium Value,22979.0,No Response,35-44,Web,1,One Child,0.42857142857142855,42.857142857142854,0.375,0-30 Days,Responder
7922,1951,PhD,Single,0,1,2012-08-12,29,819,0,72,12,0,63,2,11,2,10,7,0,1,0,0,0,0,0,Saudi Arabia,64950.0,63.0,966,23,1,High Value,64950.0,Low Engagement,55-64,Web,1,One Child,0.08695652173913043,8.695652173913043,1.5714285714285714,0-30 Days,Non-Responder
10699,1985,Graduation,Married,1,0,2014-06-16,30,46,0,40,3,0,3,2,3,0,3,8,0,0,0,0,0,0,0,Saudi Arabia,44322.0,29.0,92,6,0,Low Value,44322.0,No Response,25-34,Web,1,One Child,0.3333333333333333,33.33333333333333,0.375,0-30 Days,Non-Responder
7516,1983,Graduation,Married,1,0,2014-05-22,30,5,3,11,12,5,9,1,2,0,3,6,0,0,0,0,0,0,0,Germany,30096.0,31.0,45,5,0,Low Value,30096.0,No Response,25-34,Store,1,One Child,0.2,20.0,0.3333333333333333,0-30 Days,Non-Responder
3129,1983,Graduation,Married,1,0,2014-05-22,30,5,3,11,12,5,9,1,2,0,3,6,0,0,0,0,0,0,0,Spain,30096.0,31.0,45,5,0,Low Value,30096.0,No Response,25-34,Store,1,One Child,0.2,20.0,0.3333333333333333,0-30 Days,Non-Responder
5121,1977,Graduation,Single,0,1,2014-03-21,30,479,5,82,7,17,171,2,7,6,5,5,1,0,0,0,0,0,0,Canada,56628.0,37.0,761,18,1,Medium Value,56628.0,Low Engagement,35-44,Web,1,One Child,0.1111111111111111,11.11111111111111,1.4,0-30 Days,Non-Responder
2186,1977,2n Cycle,Together,0,0,2014-03-10,30,938,142,754,159,81,183,1,5,10,6,2,0,1,1,1,0,1,0,Spain,82326.0,37.0,2257,21,3,High Value,82326.0,High Engagement,35-44,Catalog,0,No Children,0.047619047619047616,4.761904761904762,2.5,0-30 Days,Responder
10548,1995,Graduation,Single,0,0,2014-03-09,30,283,17,372,138,106,44,1,3,8,12,1,0,0,0,0,0,0,0,Germany,71163.0,19.0,960,23,0,High Value,71163.0,No Response,Under 25,Store,0,No Children,0.043478260869565216,4.3478260869565215,3.0,0-30 Days,Non-Responder
6384,1978,Graduation,Divorced,0,1,2014-02-11,30,909,12,278,0,12,242,3,5,2,11,8,1,0,0,0,0,0,0,USA,71022.0,36.0,1453,18,1,High Value,71022.0,Low Engagement,35-44,Store,1,One Child,0.16666666666666666,16.666666666666664,0.625,0-30 Days,Non-Responder
2625,1954,2n Cycle,Single,0,1,2013-11-17,30,156,29,56,30,32,47,2,3,2,7,3,0,0,0,0,0,0,0,Saudi Arabia,42607.0,60.0,350,12,0,Medium Value,42607.0,No Response,55-64,Store,1,One Child,0.16666666666666666,16.666666666666664,1.0,0-30 Days,Non-Responder
1676,1975,Graduation,Married,0,1,2013-10-30,30,213,2,44,0,2,5,4,4,2,5,5,0,0,0,0,0,0,0,Spain,43057.0,39.0,266,11,0,Medium Value,43057.0,No Response,35-44,Store,1,One Child,0.36363636363636365,36.36363636363637,0.8,0-30 Days,Non-Responder
5534,1975,Master,Married,0,1,2013-10-20,30,123,1,26,2,0,72,2,3,2,3,7,1,0,0,0,0,0,0,Spain,47808.0,39.0,224,8,1,Medium Value,47808.0,Low Engagement,35-44,Web,1,One Child,0.25,25.0,0.42857142857142855,0-30 Days,Non-Responder
6859,1987,Graduation,Single,1,0,2013-10-08,30,37,4,24,16,9,9,2,4,0,3,9,0,0,0,0,0,0,0,Spain,29236.0,27.0,99,7,0,Low Value,29236.0,No Response,25-34,Web,1,One Child,0.2857142857142857,28.57142857142857,0.4444444444444444,0-30 Days,Non-Responder
271,1969,Graduation,Widow,1,1,2013-10-02,30,154,0,50,6,11,37,5,3,4,3,6,1,0,0,0,0,0,0,Canada,40590.0,45.0,258,10,1,Medium Value,40590.0,Low Engagement,45-54,Catalog,2,Two or More Children,0.5,50.0,0.5,0-30 Days,Non-Responder
7699,1969,Graduation,Widow,1,1,2013-10-02,30,154,0,50,6,11,37,5,3,4,3,6,1,0,0,0,0,0,0,Canada,40590.0,45.0,258,10,1,Medium Value,40590.0,Low Engagement,45-54,Catalog,2,Two or More Children,0.5,50.0,0.5,0-30 Days,Non-Responder
7832,1959,Master,Married,0,1,2013-08-28,30,940,44,396,0,88,58,1,8,7,7,4,1,0,1,1,0,1,0,Spain,77520.0,55.0,1526,22,3,High Value,77520.0,High Engagement,55-64,Web,1,One Child,0.045454545454545456,4.545454545454546,2.0,0-30 Days,Responder
938,1981,Graduation,Married,1,1,2013-07-30,30,51,1,7,2,1,25,2,2,1,2,8,1,0,0,0,0,0,0,Spain,40211.0,33.0,87,5,1,Low Value,40211.0,Low Engagement,25-34,Web,2,Two or More Children,0.4,40.0,0.25,0-30 Days,Non-Responder
7873,1973,PhD,Together,1,1,2013-07-06,30,141,11,114,15,14,5,4,4,1,7,5,0,0,0,0,0,0,0,Canada,63516.0,41.0,300,12,0,Medium Value,63516.0,No Response,35-44,Store,2,Two or More Children,0.3333333333333333,33.33333333333333,0.8,0-30 Days,Non-Responder
9967,1974,Graduation,Divorced,1,1,2013-05-30,30,160,15,196,15,11,50,8,6,1,7,8,0,0,0,0,0,0,0,USA,53034.0,40.0,447,14,0,Medium Value,53034.0,No Response,35-44,Store,2,Two or More Children,0.5714285714285714,57.14285714285714,0.75,0-30 Days,Non-Responder
1087,1975,Master,Together,1,0,2013-05-22,30,16,14,36,37,22,48,3,4,1,2,9,0,0,0,0,0,1,0,Spain,22669.0,39.0,173,7,0,Medium Value,22669.0,No Response,35-44,Web,1,One Child,0.42857142857142855,42.857142857142854,0.4444444444444444,0-30 Days,Responder
8314,1982,Graduation,Married,0,0,2013-04-05,30,557,129,761,29,185,111,1,5,6,7,2,0,0,1,0,0,0,0,Spain,79908.0,32.0,1772,18,1,High Value,79908.0,Low Engagement,25-34,Store,0,No Children,0.05555555555555555,5.555555555555555,2.5,0-30 Days,Non-Responder
3762,1986,PhD,Single,0,0,2013-04-02,30,196,0,512,33,130,54,1,3,5,8,1,0,0,0,1,0,1,0,Saudi Arabia,69867.0,28.0,925,16,1,High Value,69867.0,Low Engagement,25-34,Store,0,No Children,0.0625,6.25,3.0,0-30 Days,Responder
10383,1966,Graduation,Divorced,0,0,2013-04-02,30,295,35,482,121,120,40,1,5,5,10,3,0,0,0,0,0,1,0,Australia,70287.0,48.0,1093,20,0,High Value,70287.0,No Response,45-54,Store,0,No Children,0.05,5.0,1.6666666666666667,0-30 Days,Responder
6798,1966,Graduation,Single,1,1,2013-03-20,30,231,7,137,4,15,39,9,5,1,8,7,0,0,0,0,0,1,0,Saudi Arabia,37070.0,48.0,433,14,0,Medium Value,37070.0,No Response,45-54,Store,2,Two or More Children,0.6428571428571429,64.28571428571429,0.7142857142857143,0-30 Days,Responder
4168,1966,Graduation,Single,1,1,2013-03-20,30,231,7,137,4,15,39,9,5,1,8,7,0,0,0,0,0,1,0,Spain,37070.0,48.0,433,14,0,Medium Value,37070.0,No Response,45-54,Store,2,Two or More Children,0.6428571428571429,64.28571428571429,0.7142857142857143,0-30 Days,Responder
6690,1966,Master,Married,1,1,2013-03-14,30,38,4,22,4,2,20,4,3,1,3,7,0,0,0,0,0,0,0,Saudi Arabia,38179.0,48.0,90,7,0,Low Value,38179.0,No Response,45-54,Web,2,Two or More Children,0.5714285714285714,57.14285714285714,0.42857142857142855,0-30 Days,Non-Responder
10602,1983,Graduation,Married,1,0,2013-02-14,30,29,12,59,19,1,36,2,3,0,4,8,0,0,0,0,0,0,0,India,39922.0,31.0,156,7,0,Medium Value,39922.0,No Response,25-34,Store,1,One Child,0.2857142857142857,28.57142857142857,0.375,0-30 Days,Non-Responder
3220,1983,Graduation,Married,1,0,2013-02-14,30,29,12,59,19,1,36,2,3,0,4,8,0,0,0,0,0,0,0,Germany,39922.0,31.0,156,7,0,Medium Value,39922.0,No Response,25-34,Store,1,One Child,0.2857142857142857,28.57142857142857,0.375,0-30 Days,Non-Responder
5424,1983,Graduation,Married,1,0,2013-02-14,30,29,12,59,19,1,36,2,3,0,4,8,0,0,0,0,0,0,0,Saudi Arabia,39922.0,31.0,156,7,0,Medium Value,39922.0,No Response,25-34,Store,1,One Child,0.2857142857142857,28.57142857142857,0.375,0-30 Days,Non-Responder
7488,1963,Master,Single,0,1,2013-01-22,30,420,15,186,151,38,15,3,5,3,13,3,0,0,0,0,0,0,0,Spain,64191.0,51.0,825,21,0,Medium Value,64191.0,No Response,45-54,Store,1,One Child,0.14285714285714285,14.285714285714285,1.6666666666666667,0-30 Days,Non-Responder
5289,1975,2n Cycle,Single,1,1,2012-11-09,30,8,4,12,15,4,29,2,1,1,2,4,0,0,0,0,0,0,0,Australia,41658.0,39.0,72,4,0,Low Value,41658.0,No Response,35-44,Store,2,Two or More Children,0.5,50.0,0.25,0-30 Days,Non-Responder
347,1976,Graduation,Divorced,0,1,2012-09-08,30,229,27,71,13,3,34,4,7,1,5,9,0,0,0,0,0,0,0,Canada,40780.0,38.0,377,13,0,Medium Value,40780.0,No Response,35-44,Web,1,One Child,0.3076923076923077,30.76923076923077,0.7777777777777778,0-30 Days,Non-Responder
5236,1979,Graduation,Together,0,1,2012-08-25,30,1230,0,396,232,178,158,1,10,2,8,5,0,1,1,1,0,0,0,Spain,77568.0,35.0,2194,20,3,High Value,77568.0,High Engagement,35-44,Web,1,One Child,0.05,5.0,2.0,0-30 Days,Non-Responder
9478,1985,Graduation,Single,1,0,2012-08-14,30,91,64,128,65,3,50,2,4,3,6,3,0,0,0,0,0,0,0,Spain,66503.0,29.0,401,13,0,Medium Value,66503.0,No Response,25-34,Store,1,One Child,0.15384615384615385,15.384615384615385,1.3333333333333333,0-30 Days,Non-Responder
477,1986,Graduation,Married,0,0,2014-06-17,31,1060,61,835,80,20,101,1,4,7,10,1,1,0,1,1,1,1,0,Spain,83512.0,28.0,2157,21,4,High Value,83512.0,High Engagement,25-34,Store,0,No Children,0.047619047619047616,4.761904761904762,4.0,31-60 Days,Responder
7411,1964,PhD,Married,1,1,2014-06-05,31,11,0,5,0,0,1,2,1,0,3,6,0,0,0,0,0,0,0,Saudi Arabia,31686.0,50.0,17,4,0,Low Value,31686.0,No Response,45-54,Store,2,Two or More Children,0.5,50.0,0.16666666666666666,31-60 Days,Non-Responder
3107,1976,Graduation,Together,0,1,2014-05-02,31,121,24,124,24,15,42,1,4,1,7,2,0,0,0,0,0,0,0,Australia,71322.0,38.0,350,12,0,Medium Value,71322.0,No Response,35-44,Store,1,One Child,0.08333333333333333,8.333333333333332,2.0,31-60 Days,Non-Responder
7437,1988,Graduation,Single,1,0,2014-04-28,31,13,0,8,2,1,5,1,1,0,4,3,0,0,0,0,0,0,0,Australia,27938.0,26.0,29,5,0,Low Value,27938.0,No Response,25-34,Store,1,One Child,0.2,20.0,0.3333333333333333,31-60 Days,Non-Responder
255,1951,Graduation,Divorced,1,1,2014-03-30,31,17,0,2,0,0,2,2,1,0,3,6,0,0,0,0,0,0,1,Spain,22263.0,63.0,21,4,0,Low Value,22263.0,No Response,55-64,Store,2,Two or More Children,0.5,50.0,0.16666666666666666,31-60 Days,Non-Responder
3790,1956,Graduation,Together,2,1,2014-01-23,31,8,1,5,0,0,1,1,1,0,2,6,0,0,0,0,0,0,0,Saudi Arabia,34633.0,58.0,15,3,0,Low Value,34633.0,No Response,55-64,Store,3,Two or More Children,0.3333333333333333,33.33333333333333,0.16666666666666666,31-60 Days,Non-Responder
749,1981,Graduation,Together,1,0,2013-11-19,31,46,7,59,2,4,27,2,3,1,3,6,1,0,0,0,0,1,0,Spain,42162.0,33.0,145,7,1,Medium Value,42162.0,Low Engagement,25-34,Web,1,One Child,0.2857142857142857,28.57142857142857,0.5,31-60 Days,Responder
1503,1976,PhD,Together,1,1,2013-06-03,31,85,1,16,2,1,2,0,0,0,1,1,0,0,0,0,0,0,0,Spain,162397.0,38.0,107,1,0,Low Value,162397.0,No Response,35-44,Store,2,Two or More Children,0.0,0.0,0.0,31-60 Days,Non-Responder
8650,1978,Graduation,Widow,1,1,2013-03-18,31,5,6,10,6,5,10,1,1,0,3,4,0,0,0,0,0,0,0,Spain,54162.0,36.0,42,4,0,Low Value,54162.0,No Response,35-44,Store,2,Two or More Children,0.25,25.0,0.25,31-60 Days,Non-Responder
607,1955,2n Cycle,Divorced,0,1,2013-02-13,31,302,29,131,32,0,27,6,8,1,7,8,0,0,0,0,0,0,0,India,41769.0,59.0,521,16,0,Medium Value,41769.0,No Response,55-64,Web,1,One Child,0.375,37.5,1.0,31-60 Days,Non-Responder
1008,1981,PhD,Together,0,0,2012-12-21,31,728,17,133,11,8,124,1,7,3,13,6,1,0,0,0,0,0,0,Germany,44953.0,33.0,1021,23,1,High Value,44953.0,Low Engagement,25-34,Store,0,No Children,0.043478260869565216,4.3478260869565215,1.1666666666666667,31-60 Days,Non-Responder
9396,1978,PhD,Married,1,0,2012-11-23,31,9,0,6,4,1,5,1,1,0,2,9,0,0,0,0,0,0,0,Saudi Arabia,37717.0,36.0,25,3,0,Low Value,37717.0,No Response,35-44,Store,1,One Child,0.3333333333333333,33.33333333333333,0.1111111111111111,31-60 Days,Non-Responder
933,1978,PhD,Married,1,0,2012-11-23,31,9,0,6,4,1,5,1,1,0,2,9,0,0,0,0,0,0,0,Spain,37717.0,36.0,25,3,0,Low Value,37717.0,No Response,35-44,Store,1,One Child,0.3333333333333333,33.33333333333333,0.1111111111111111,31-60 Days,Non-Responder
5710,1970,Graduation,Together,0,1,2012-10-10,31,110,0,5,2,0,3,2,2,1,4,5,0,1,0,0,0,0,0,Australia,40548.0,44.0,120,7,1,Medium Value,40548.0,Low Engagement,35-44,Store,1,One Child,0.2857142857142857,28.57142857142857,0.4,31-60 Days,Non-Responder
2882,1975,2n Cycle,Divorced,0,1,2012-10-01,31,711,28,142,49,18,47,2,3,2,9,8,0,0,0,0,0,0,0,Saudi Arabia,67893.0,39.0,995,14,0,High Value,67893.0,No Response,35-44,Store,1,One Child,0.14285714285714285,14.285714285714285,0.375,31-60 Days,Non-Responder
2379,1953,Graduation,Single,0,0,2012-09-22,31,778,44,499,95,73,146,2,3,4,5,7,0,0,0,0,0,1,0,Saudi Arabia,69267.0,61.0,1635,12,0,High Value,69267.0,No Response,55-64,Store,0,No Children,0.16666666666666666,16.666666666666664,0.42857142857142855,31-60 Days,Responder
5342,1976,Basic,Divorced,1,0,2012-08-08,31,0,1,3,10,6,9,2,1,0,3,8,0,0,0,0,0,0,0,Canada,9548.0,38.0,29,4,0,Low Value,9548.0,No Response,35-44,Store,1,One Child,0.5,50.0,0.125,31-60 Days,Non-Responder
3262,1958,Graduation,Single,0,0,2012-08-07,31,995,112,417,42,48,41,1,2,9,13,5,0,0,0,0,0,1,0,Spain,68281.0,56.0,1655,24,0,High Value,68281.0,No Response,55-64,Store,0,No Children,0.041666666666666664,4.166666666666666,0.4,31-60 Days,Responder
5832,1960,2n Cycle,Together,0,0,2014-04-20,32,493,183,352,184,23,28,0,3,5,13,0,0,0,0,0,0,0,0,Spain,92556.0,54.0,1263,21,0,High Value,92556.0,No Response,45-54,Store,0,No Children,0.0,0.0,,31-60 Days,Non-Responder
5025,1979,Graduation,Single,1,0,2013-12-24,32,23,17,23,43,20,9,1,2,1,4,3,0,0,0,0,0,0,0,Spain,48526.0,35.0,135,7,0,Medium Value,48526.0,No Response,35-44,Store,1,One Child,0.14285714285714285,14.285714285714285,0.6666666666666666,31-60 Days,Non-Responder
569,1991,Graduation,Single,0,0,2013-12-14,32,704,129,853,120,74,111,1,5,6,7,2,0,1,1,1,0,1,0,Spain,90273.0,23.0,1991,18,3,High Value,90273.0,High Engagement,Under 25,Store,0,No Children,0.05555555555555555,5.555555555555555,2.5,31-60 Days,Responder
3102,1981,2n Cycle,Together,1,0,2013-10-16,32,2,3,12,3,5,7,1,1,0,3,8,0,0,0,0,0,0,0,Canada,19414.0,33.0,32,4,0,Low Value,19414.0,No Response,25-34,Store,1,One Child,0.25,25.0,0.125,31-60 Days,Non-Responder
9449,1958,PhD,Single,0,1,2013-10-04,32,415,5,124,15,35,11,1,5,2,11,3,0,0,0,0,0,0,0,Saudi Arabia,79761.0,56.0,605,18,0,Medium Value,79761.0,No Response,55-64,Store,1,One Child,0.05555555555555555,5.555555555555555,1.6666666666666667,31-60 Days,Non-Responder
8104,1951,PhD,Married,0,0,2013-08-09,32,241,0,12,0,0,25,1,5,1,5,7,0,0,0,0,0,0,0,Spain,53312.0,63.0,278,11,0,Medium Value,53312.0,No Response,55-64,Web,0,No Children,0.09090909090909091,9.090909090909092,0.7142857142857143,31-60 Days,Non-Responder
75,1982,2n Cycle,Together,0,0,2013-07-25,32,34,11,137,179,61,45,1,8,1,5,8,0,0,0,0,0,0,0,USA,41039.0,32.0,467,14,0,Medium Value,41039.0,No Response,25-34,Web,0,No Children,0.07142857142857142,7.142857142857142,1.0,31-60 Days,Non-Responder
6421,1961,Graduation,Together,0,0,2013-07-03,32,1050,178,555,77,138,118,1,4,7,9,1,0,0,0,1,0,0,0,Spain,88347.0,53.0,2116,20,1,High Value,88347.0,Low Engagement,45-54,Store,0,No Children,0.05,5.0,4.0,31-60 Days,Non-Responder
3037,1983,PhD,Married,0,0,2013-06-20,32,135,46,92,65,61,11,2,5,2,7,5,0,0,0,0,0,0,0,Canada,50150.0,31.0,410,14,0,Medium Value,50150.0,No Response,25-34,Store,0,No Children,0.14285714285714285,14.285714285714285,1.0,31-60 Days,Non-Responder
4698,1983,PhD,Married,0,0,2013-06-20,32,135,46,92,65,61,11,2,5,2,7,5,0,0,0,0,0,0,0,Spain,50150.0,31.0,410,14,0,Medium Value,50150.0,No Response,25-34,Store,0,No Children,0.14285714285714285,14.285714285714285,1.0,31-60 Days,Non-Responder
948,1971,Graduation,Single,1,0,2013-05-15,32,4,7,7,6,4,13,3,1,2,2,5,0,0,0,0,0,0,0,Spain,10245.0,43.0,41,5,0,Low Value,10245.0,No Response,35-44,Catalog,1,One Child,0.6,60.0,0.2,31-60 Days,Non-Responder
6177,1985,PhD,Married,1,0,2013-05-08,32,76,10,56,3,1,23,2,4,0,4,8,0,0,0,0,0,0,0,USA,33454.0,29.0,169,8,0,Medium Value,33454.0,No Response,25-34,Web,1,One Child,0.25,25.0,0.5,31-60 Days,Non-Responder
3517,1952,Graduation,Single,1,1,2013-05-06,32,50,4,44,10,10,43,3,3,1,3,9,0,0,0,0,0,1,0,Spain,40887.0,62.0,161,7,0,Medium Value,40887.0,No Response,55-64,Web,2,Two or More Children,0.42857142857142855,42.857142857142854,0.3333333333333333,31-60 Days,Responder
3491,1975,Graduation,Together,0,1,2013-04-29,32,384,60,364,119,101,232,4,11,6,8,7,0,0,0,0,0,0,0,USA,55914.0,39.0,1260,25,0,High Value,55914.0,No Response,35-44,Web,1,One Child,0.16,16.0,1.5714285714285714,31-60 Days,Non-Responder
7610,1983,Graduation,Together,1,0,2013-04-18,32,275,0,86,10,23,66,5,6,3,5,8,0,0,0,0,0,0,0,Spain,37292.0,31.0,460,14,0,Medium Value,37292.0,No Response,25-34,Web,1,One Child,0.35714285714285715,35.714285714285715,0.75,31-60 Days,Non-Responder
4377,1971,Graduation,Married,0,1,2013-01-07,32,254,10,44,30,10,227,2,7,3,3,7,1,0,0,0,0,0,0,Canada,52914.0,43.0,575,13,1,Medium Value,52914.0,Low Engagement,35-44,Web,1,One Child,0.15384615384615385,15.384615384615385,1.0,31-60 Days,Non-Responder
9850,1972,2n Cycle,Married,1,0,2012-11-29,32,3,6,7,0,0,3,1,0,0,3,7,0,0,0,0,0,0,0,Spain,24884.0,42.0,19,3,0,Low Value,24884.0,No Response,35-44,Store,1,One Child,0.3333333333333333,33.33333333333333,0.0,31-60 Days,Non-Responder
5544,1970,Graduation,Single,0,1,2012-11-10,32,957,40,175,158,53,107,2,7,8,5,5,0,1,0,0,0,0,0,Spain,67384.0,44.0,1490,20,1,High Value,67384.0,Low Engagement,35-44,Catalog,1,One Child,0.1,10.0,1.4,31-60 Days,Non-Responder
6497,1960,Graduation,Married,0,1,2012-11-07,32,293,6,23,13,6,92,4,6,2,5,8,0,0,0,0,0,0,0,Australia,51651.0,54.0,433,13,0,Medium Value,51651.0,No Response,45-54,Web,1,One Child,0.3076923076923077,30.76923076923077,0.75,31-60 Days,Non-Responder
4543,1980,Graduation,Married,0,0,2012-10-31,32,777,129,573,216,21,203,1,2,7,9,4,0,0,1,0,0,0,0,Saudi Arabia,82497.0,34.0,1919,18,1,High Value,82497.0,Low Engagement,25-34,Store,0,No Children,0.05555555555555555,5.555555555555555,0.5,31-60 Days,Non-Responder
5117,1963,2n Cycle,Married,0,0,2012-08-02,32,63,151,137,153,19,53,2,4,4,8,5,0,0,0,0,0,0,0,Spain,32632.0,51.0,576,16,0,Medium Value,32632.0,No Response,45-54,Store,0,No Children,0.125,12.5,0.8,31-60 Days,Non-Responder
1448,1963,Master,Married,1,2,2014-06-25,33,21,12,12,0,3,3,3,2,0,4,4,0,0,0,0,0,0,0,India,33562.0,51.0,51,6,0,Low Value,33562.0,No Response,45-54,Store,3,Two or More Children,0.5,50.0,0.5,31-60 Days,Non-Responder
6887,1967,Graduation,Single,1,1,2014-04-24,33,245,16,223,21,43,16,2,8,1,8,6,0,0,0,0,0,0,0,Germany,79146.0,47.0,564,17,0,Medium Value,79146.0,No Response,45-54,Web,2,Two or More Children,0.11764705882352941,11.76470588235294,1.3333333333333333,31-60 Days,Non-Responder
7500,1967,Graduation,Single,1,1,2014-04-24,33,245,16,223,21,43,16,2,8,1,8,6,0,0,0,0,0,0,0,Spain,79146.0,47.0,564,17,0,Medium Value,79146.0,No Response,45-54,Web,2,Two or More Children,0.11764705882352941,11.76470588235294,1.3333333333333333,31-60 Days,Non-Responder
2724,1981,Master,Single,1,0,2014-03-30,33,12,0,1,0,0,6,1,0,1,2,3,0,0,0,0,0,0,0,Spain,36143.0,33.0,19,3,0,Low Value,36143.0,No Response,25-34,Store,1,One Child,0.3333333333333333,33.33333333333333,0.0,31-60 Days,Non-Responder
2256,1973,Master,Married,1,1,2014-03-29,33,17,0,3,0,0,1,2,1,0,3,6,0,0,0,0,0,0,0,Spain,27159.0,41.0,21,4,0,Low Value,27159.0,No Response,35-44,Store,2,Two or More Children,0.5,50.0,0.16666666666666666,31-60 Days,Non-Responder
1100,1960,Master,Together,1,2,2014-03-24,33,24,4,22,0,2,9,4,3,1,3,5,0,0,0,0,0,0,0,Canada,41275.0,54.0,61,7,0,Low Value,41275.0,No Response,45-54,Web,3,Two or More Children,0.5714285714285714,57.14285714285714,0.6,31-60 Days,Non-Responder
7725,1965,2n Cycle,Married,0,0,2014-03-08,33,173,26,255,35,71,81,1,4,4,7,1,0,0,0,0,0,0,0,India,76800.0,49.0,641,15,0,Medium Value,76800.0,No Response,45-54,Store,0,No Children,0.06666666666666667,6.666666666666667,4.0,31-60 Days,Non-Responder
2612,1987,Graduation,Married,0,0,2013-12-24,33,754,160,625,63,32,48,1,7,5,12,3,0,0,0,1,0,0,0,Saudi Arabia,75794.0,27.0,1682,24,1,High Value,75794.0,Low Engagement,25-34,Store,0,No Children,0.041666666666666664,4.166666666666666,2.3333333333333335,31-60 Days,Non-Responder
113,1951,Graduation,Married,1,1,2013-07-16,33,11,0,7,3,1,6,2,1,0,3,5,0,0,0,0,0,0,0,Spain,30833.0,63.0,28,4,0,Low Value,30833.0,No Response,55-64,Store,2,Two or More Children,0.5,50.0,0.2,31-60 Days,Non-Responder
2868,1949,PhD,Single,1,1,2013-04-08,33,20,1,28,3,3,2,3,2,0,3,8,0,0,0,0,0,1,0,USA,26518.0,65.0,57,5,0,Low Value,26518.0,No Response,65+,Store,2,Two or More Children,0.6,60.0,0.25,31-60 Days,Responder
4216,1981,Graduation,Single,0,0,2013-02-22,33,822,114,108,179,137,114,1,7,9,9,3,0,0,1,1,0,1,0,Spain,91065.0,33.0,1474,25,2,High Value,91065.0,Medium Engagement,25-34,Catalog,0,No Children,0.04,4.0,2.3333333333333335,31-60 Days,Responder
199,1962,Master,Single,0,0,2013-01-20,33,219,3,60,12,9,12,1,4,1,7,7,0,1,0,0,0,0,0,Canada,45183.0,52.0,315,12,1,Medium Value,45183.0,Low Engagement,45-54,Store,0,No Children,0.08333333333333333,8.333333333333332,0.5714285714285714,31-60 Days,Non-Responder
359,1950,Graduation,Together,0,1,2013-01-13,33,373,14,83,6,9,19,3,8,2,6,7,0,0,0,0,0,0,1,Spain,48070.0,64.0,504,16,0,Medium Value,48070.0,No Response,55-64,Web,1,One Child,0.1875,18.75,1.1428571428571428,31-60 Days,Non-Responder
8842,1971,Graduation,Widow,1,1,2012-12-25,33,15,0,12,7,3,7,3,2,0,3,7,0,0,0,0,0,0,0,Spain,30372.0,43.0,44,5,0,Low Value,30372.0,No Response,35-44,Store,2,Two or More Children,0.6,60.0,0.2857142857142857,31-60 Days,Non-Responder
2154,1971,Graduation,Widow,1,1,2012-12-25,33,15,0,12,7,3,7,3,2,0,3,7,0,0,0,0,0,0,0,Spain,30372.0,43.0,44,5,0,Low Value,30372.0,No Response,35-44,Store,2,Two or More Children,0.6,60.0,0.2857142857142857,31-60 Days,Non-Responder
6050,1975,2n Cycle,Married,0,1,2012-12-11,33,1171,43,219,19,14,47,4,6,3,13,9,1,0,0,0,0,0,0,India,57036.0,39.0,1513,22,1,High Value,57036.0,Low Engagement,35-44,Store,1,One Child,0.18181818181818182,18.181818181818183,0.6666666666666666,31-60 Days,Non-Responder
9204,1970,Graduation,Widow,0,1,2012-09-12,33,371,159,194,58,106,141,4,4,3,6,3,0,0,0,0,0,0,0,Spain,66731.0,44.0,1029,13,0,High Value,66731.0,No Response,35-44,Store,1,One Child,0.3076923076923077,30.76923076923077,1.3333333333333333,31-60 Days,Non-Responder
4472,1970,PhD,Divorced,1,0,2014-06-27,34,23,0,8,6,2,18,1,1,1,3,2,0,0,0,0,0,0,0,Australia,35682.0,44.0,57,5,0,Low Value,35682.0,No Response,35-44,Store,1,One Child,0.2,20.0,0.5,31-60 Days,Non-Responder
6864,1989,Master,Divorced,0,0,2014-05-22,34,8,4,10,2,2,4,2,3,0,3,5,0,0,0,0,0,0,0,Australia,10979.0,25.0,30,6,0,Low Value,10979.0,No Response,25-34,Web,0,No Children,0.3333333333333333,33.33333333333333,0.6,31-60 Days,Non-Responder
10617,1989,Master,Divorced,0,0,2014-05-22,34,8,4,10,2,2,4,2,3,0,3,5,0,0,0,0,0,0,0,Spain,10979.0,25.0,30,6,0,Low Value,10979.0,No Response,25-34,Web,0,No Children,0.3333333333333333,33.33333333333333,0.6,31-60 Days,Non-Responder
3924,1965,PhD,Divorced,0,1,2014-03-17,34,801,0,80,0,0,35,5,8,3,12,5,0,1,0,0,0,0,0,Saudi Arabia,57912.0,49.0,916,23,1,High Value,57912.0,Low Engagement,45-54,Store,1,One Child,0.21739130434782608,21.73913043478261,1.6,31-60 Days,Non-Responder
5654,1972,Graduation,Married,2,1,2014-03-16,34,20,4,10,6,4,17,2,2,0,3,6,0,0,0,0,0,0,0,Australia,36026.0,42.0,61,5,0,Low Value,36026.0,No Response,35-44,Store,3,Two or More Children,0.4,40.0,0.3333333333333333,31-60 Days,Non-Responder
9216,1971,Graduation,Married,1,1,2014-01-23,34,23,2,11,3,1,4,2,2,0,3,6,0,0,0,0,0,0,0,Canada,35788.0,43.0,44,5,0,Low Value,35788.0,No Response,35-44,Store,2,Two or More Children,0.4,40.0,0.3333333333333333,31-60 Days,Non-Responder
8086,1959,Graduation,Married,1,1,2013-12-11,34,48,0,2,0,0,5,2,2,0,3,7,0,0,0,0,0,0,0,Saudi Arabia,42243.0,55.0,55,5,0,Low Value,42243.0,No Response,55-64,Store,2,Two or More Children,0.4,40.0,0.2857142857142857,31-60 Days,Non-Responder
9097,1956,Graduation,Divorced,0,1,2013-11-03,34,244,8,32,7,2,50,4,3,1,8,4,0,0,0,0,0,0,0,Spain,46086.0,58.0,343,12,0,Medium Value,46086.0,No Response,55-64,Store,1,One Child,0.3333333333333333,33.33333333333333,0.75,31-60 Days,Non-Responder
7631,1978,Master,Together,1,0,2013-10-06,34,562,58,168,43,16,142,1,5,7,10,3,0,0,0,0,0,0,0,India,61346.0,36.0,989,22,0,High Value,61346.0,No Response,35-44,Store,1,One Child,0.045454545454545456,4.545454545454546,1.6666666666666667,31-60 Days,Non-Responder
7275,1971,Master,Single,1,1,2013-10-04,34,79,1,31,4,4,12,3,2,1,4,6,0,0,0,0,0,0,0,USA,33316.0,43.0,131,7,0,Medium Value,33316.0,No Response,35-44,Store,2,Two or More Children,0.42857142857142855,42.857142857142854,0.3333333333333333,31-60 Days,Non-Responder
8334,1971,Master,Single,1,1,2013-10-04,34,79,1,31,4,4,12,3,2,1,4,6,0,0,0,0,0,0,0,Spain,33316.0,43.0,131,7,0,Medium Value,33316.0,No Response,35-44,Store,2,Two or More Children,0.42857142857142855,42.857142857142854,0.3333333333333333,31-60 Days,Non-Responder
1987,1987,Basic,Single,1,0,2013-09-25,34,1,10,11,19,3,15,2,2,0,3,6,0,0,0,0,0,0,0,Spain,21063.0,27.0,59,5,0,Low Value,21063.0,No Response,25-34,Store,1,One Child,0.4,40.0,0.3333333333333333,31-60 Days,Non-Responder
2281,1970,Graduation,Single,1,0,2013-09-15,34,4,3,7,0,3,11,1,1,0,2,7,1,0,0,0,0,0,0,Germany,33697.0,44.0,28,3,1,Low Value,33697.0,Low Engagement,35-44,Store,1,One Child,0.3333333333333333,33.33333333333333,0.14285714285714285,31-60 Days,Non-Responder
7034,1978,2n Cycle,Married,1,0,2013-09-01,34,8,7,9,13,6,12,2,2,0,3,8,0,0,0,0,0,0,0,Canada,25804.0,36.0,55,5,0,Low Value,25804.0,No Response,35-44,Store,1,One Child,0.4,40.0,0.25,31-60 Days,Non-Responder
2797,1977,Graduation,Married,0,1,2013-08-20,34,707,20,171,65,60,50,1,9,7,9,5,0,0,0,0,0,0,0,Spain,72117.0,37.0,1073,25,0,High Value,72117.0,No Response,35-44,Web,1,One Child,0.04,4.0,1.8,31-60 Days,Non-Responder
3934,1966,Graduation,Married,0,1,2013-08-02,34,356,0,107,19,9,117,2,7,1,8,5,0,0,0,0,0,0,0,India,61286.0,48.0,608,16,0,Medium Value,61286.0,No Response,45-54,Store,1,One Child,0.125,12.5,1.4,31-60 Days,Non-Responder
2493,1966,Graduation,Married,0,1,2013-08-02,34,356,0,107,19,9,117,2,7,1,8,5,0,0,0,0,0,0,0,Germany,61286.0,48.0,608,16,0,Medium Value,61286.0,No Response,45-54,Store,1,One Child,0.125,12.5,1.4,31-60 Days,Non-Responder
3759,1958,Graduation,Together,0,2,2013-07-25,34,743,19,181,12,0,200,2,7,6,11,5,1,0,0,0,0,0,0,Spain,65196.0,56.0,1155,24,1,High Value,65196.0,Low Engagement,55-64,Store,2,Two or More Children,0.08333333333333333,8.333333333333332,1.4,31-60 Days,Non-Responder
965,1971,Graduation,Divorced,0,1,2012-11-13,34,235,65,164,50,49,27,4,7,3,7,6,0,0,0,0,0,0,0,USA,55635.0,43.0,590,17,0,Medium Value,55635.0,No Response,35-44,Web,1,One Child,0.23529411764705882,23.52941176470588,1.1666666666666667,31-60 Days,Non-Responder
7378,1981,Master,Together,1,0,2012-08-31,34,393,5,136,7,5,27,5,10,1,6,9,1,0,0,0,0,0,0,Spain,42021.0,33.0,573,17,1,Medium Value,42021.0,Low Engagement,25-34,Web,1,One Child,0.29411764705882354,29.411764705882355,1.1111111111111112,31-60 Days,Non-Responder
1859,1972,Master,Married,0,0,2012-08-27,34,721,111,925,97,18,18,1,7,6,5,5,0,0,0,0,0,1,0,Germany,75251.0,42.0,1890,18,0,High Value,75251.0,No Response,35-44,Web,0,No Children,0.05555555555555555,5.555555555555555,1.4,31-60 Days,Responder
6263,1968,Graduation,Together,1,2,2012-08-22,34,28,9,37,12,7,13,3,2,0,4,8,0,0,0,0,0,0,0,Spain,35322.0,46.0,106,6,0,Low Value,35322.0,No Response,45-54,Store,3,Two or More Children,0.5,50.0,0.25,31-60 Days,Non-Responder
2072,1969,PhD,Together,0,1,2012-08-16,34,896,10,101,13,10,34,6,4,2,9,9,1,0,0,0,0,1,0,Canada,53374.0,45.0,1064,15,1,High Value,53374.0,Low Engagement,45-54,Store,1,One Child,0.4,40.0,0.4444444444444444,31-60 Days,Responder
8908,1959,Graduation,Married,0,0,2014-05-08,35,217,76,690,50,26,38,1,3,11,5,1,0,0,0,0,0,1,0,Canada,87195.0,55.0,1097,19,0,High Value,87195.0,No Response,55-64,Catalog,0,No Children,0.05263157894736842,5.263157894736842,3.0,31-60 Days,Responder
738,1981,2n Cycle,Single,1,1,2014-04-04,35,48,13,57,24,15,25,4,3,1,4,7,0,0,0,0,0,0,0,India,42395.0,33.0,182,8,0,Medium Value,42395.0,No Response,25-34,Store,2,Two or More Children,0.5,50.0,0.42857142857142855,31-60 Days,Non-Responder
10129,1966,Graduation,Together,0,0,2014-03-12,35,482,147,509,104,107,107,1,3,5,12,1,0,0,1,0,0,0,0,Spain,82427.0,48.0,1456,20,1,High Value,82427.0,Low Engagement,45-54,Store,0,No Children,0.05,5.0,3.0,31-60 Days,Non-Responder
807,1969,Master,Together,1,1,2014-02-15,35,167,2,89,0,0,34,6,6,1,4,8,0,0,0,0,0,0,0,India,44602.0,45.0,292,11,0,Medium Value,44602.0,No Response,45-54,Web,2,Two or More Children,0.5454545454545454,54.54545454545454,0.75,31-60 Days,Non-Responder
3334,1951,Graduation,Married,0,0,2014-02-12,35,879,143,797,106,143,143,0,5,7,9,1,0,0,1,1,0,0,0,Spain,94642.0,63.0,2211,21,2,High Value,94642.0,Medium Engagement,55-64,Store,0,No Children,0.0,0.0,5.0,31-60 Days,Non-Responder
5423,1983,Graduation,Together,1,0,2013-10-27,35,6,0,5,2,1,2,1,1,0,2,7,0,0,0,0,0,0,0,Saudi Arabia,28359.0,31.0,16,3,0,Low Value,28359.0,No Response,25-34,Store,1,One Child,0.3333333333333333,33.33333333333333,0.14285714285714285,31-60 Days,Non-Responder
4426,1975,Graduation,Single,1,1,2013-09-22,35,367,4,51,6,4,95,6,7,2,6,7,0,0,0,1,0,0,0,USA,55801.0,39.0,527,15,1,Medium Value,55801.0,Low Engagement,35-44,Web,2,Two or More Children,0.4,40.0,1.0,31-60 Days,Non-Responder
10489,1973,Graduation,Married,0,0,2013-08-19,35,693,21,925,31,24,84,1,6,7,9,2,0,0,1,1,0,1,0,Saudi Arabia,92955.0,41.0,1778,22,2,High Value,92955.0,Medium Engagement,35-44,Store,0,No Children,0.045454545454545456,4.545454545454546,3.0,31-60 Days,Responder
2570,1968,Graduation,Together,0,1,2013-07-23,35,691,7,61,10,0,46,4,10,4,7,8,0,1,0,0,1,1,0,Spain,56534.0,46.0,815,21,2,Medium Value,56534.0,Medium Engagement,45-54,Web,1,One Child,0.19047619047619047,19.047619047619047,1.25,31-60 Days,Responder
3834,1962,Graduation,Single,0,1,2013-03-17,35,231,161,215,171,30,53,2,8,2,11,5,0,0,0,0,0,0,0,USA,69627.0,52.0,861,21,0,High Value,69627.0,No Response,45-54,Store,1,One Child,0.09523809523809523,9.523809523809524,1.6,31-60 Days,Non-Responder
590,1970,Master,Divorced,0,0,2012-12-22,35,816,66,549,216,66,99,1,5,6,4,3,0,0,0,0,0,1,0,Spain,78579.0,44.0,1812,15,0,High Value,78579.0,No Response,35-44,Catalog,0,No Children,0.06666666666666667,6.666666666666667,1.6666666666666667,31-60 Days,Responder
4791,1980,Graduation,Together,1,1,2012-12-16,35,19,1,17,2,0,2,1,1,0,3,8,0,0,0,0,0,0,0,Australia,44964.0,34.0,41,4,0,Low Value,44964.0,No Response,25-34,Store,2,Two or More Children,0.25,25.0,0.125,31-60 Days,Non-Responder
5304,1974,PhD,Single,1,0,2012-10-13,35,24,0,8,0,0,1,2,1,0,3,6,0,0,0,0,0,0,0,Saudi Arabia,30899.0,40.0,33,4,0,Low Value,30899.0,No Response,35-44,Store,1,One Child,0.5,50.0,0.16666666666666666,31-60 Days,Non-Responder
2426,1964,PhD,Divorced,0,0,2012-09-14,35,483,74,114,169,37,18,1,5,10,13,3,0,0,0,0,0,1,0,Spain,78825.0,50.0,895,28,0,High Value,78825.0,No Response,45-54,Store,0,No Children,0.03571428571428571,3.571428571428571,1.6666666666666667,31-60 Days,Responder
35,1987,Graduation,Married,1,0,2012-09-08,35,32,1,64,16,12,85,3,2,2,3,6,0,0,0,0,0,1,0,Spain,25545.0,27.0,210,7,0,Medium Value,25545.0,No Response,25-34,Store,1,One Child,0.42857142857142855,42.857142857142854,0.3333333333333333,31-60 Days,Responder
8041,1971,PhD,Widow,0,1,2012-09-08,35,595,71,153,120,112,41,6,3,2,10,9,0,0,0,0,0,0,0,Saudi Arabia,47111.0,43.0,1092,15,0,High Value,47111.0,No Response,35-44,Store,1,One Child,0.4,40.0,0.3333333333333333,31-60 Days,Non-Responder
3584,1955,PhD,Single,0,0,2012-08-20,35,1181,26,120,17,13,39,2,5,10,5,8,1,0,0,0,0,1,0,Canada,49667.0,59.0,1396,20,1,High Value,49667.0,Low Engagement,55-64,Catalog,0,No Children,0.1,10.0,0.625,31-60 Days,Responder
7718,1947,Master,Together,0,0,2014-04-20,36,244,51,270,101,0,45,1,1,3,5,1,0,0,0,0,0,0,0,Spain,66000.0,67.0,711,9,0,Medium Value,66000.0,No Response,65+,Store,0,No Children,0.1111111111111111,11.11111111111111,1.0,31-60 Days,Non-Responder
8605,1964,PhD,Together,1,1,2014-03-23,36,48,0,14,0,0,6,2,2,0,3,6,0,0,0,0,0,0,0,Spain,46910.0,50.0,68,5,0,Low Value,46910.0,No Response,45-54,Store,2,Two or More Children,0.4,40.0,0.3333333333333333,31-60 Days,Non-Responder
1646,1972,Basic,Married,1,0,2014-03-16,36,4,9,12,11,2,8,2,1,1,3,3,0,0,0,0,0,0,0,Canada,25224.0,42.0,46,5,0,Low Value,25224.0,No Response,35-44,Store,1,One Child,0.4,40.0,0.3333333333333333,31-60 Days,Non-Responder
9206,1968,Graduation,Together,0,1,2014-01-07,36,491,48,231,112,105,134,2,5,7,12,1,0,0,1,0,0,0,0,Spain,77382.0,46.0,1121,24,1,High Value,77382.0,Low Engagement,45-54,Store,1,One Child,0.08333333333333333,8.333333333333332,5.0,31-60 Days,Non-Responder
10757,1967,PhD,Divorced,1,0,2013-12-24,36,4,2,5,2,0,0,1,1,0,2,6,0,0,0,0,0,0,0,Spain,28420.0,47.0,13,3,0,Low Value,28420.0,No Response,45-54,Store,1,One Child,0.3333333333333333,33.33333333333333,0.16666666666666666,31-60 Days,Non-Responder
6885,1977,Graduation,Divorced,1,0,2013-12-01,36,38,0,12,3,1,1,1,2,0,3,7,0,0,0,0,0,0,0,Canada,32952.0,37.0,55,5,0,Low Value,32952.0,No Response,35-44,Store,1,One Child,0.2,20.0,0.2857142857142857,31-60 Days,Non-Responder
907,1975,Graduation,Married,0,1,2013-11-29,36,254,6,71,4,0,27,5,5,1,7,5,0,0,0,0,0,0,0,Spain,46149.0,39.0,362,13,0,Medium Value,46149.0,No Response,35-44,Store,1,One Child,0.38461538461538464,38.46153846153847,1.0,31-60 Days,Non-Responder
1150,1899,PhD,Together,0,0,2013-09-26,36,755,144,562,104,64,224,1,4,6,4,1,0,0,1,0,0,0,0,Spain,83532.0,,1853,14,1,High Value,83532.0,Low Engagement,,Catalog,0,No Children,0.07142857142857142,7.142857142857142,4.0,31-60 Days,Non-Responder
3867,1947,PhD,Together,0,1,2013-08-31,36,410,112,420,0,82,71,1,9,3,13,4,0,0,0,0,0,0,0,Spain,73059.0,67.0,1095,25,0,High Value,73059.0,No Response,65+,Store,1,One Child,0.04,4.0,2.25,31-60 Days,Non-Responder
3859,1947,PhD,Together,0,1,2013-08-31,36,410,112,420,0,82,71,1,9,3,13,4,0,0,0,0,0,0,0,Saudi Arabia,73059.0,67.0,1095,25,0,High Value,73059.0,No Response,65+,Store,1,One Child,0.04,4.0,2.25,31-60 Days,Non-Responder
3265,1959,Graduation,Married,0,0,2013-03-19,36,21,1,9,7,3,5,1,1,0,3,6,0,0,0,0,0,0,0,Spain,35701.0,55.0,46,4,0,Low Value,35701.0,No Response,55-64,Store,0,No Children,0.25,25.0,0.16666666666666666,31-60 Days,Non-Responder
4418,1983,Master,Single,0,0,2013-02-25,36,671,47,655,145,111,15,1,7,5,12,2,0,0,0,0,0,1,0,Canada,89616.0,31.0,1644,24,0,High Value,89616.0,No Response,25-34,Store,0,No Children,0.041666666666666664,4.166666666666666,3.5,31-60 Days,Responder
4611,1970,Graduation,Together,0,0,2013-01-21,36,1009,181,104,202,21,207,0,9,8,13,3,0,0,1,1,0,1,0,Spain,105471.0,44.0,1724,30,2,High Value,105471.0,Medium Engagement,35-44,Store,0,No Children,0.0,0.0,3.0,31-60 Days,Responder
4530,1948,Master,Widow,0,0,2012-10-24,36,972,19,595,180,26,138,3,3,7,10,3,0,0,0,1,0,1,0,Germany,78427.0,66.0,1930,20,1,High Value,78427.0,Low Engagement,65+,Store,0,No Children,0.15,15.0,1.0,31-60 Days,Responder
7736,1986,Graduation,Married,1,0,2012-10-22,36,11,7,12,2,2,27,2,2,1,2,5,1,0,0,0,0,1,0,Spain,22518.0,28.0,61,5,1,Low Value,22518.0,Low Engagement,25-34,Web,1,One Child,0.4,40.0,0.4,31-60 Days,Responder
9949,1976,Graduation,Married,0,2,2012-10-18,36,598,16,141,32,41,49,3,3,3,6,8,0,0,0,0,0,0,0,Canada,59809.0,38.0,877,12,0,High Value,59809.0,No Response,35-44,Store,2,Two or More Children,0.25,25.0,0.375,31-60 Days,Non-Responder
942,1982,Graduation,Single,1,0,2012-08-08,36,139,13,78,20,13,36,3,7,1,3,9,0,0,0,0,0,1,0,Spain,39660.0,32.0,299,11,0,Medium Value,39660.0,No Response,25-34,Web,1,One Child,0.2727272727272727,27.27272727272727,0.7777777777777778,31-60 Days,Responder
6181,1950,2n Cycle,Together,0,0,2012-07-31,36,488,21,238,56,108,28,1,8,7,11,6,0,0,0,0,0,0,0,USA,52203.0,64.0,939,26,0,High Value,52203.0,No Response,55-64,Store,0,No Children,0.038461538461538464,3.8461538461538463,1.3333333333333333,31-60 Days,Non-Responder
7660,1973,PhD,Alone,1,1,2014-05-19,37,15,0,8,4,2,20,2,1,1,2,5,1,0,0,0,0,1,0,Canada,35860.0,41.0,49,4,1,Low Value,35860.0,Low Engagement,35-44,Store,2,Two or More Children,0.5,50.0,0.2,31-60 Days,Responder
2055,1973,PhD,Divorced,1,1,2014-05-19,37,15,0,8,4,2,20,2,1,1,2,5,1,0,0,0,0,0,0,Spain,35860.0,41.0,49,4,1,Low Value,35860.0,Low Engagement,35-44,Store,2,Two or More Children,0.5,50.0,0.2,31-60 Days,Non-Responder
5107,1973,PhD,Divorced,1,1,2014-05-19,37,15,0,8,4,2,20,2,1,1,2,5,1,0,0,0,0,0,0,Spain,35860.0,41.0,49,4,1,Low Value,35860.0,Low Engagement,35-44,Store,2,Two or More Children,0.5,50.0,0.2,31-60 Days,Non-Responder
1626,1973,PhD,Divorced,1,1,2014-05-19,37,15,0,8,4,2,20,2,1,1,2,5,1,0,0,0,0,1,0,Saudi Arabia,35860.0,41.0,49,4,1,Low Value,35860.0,Low Engagement,35-44,Store,2,Two or More Children,0.5,50.0,0.2,31-60 Days,Responder
6428,1950,PhD,Widow,0,0,2014-05-03,37,605,10,345,84,54,32,1,1,8,7,0,0,0,0,0,0,0,0,Spain,76842.0,64.0,1130,16,0,High Value,76842.0,No Response,55-64,Catalog,0,No Children,0.0625,6.25,,31-60 Days,Non-Responder
9617,1951,Graduation,Single,0,0,2014-04-16,37,0,4,5,6,0,4,1,1,0,3,3,0,0,0,0,0,0,0,Saudi Arabia,15033.0,63.0,19,4,0,Low Value,15033.0,No Response,55-64,Store,0,No Children,0.25,25.0,0.3333333333333333,31-60 Days,Non-Responder
4339,1970,PhD,Married,0,1,2013-12-31,37,702,17,151,0,8,35,5,5,6,12,2,0,0,0,0,0,0,0,Australia,67353.0,44.0,913,23,0,High Value,67353.0,No Response,35-44,Store,1,One Child,0.21739130434782608,21.73913043478261,2.5,31-60 Days,Non-Responder
7235,1975,2n Cycle,Married,1,0,2013-12-09,37,2,5,12,4,8,7,3,2,0,4,5,0,0,0,0,0,0,0,Germany,17003.0,39.0,38,6,0,Low Value,17003.0,No Response,35-44,Store,1,One Child,0.5,50.0,0.4,31-60 Days,Non-Responder
8527,1965,Master,Together,1,1,2013-12-07,37,239,7,119,4,15,11,5,6,2,6,7,0,0,0,0,0,0,0,Spain,65735.0,49.0,395,14,0,Medium Value,65735.0,No Response,45-54,Web,2,Two or More Children,0.35714285714285715,35.714285714285715,0.8571428571428571,31-60 Days,Non-Responder
1968,1971,Graduation,Widow,1,0,2013-12-02,37,5,1,5,10,0,7,1,1,0,2,7,0,0,0,0,0,0,0,Saudi Arabia,45684.0,43.0,28,3,0,Low Value,45684.0,No Response,35-44,Store,1,One Child,0.3333333333333333,33.33333333333333,0.14285714285714285,31-60 Days,Non-Responder
9862,1969,Graduation,Together,1,0,2013-11-14,37,1,6,7,11,5,3,2,2,0,3,6,0,0,0,0,0,0,0,Canada,21918.0,45.0,33,5,0,Low Value,21918.0,No Response,45-54,Store,1,One Child,0.4,40.0,0.3333333333333333,31-60 Days,Non-Responder
11075,1978,Graduation,Married,1,1,2013-10-29,37,183,2,64,7,2,12,4,3,3,5,4,0,0,0,0,0,0,0,Canada,51267.0,36.0,270,11,0,Medium Value,51267.0,No Response,35-44,Store,2,Two or More Children,0.36363636363636365,36.36363636363637,0.75,31-60 Days,Non-Responder
6658,1972,Graduation,Together,0,1,2013-07-22,37,771,51,154,54,10,154,7,11,2,12,6,0,0,0,0,0,0,0,Spain,59868.0,42.0,1194,25,0,High Value,59868.0,No Response,35-44,Store,1,One Child,0.28,28.000000000000004,1.8333333333333333,31-60 Days,Non-Responder
4552,1991,Graduation,Married,0,0,2013-06-22,37,83,2,101,64,26,117,1,3,5,3,4,0,0,0,0,0,0,0,Spain,51373.0,23.0,393,11,0,Medium Value,51373.0,No Response,Under 25,Catalog,0,No Children,0.09090909090909091,9.090909090909092,0.75,31-60 Days,Non-Responder
10377,1958,Master,Together,0,1,2013-06-06,37,170,6,97,24,12,88,3,6,1,5,6,0,0,0,0,0,0,0,Spain,46692.0,56.0,397,12,0,Medium Value,46692.0,No Response,55-64,Web,1,One Child,0.25,25.0,1.0,31-60 Days,Non-Responder
5336,1971,Master,Together,1,0,2013-06-04,37,39,1,9,2,0,8,0,1,0,1,1,0,0,0,0,0,0,0,Spain,157733.0,43.0,59,2,0,Low Value,157733.0,No Response,35-44,Web,1,One Child,0.0,0.0,1.0,31-60 Days,Non-Responder
10350,1950,PhD,Married,2,1,2013-05-09,37,33,0,5,0,0,0,1,1,0,3,4,0,0,0,0,0,0,0,Spain,54432.0,64.0,38,4,0,Low Value,54432.0,No Response,55-64,Store,3,Two or More Children,0.25,25.0,0.25,31-60 Days,Non-Responder
11071,1984,Graduation,Single,0,0,2013-04-21,37,450,133,951,173,0,216,1,3,6,6,1,0,0,0,0,0,1,0,Canada,79607.0,30.0,1923,15,0,High Value,79607.0,No Response,25-34,Catalog,0,No Children,0.06666666666666667,6.666666666666667,3.0,31-60 Days,Responder
11100,1972,Graduation,Divorced,1,1,2013-04-11,37,51,2,7,0,1,2,2,2,0,3,7,0,0,0,0,0,0,0,Canada,51813.0,42.0,63,5,0,Low Value,51813.0,No Response,35-44,Store,2,Two or More Children,0.4,40.0,0.2857142857142857,31-60 Days,Non-Responder
6516,1989,Basic,Married,1,0,2013-03-18,37,0,0,1,7,4,6,1,1,0,2,7,0,0,0,0,0,0,0,Australia,17487.0,25.0,18,3,0,Low Value,17487.0,No Response,25-34,Store,1,One Child,0.3333333333333333,33.33333333333333,0.14285714285714285,31-60 Days,Non-Responder
1734,1968,PhD,Together,2,1,2013-01-17,37,59,0,11,4,2,5,4,3,0,4,7,0,0,0,0,0,0,0,Saudi Arabia,40706.0,46.0,81,7,0,Low Value,40706.0,No Response,45-54,Store,3,Two or More Children,0.5714285714285714,57.14285714285714,0.42857142857142855,31-60 Days,Non-Responder
2131,1959,PhD,Divorced,0,1,2012-12-30,37,1063,89,102,16,12,25,4,9,4,6,6,0,0,0,0,0,0,0,Spain,62859.0,55.0,1307,19,0,High Value,62859.0,No Response,55-64,Web,1,One Child,0.21052631578947367,21.052631578947366,1.5,31-60 Days,Non-Responder
6439,1958,Graduation,Married,0,1,2012-08-17,37,789,0,133,0,28,152,7,11,5,8,7,0,0,0,0,0,0,0,Saudi Arabia,61074.0,56.0,1102,24,0,High Value,61074.0,No Response,55-64,Web,1,One Child,0.2916666666666667,29.166666666666668,1.5714285714285714,31-60 Days,Non-Responder
10591,1969,Graduation,Widow,0,1,2012-08-06,37,63,10,83,7,19,19,2,4,1,4,7,0,0,0,0,0,0,0,Spain,43638.0,45.0,201,9,0,Medium Value,43638.0,No Response,45-54,Web,1,One Child,0.2222222222222222,22.22222222222222,0.5714285714285714,31-60 Days,Non-Responder
9797,1956,Graduation,Married,0,1,2014-04-13,38,228,19,130,4,11,51,2,3,3,8,2,0,0,0,0,0,0,0,Spain,58116.0,58.0,443,14,0,Medium Value,58116.0,No Response,55-64,Store,1,One Child,0.14285714285714285,14.285714285714285,1.5,31-60 Days,Non-Responder
9336,1969,PhD,Widow,0,1,2014-03-22,38,512,0,83,0,0,41,3,6,2,10,4,0,0,0,0,0,0,0,Spain,62187.0,45.0,636,18,0,Medium Value,62187.0,No Response,45-54,Store,1,One Child,0.16666666666666666,16.666666666666664,1.5,31-60 Days,Non-Responder
2174,1954,Graduation,Single,1,1,2014-03-08,38,11,1,6,2,1,6,2,1,1,2,5,0,0,0,0,0,0,0,USA,46344.0,60.0,27,4,0,Low Value,46344.0,No Response,55-64,Store,2,Two or More Children,0.5,50.0,0.2,31-60 Days,Non-Responder
3197,1980,Graduation,Married,0,1,2013-12-16,38,275,59,107,69,101,59,2,6,4,8,4,0,0,0,0,0,0,0,Spain,77353.0,34.0,670,18,0,Medium Value,77353.0,No Response,25-34,Store,1,One Child,0.1111111111111111,11.11111111111111,1.5,31-60 Days,Non-Responder
9185,1966,PhD,Single,0,0,2013-10-28,38,452,20,514,13,30,0,3,4,6,5,3,0,0,0,0,0,1,0,Spain,69759.0,48.0,1029,15,0,High Value,69759.0,No Response,45-54,Catalog,0,No Children,0.2,20.0,1.3333333333333333,31-60 Days,Responder
905,1986,Graduation,Divorced,1,0,2013-10-22,38,7,17,18,6,10,26,4,4,0,3,8,0,0,0,0,0,0,0,Saudi Arabia,21846.0,28.0,84,7,0,Low Value,21846.0,No Response,25-34,Web,1,One Child,0.5714285714285714,57.14285714285714,0.5,31-60 Days,Non-Responder
10858,1975,Graduation,Together,1,1,2013-09-09,38,355,30,177,90,138,30,4,9,5,7,5,0,0,0,0,0,0,0,Spain,76532.0,39.0,820,21,0,Medium Value,76532.0,No Response,35-44,Web,2,Two or More Children,0.19047619047619047,19.047619047619047,1.8,31-60 Days,Non-Responder
8925,1965,Master,Married,0,1,2013-07-03,38,512,53,98,81,179,89,3,8,5,10,5,0,0,0,0,0,0,0,Spain,70053.0,49.0,1012,23,0,High Value,70053.0,No Response,45-54,Store,1,One Child,0.13043478260869565,13.043478260869565,1.6,31-60 Days,Non-Responder
2499,1958,2n Cycle,Single,0,1,2013-05-06,38,204,97,97,21,118,26,1,5,2,10,4,0,0,0,0,0,0,0,Spain,75342.0,56.0,563,17,0,Medium Value,75342.0,No Response,55-64,Store,1,One Child,0.058823529411764705,5.88235294117647,1.25,31-60 Days,Non-Responder
1109,1982,Master,Together,1,0,2013-04-23,38,6,0,5,0,0,1,1,1,0,2,7,0,0,0,0,0,0,0,Spain,27590.0,32.0,12,3,0,Low Value,27590.0,No Response,25-34,Store,1,One Child,0.3333333333333333,33.33333333333333,0.14285714285714285,31-60 Days,Non-Responder
326,1973,Graduation,Married,1,1,2013-02-18,38,235,6,45,8,9,12,4,5,1,6,6,0,0,0,0,0,0,0,India,51148.0,41.0,315,12,0,Medium Value,51148.0,No Response,35-44,Store,2,Two or More Children,0.3333333333333333,33.33333333333333,0.8333333333333334,31-60 Days,Non-Responder
10967,1963,Graduation,Divorced,1,1,2013-02-06,38,33,6,40,3,7,10,3,2,0,4,7,0,0,0,0,0,0,0,Saudi Arabia,33378.0,51.0,99,6,0,Low Value,33378.0,No Response,45-54,Store,2,Two or More Children,0.5,50.0,0.2857142857142857,31-60 Days,Non-Responder
5370,1973,PhD,Married,1,0,2013-01-16,38,239,3,141,0,7,23,4,7,1,6,8,1,0,0,0,0,0,0,Spain,32644.0,41.0,413,14,1,Medium Value,32644.0,Low Engagement,35-44,Web,1,One Child,0.2857142857142857,28.57142857142857,0.875,31-60 Days,Non-Responder
2098,1969,PhD,Married,2,0,2013-01-08,38,11,0,5,0,0,1,1,1,0,2,8,0,0,0,0,0,0,0,Spain,33581.0,45.0,17,3,0,Low Value,33581.0,No Response,45-54,Store,2,Two or More Children,0.3333333333333333,33.33333333333333,0.125,31-60 Days,Non-Responder
1773,1978,2n Cycle,Married,0,0,2012-12-04,38,5,6,15,11,7,13,1,2,0,3,9,0,0,0,0,0,0,0,Saudi Arabia,12393.0,36.0,57,5,0,Low Value,12393.0,No Response,35-44,Store,0,No Children,0.2,20.0,0.2222222222222222,31-60 Days,Non-Responder
5036,1984,PhD,Single,1,0,2012-11-28,38,252,3,42,4,3,102,2,4,5,3,6,0,0,0,0,0,0,0,Spain,42710.0,30.0,406,12,0,Medium Value,42710.0,No Response,25-34,Catalog,1,One Child,0.16666666666666666,16.666666666666664,0.6666666666666666,31-60 Days,Non-Responder
4856,1957,2n Cycle,Married,0,0,2012-11-06,38,556,54,845,202,133,63,1,7,7,10,3,1,0,0,1,0,0,0,India,82347.0,57.0,1853,24,2,High Value,82347.0,Medium Engagement,55-64,Store,0,No Children,0.041666666666666664,4.166666666666666,2.3333333333333335,31-60 Days,Non-Responder
8722,1957,2n Cycle,Married,0,0,2012-11-06,38,556,54,845,202,133,63,1,7,7,10,3,1,0,0,1,0,1,0,Canada,82347.0,57.0,1853,24,2,High Value,82347.0,Medium Engagement,55-64,Store,0,No Children,0.041666666666666664,4.166666666666666,2.3333333333333335,31-60 Days,Responder
2156,1955,PhD,Married,1,1,2012-11-03,38,27,0,10,0,0,4,4,2,0,4,5,0,0,0,0,0,0,0,Spain,22554.0,59.0,41,6,0,Low Value,22554.0,No Response,55-64,Store,2,Two or More Children,0.6666666666666666,66.66666666666666,0.4,31-60 Days,Non-Responder
2569,1987,Graduation,Married,0,0,2012-10-10,38,3,14,17,6,1,5,1,1,0,3,8,0,0,0,0,0,0,0,USA,17323.0,27.0,46,4,0,Low Value,17323.0,No Response,25-34,Store,0,No Children,0.25,25.0,0.125,31-60 Days,Non-Responder
10151,1960,Graduation,Divorced,0,2,2012-09-12,38,317,46,247,151,46,139,1,4,5,12,3,0,0,0,0,0,0,0,Spain,62204.0,54.0,946,21,0,High Value,62204.0,No Response,45-54,Store,2,Two or More Children,0.047619047619047616,4.761904761904762,1.3333333333333333,31-60 Days,Non-Responder
10473,1956,PhD,Widow,0,1,2012-09-10,38,158,19,288,25,0,38,1,6,4,9,7,0,1,1,0,0,1,0,Spain,78028.0,58.0,528,19,2,Medium Value,78028.0,Medium Engagement,55-64,Store,1,One Child,0.05263157894736842,5.263157894736842,0.8571428571428571,31-60 Days,Responder
7079,1962,Graduation,Divorced,0,1,2012-09-08,38,897,23,207,15,11,92,5,9,6,12,6,0,0,0,0,0,0,0,Saudi Arabia,63887.0,52.0,1245,27,0,High Value,63887.0,No Response,45-54,Store,1,One Child,0.18518518518518517,18.51851851851852,1.5,31-60 Days,Non-Responder
6875,1965,PhD,Together,0,0,2012-08-28,38,167,13,180,86,13,70,2,7,3,5,8,0,0,0,0,0,0,0,Canada,32727.0,49.0,529,15,0,Medium Value,32727.0,No Response,45-54,Web,0,No Children,0.13333333333333333,13.333333333333334,0.875,31-60 Days,Non-Responder
6728,1985,Graduation,Together,1,0,2012-08-27,38,16,0,17,6,3,6,2,1,0,3,9,0,0,0,0,0,0,0,Spain,29103.0,29.0,48,4,0,Low Value,29103.0,No Response,25-34,Store,1,One Child,0.5,50.0,0.1111111111111111,31-60 Days,Non-Responder
2471,1965,Graduation,Married,0,0,2014-06-27,39,48,58,68,16,66,43,1,3,2,6,2,0,0,0,0,0,0,0,Saudi Arabia,61482.0,49.0,299,11,0,Medium Value,61482.0,No Response,45-54,Store,0,No Children,0.09090909090909091,9.090909090909092,1.5,31-60 Days,Non-Responder
49,1970,Graduation,Single,1,0,2014-05-11,39,2,3,6,4,1,9,1,1,1,2,7,0,0,0,0,0,0,0,Canada,20587.0,44.0,25,4,0,Low Value,20587.0,No Response,35-44,Store,1,One Child,0.25,25.0,0.14285714285714285,31-60 Days,Non-Responder
4973,1970,Graduation,Single,1,0,2014-05-11,39,2,3,6,4,1,9,1,1,1,2,7,0,0,0,0,0,0,0,Canada,20587.0,44.0,25,4,0,Low Value,20587.0,No Response,35-44,Store,1,One Child,0.25,25.0,0.14285714285714285,31-60 Days,Non-Responder
6387,1976,PhD,Together,1,1,2014-05-08,39,42,0,17,0,0,18,3,2,1,3,5,1,0,0,0,0,0,0,Saudi Arabia,52190.0,38.0,77,6,1,Low Value,52190.0,Low Engagement,35-44,Store,2,Two or More Children,0.5,50.0,0.4,31-60 Days,Non-Responder
5866,1974,Graduation,Together,1,0,2014-03-20,39,97,3,66,12,7,34,3,4,1,4,7,0,0,0,0,0,0,0,Spain,48186.0,40.0,219,9,0,Medium Value,48186.0,No Response,35-44,Web,1,One Child,0.3333333333333333,33.33333333333333,0.5714285714285714,31-60 Days,Non-Responder
8523,1968,Graduation,Married,1,0,2013-12-14,39,24,1,16,12,2,5,3,4,0,3,8,0,0,0,0,0,0,0,Canada,19329.0,46.0,60,7,0,Low Value,19329.0,No Response,45-54,Web,1,One Child,0.42857142857142855,42.857142857142854,0.5,31-60 Days,Non-Responder
7901,1971,Master,Married,0,1,2013-11-06,39,9,1,5,2,1,4,1,0,0,3,4,0,0,0,0,0,0,0,Australia,34109.0,43.0,22,3,0,Low Value,34109.0,No Response,35-44,Store,1,One Child,0.3333333333333333,33.33333333333333,0.0,31-60 Days,Non-Responder
898,1986,Graduation,Married,1,0,2013-10-21,39,38,15,54,3,8,29,3,3,0,4,8,0,0,0,0,0,0,0,Spain,23477.0,28.0,147,7,0,Medium Value,23477.0,No Response,25-34,Store,1,One Child,0.42857142857142855,42.857142857142854,0.375,31-60 Days,Non-Responder
10242,1966,PhD,Together,1,1,2013-09-16,39,56,0,11,0,0,8,2,2,0,4,5,0,0,0,0,0,0,0,Spain,47472.0,48.0,75,6,0,Low Value,47472.0,No Response,45-54,Store,2,Two or More Children,0.3333333333333333,33.33333333333333,0.4,31-60 Days,Non-Responder
5835,1976,PhD,Divorced,1,0,2013-07-02,39,21,2,28,3,2,9,3,2,0,4,8,0,0,0,0,0,0,0,Spain,14849.0,38.0,65,6,0,Low Value,14849.0,No Response,35-44,Store,1,One Child,0.5,50.0,0.25,31-60 Days,Non-Responder
6919,1978,2n Cycle,Married,1,0,2013-06-04,39,4,7,15,13,9,15,3,2,1,3,6,0,0,0,0,0,0,0,Spain,26224.0,36.0,63,6,0,Low Value,26224.0,No Response,35-44,Store,1,One Child,0.5,50.0,0.3333333333333333,31-60 Days,Non-Responder
6197,1962,PhD,Single,1,1,2013-04-20,39,37,0,17,0,0,3,3,3,0,3,9,0,0,0,0,0,0,0,Spain,27238.0,52.0,57,6,0,Low Value,27238.0,No Response,45-54,Web,2,Two or More Children,0.5,50.0,0.3333333333333333,31-60 Days,Non-Responder
10475,1970,Master,Together,0,1,2013-04-01,39,187,5,65,26,20,14,2,4,2,6,5,0,0,0,0,0,0,0,USA,51381.5,44.0,317,12,0,Medium Value,51381.5,No Response,35-44,Store,1,One Child,0.16666666666666666,16.666666666666664,0.8,31-60 Days,Non-Responder
4201,1962,Graduation,Single,0,1,2013-03-03,39,229,7,137,4,0,91,5,4,2,8,5,0,0,0,0,0,0,0,India,57967.0,52.0,468,14,0,Medium Value,57967.0,No Response,45-54,Store,1,One Child,0.35714285714285715,35.714285714285715,0.8,31-60 Days,Non-Responder
5092,1949,PhD,Widow,0,1,2013-02-12,39,380,0,47,6,0,34,4,7,1,7,8,0,1,0,0,0,1,0,Spain,51569.0,65.0,467,15,1,Medium Value,51569.0,Low Engagement,65+,Web,1,One Child,0.26666666666666666,26.666666666666668,0.875,31-60 Days,Responder
6566,1954,PhD,Married,1,1,2012-11-08,39,826,50,317,50,38,38,9,5,2,12,8,0,0,0,0,0,0,0,Australia,72550.0,60.0,1319,19,0,High Value,72550.0,No Response,55-64,Store,2,Two or More Children,0.47368421052631576,47.368421052631575,0.625,31-60 Days,Non-Responder
6613,1970,Master,Married,1,0,2012-10-12,39,513,7,133,46,14,14,6,8,4,8,8,0,0,0,0,0,0,0,Australia,44511.0,44.0,727,20,0,Medium Value,44511.0,No Response,35-44,Web,1,One Child,0.3,30.0,1.0,31-60 Days,Non-Responder
9094,1955,2n Cycle,Married,0,1,2012-08-03,39,313,15,47,20,0,192,2,7,4,3,6,0,0,0,0,0,1,0,Spain,62972.0,59.0,587,14,0,Medium Value,62972.0,No Response,55-64,Web,1,One Child,0.14285714285714285,14.285714285714285,1.1666666666666667,31-60 Days,Responder
9847,1955,2n Cycle,Married,0,1,2012-08-03,39,313,15,47,20,0,192,2,7,4,3,6,0,0,0,0,0,0,0,Spain,62972.0,59.0,587,14,0,Medium Value,62972.0,No Response,55-64,Web,1,One Child,0.14285714285714285,14.285714285714285,1.1666666666666667,31-60 Days,Non-Responder
10767,1989,PhD,Together,0,0,2014-05-16,40,760,40,480,0,40,26,1,3,5,12,1,0,0,1,1,0,0,0,USA,77845.0,25.0,1346,20,2,High Value,77845.0,Medium Engagement,25-34,Store,0,No Children,0.05,5.0,3.0,31-60 Days,Non-Responder
7943,1975,PhD,Married,1,0,2014-04-25,40,18,0,6,3,3,5,1,1,1,3,2,0,0,0,0,0,0,0,Saudi Arabia,36663.0,39.0,35,5,0,Low Value,36663.0,No Response,35-44,Store,1,One Child,0.2,20.0,0.5,31-60 Days,Non-Responder
1055,1976,Master,Married,1,1,2014-03-20,40,29,0,8,2,0,6,1,1,0,3,4,0,0,0,0,0,0,0,Germany,53204.0,38.0,45,4,0,Low Value,53204.0,No Response,35-44,Store,2,Two or More Children,0.25,25.0,0.25,31-60 Days,Non-Responder
1458,1982,Master,Married,1,0,2014-01-07,40,8,3,19,3,3,8,3,3,0,3,6,0,0,0,0,0,0,0,Spain,21059.0,32.0,44,6,0,Low Value,21059.0,No Response,25-34,Web,1,One Child,0.5,50.0,0.5,31-60 Days,Non-Responder
8402,1953,Master,Married,0,1,2013-12-17,40,329,35,222,130,35,43,2,7,5,8,4,0,0,0,0,0,0,0,Australia,67087.0,61.0,794,20,0,Medium Value,67087.0,No Response,55-64,Store,1,One Child,0.1,10.0,1.75,31-60 Days,Non-Responder
6246,1953,Graduation,Single,0,0,2013-11-13,40,703,102,601,0,58,43,1,3,11,8,1,0,0,0,0,0,1,0,Canada,73892.0,61.0,1507,22,0,High Value,73892.0,No Response,55-64,Catalog,0,No Children,0.045454545454545456,4.545454545454546,3.0,31-60 Days,Responder
4654,1992,Graduation,Together,0,0,2013-11-07,40,571,12,523,63,60,24,1,3,10,5,2,0,0,0,0,0,0,0,Saudi Arabia,75114.0,22.0,1253,18,0,High Value,75114.0,No Response,Under 25,Catalog,0,No Children,0.05555555555555555,5.555555555555555,1.5,31-60 Days,Non-Responder
6103,1948,Graduation,Married,0,0,2013-09-06,40,40,15,15,17,6,7,1,2,1,3,4,0,0,0,0,0,0,0,Australia,42192.0,66.0,100,6,0,Low Value,42192.0,No Response,65+,Store,0,No Children,0.16666666666666666,16.666666666666664,0.5,31-60 Days,Non-Responder
8147,1960,Graduation,Married,1,1,2013-07-06,40,28,0,11,0,0,9,3,2,0,3,8,0,0,0,0,0,0,0,Spain,31454.0,54.0,48,5,0,Low Value,31454.0,No Response,45-54,Store,2,Two or More Children,0.6,60.0,0.25,31-60 Days,Non-Responder
10207,1978,Graduation,Together,1,0,2013-06-19,40,5,1,8,0,0,1,1,1,0,2,8,0,0,0,0,0,0,0,Saudi Arabia,22775.0,36.0,15,3,0,Low Value,22775.0,No Response,35-44,Store,1,One Child,0.3333333333333333,33.33333333333333,0.125,31-60 Days,Non-Responder
4838,1978,Graduation,Together,1,0,2013-06-19,40,5,1,8,0,0,1,1,1,0,2,8,0,0,0,0,0,0,0,India,22775.0,36.0,15,3,0,Low Value,22775.0,No Response,35-44,Store,1,One Child,0.3333333333333333,33.33333333333333,0.125,31-60 Days,Non-Responder
10219,1972,Graduation,Together,1,0,2013-06-18,40,6,2,15,6,6,3,1,1,0,3,8,0,0,0,0,0,0,0,Canada,31590.0,42.0,38,4,0,Low Value,31590.0,No Response,35-44,Store,1,One Child,0.25,25.0,0.125,31-60 Days,Non-Responder
2176,1972,Graduation,Married,1,0,2013-05-20,40,1218,16,272,104,0,80,2,5,3,6,6,0,1,1,1,0,1,0,Saudi Arabia,80134.0,42.0,1690,14,3,High Value,80134.0,High Engagement,35-44,Store,1,One Child,0.14285714285714285,14.285714285714285,0.8333333333333334,31-60 Days,Responder
9121,1972,Graduation,Married,1,0,2013-05-20,40,1218,16,272,104,0,80,2,5,3,6,6,0,1,1,1,0,1,0,Australia,80134.0,42.0,1690,14,3,High Value,80134.0,High Engagement,35-44,Store,1,One Child,0.14285714285714285,14.285714285714285,0.8333333333333334,31-60 Days,Responder
5802,1972,Basic,Married,0,0,2013-02-28,40,2,7,11,16,12,27,1,2,0,4,6,0,0,0,0,0,0,0,Germany,14188.0,42.0,75,6,0,Low Value,14188.0,No Response,35-44,Store,0,No Children,0.16666666666666666,16.666666666666664,0.3333333333333333,31-60 Days,Non-Responder
10790,1985,PhD,Married,1,0,2013-02-19,40,9,0,5,0,0,7,1,1,0,2,8,0,0,0,0,0,0,0,Spain,18169.0,29.0,21,3,0,Low Value,18169.0,No Response,25-34,Store,1,One Child,0.3333333333333333,33.33333333333333,0.125,31-60 Days,Non-Responder
178,1956,Graduation,Married,0,1,2013-02-18,40,478,0,193,110,75,117,4,8,3,11,5,0,0,0,0,0,0,0,Spain,62503.0,58.0,973,22,0,High Value,62503.0,No Response,55-64,Store,1,One Child,0.18181818181818182,18.181818181818183,1.6,31-60 Days,Non-Responder
2308,1954,Graduation,Married,0,1,2012-11-18,40,110,5,137,26,23,29,2,6,1,5,7,0,0,0,0,0,0,0,Spain,46734.0,60.0,330,12,0,Medium Value,46734.0,No Response,55-64,Web,1,One Child,0.16666666666666666,16.666666666666664,0.8571428571428571,31-60 Days,Non-Responder
7431,1991,PhD,Single,0,0,2012-11-10,40,1332,17,311,23,51,86,1,7,4,5,9,0,1,0,0,0,1,0,Canada,68126.0,23.0,1820,16,1,High Value,68126.0,Low Engagement,Under 25,Web,0,No Children,0.0625,6.25,0.7777777777777778,31-60 Days,Responder
9405,1954,PhD,Married,1,1,2012-10-15,40,84,3,61,2,1,21,3,3,1,4,7,0,0,0,0,0,1,0,Saudi Arabia,52869.0,60.0,172,8,0,Medium Value,52869.0,No Response,55-64,Store,2,Two or More Children,0.375,37.5,0.42857142857142855,31-60 Days,Responder
10525,1986,Graduation,Single,1,0,2012-10-13,40,10,0,8,0,0,9,1,1,0,2,9,1,0,0,0,0,1,0,Spain,26576.0,28.0,27,3,1,Low Value,26576.0,Low Engagement,25-34,Store,1,One Child,0.3333333333333333,33.33333333333333,0.1111111111111111,31-60 Days,Responder
7503,1976,Graduation,Single,0,0,2012-10-12,40,1032,105,779,137,105,51,0,5,8,9,4,1,0,0,0,0,1,0,Germany,75825.0,38.0,2209,22,1,High Value,75825.0,Low Engagement,35-44,Store,0,No Children,0.0,0.0,1.25,31-60 Days,Responder
8783,1950,Graduation,Married,0,1,2012-09-08,40,296,13,104,11,13,17,3,4,2,9,3,0,0,0,0,0,0,0,Australia,57045.0,64.0,454,15,0,Medium Value,57045.0,No Response,55-64,Store,1,One Child,0.2,20.0,1.3333333333333333,31-60 Days,Non-Responder
1403,1975,2n Cycle,Together,1,1,2012-09-06,40,8,4,15,3,5,3,2,1,0,3,7,0,0,0,0,0,0,0,Spain,34984.0,39.0,38,4,0,Low Value,34984.0,No Response,35-44,Store,2,Two or More Children,0.5,50.0,0.14285714285714285,31-60 Days,Non-Responder
4643,1973,Graduation,Married,1,0,2012-08-26,40,8,26,46,38,9,49,2,3,0,4,8,0,0,0,0,0,0,0,Australia,27803.0,41.0,176,7,0,Medium Value,27803.0,No Response,35-44,Store,1,One Child,0.2857142857142857,28.57142857142857,0.375,31-60 Days,Non-Responder
3463,1975,PhD,Married,0,1,2014-06-14,41,674,62,134,0,26,8,4,7,3,13,5,0,0,0,0,0,0,0,India,69283.0,39.0,904,23,0,High Value,69283.0,No Response,35-44,Store,1,One Child,0.17391304347826086,17.391304347826086,1.4,31-60 Days,Non-Responder
4055,1992,Basic,Single,1,0,2014-05-29,41,2,10,11,12,9,20,2,3,0,3,6,0,0,0,0,0,0,0,Spain,18746.0,22.0,64,6,0,Low Value,18746.0,No Response,Under 25,Web,1,One Child,0.3333333333333333,33.33333333333333,0.5,31-60 Days,Non-Responder
7010,1965,2n Cycle,Married,0,0,2014-04-07,41,635,114,254,132,152,76,1,6,6,7,3,0,0,1,0,0,0,0,Spain,70924.0,49.0,1363,19,1,High Value,70924.0,Low Engagement,45-54,Store,0,No Children,0.05263157894736842,5.263157894736842,2.0,31-60 Days,Non-Responder
4767,1965,2n Cycle,Married,0,0,2014-04-07,41,635,114,254,132,152,76,1,6,6,7,3,0,0,1,0,0,0,0,Spain,70924.0,49.0,1363,19,1,High Value,70924.0,Low Engagement,45-54,Store,0,No Children,0.05263157894736842,5.263157894736842,2.0,31-60 Days,Non-Responder
1927,1973,2n Cycle,Together,0,1,2014-03-23,41,399,27,159,58,8,39,4,4,4,5,2,0,0,0,0,0,0,0,Germany,69401.0,41.0,690,13,0,Medium Value,69401.0,No Response,35-44,Store,1,One Child,0.3076923076923077,30.76923076923077,2.0,31-60 Days,Non-Responder
437,1976,Master,Divorced,0,0,2014-01-25,41,294,142,218,164,58,151,1,3,8,11,1,0,0,0,0,0,0,0,Australia,75012.0,38.0,1027,22,0,High Value,75012.0,No Response,35-44,Store,0,No Children,0.045454545454545456,4.545454545454546,3.0,31-60 Days,Non-Responder
4331,1978,Master,Together,0,0,2014-01-23,41,913,26,376,17,26,13,1,3,6,11,1,0,1,1,0,0,0,0,Spain,85738.0,36.0,1371,20,2,High Value,85738.0,Medium Engagement,35-44,Store,0,No Children,0.05,5.0,3.0,31-60 Days,Non-Responder
4084,1975,Graduation,Together,0,1,2014-01-17,41,224,155,155,192,93,54,2,6,4,11,4,0,0,0,0,0,0,0,Canada,60934.0,39.0,873,21,0,High Value,60934.0,No Response,35-44,Store,1,One Child,0.09523809523809523,9.523809523809524,1.5,31-60 Days,Non-Responder
8135,1986,Master,Married,1,0,2013-10-28,41,7,4,23,7,0,11,1,1,0,3,7,0,0,0,0,0,0,0,Saudi Arabia,27161.0,28.0,52,4,0,Low Value,27161.0,No Response,25-34,Store,1,One Child,0.25,25.0,0.14285714285714285,31-60 Days,Non-Responder
9750,1961,PhD,Divorced,0,1,2013-02-07,41,731,60,353,78,12,73,5,10,3,5,7,0,0,0,0,0,0,0,Spain,64325.0,53.0,1307,18,0,High Value,64325.0,No Response,45-54,Web,1,One Child,0.2777777777777778,27.77777777777778,1.4285714285714286,31-60 Days,Non-Responder
6682,1973,Basic,Married,1,0,2012-12-11,41,2,8,1,4,7,15,1,1,0,3,8,0,0,0,0,0,0,0,Spain,18978.0,41.0,37,4,0,Low Value,18978.0,No Response,35-44,Store,1,One Child,0.25,25.0,0.125,31-60 Days,Non-Responder
10581,1977,Graduation,Married,1,0,2012-10-31,41,281,7,84,15,0,119,7,7,3,4,8,0,0,0,0,0,0,0,Spain,41124.0,37.0,506,14,0,Medium Value,41124.0,No Response,35-44,Web,1,One Child,0.5,50.0,0.875,31-60 Days,Non-Responder
3710,1984,PhD,Single,1,0,2012-10-12,41,19,0,35,6,4,17,2,2,1,2,7,0,0,0,0,0,1,1,Spain,39684.0,30.0,81,5,0,Low Value,39684.0,No Response,25-34,Web,1,One Child,0.4,40.0,0.2857142857142857,31-60 Days,Responder
5207,1963,PhD,Married,1,1,2012-09-24,41,489,6,152,8,6,132,10,9,4,6,8,0,0,0,0,0,1,0,Spain,53378.0,51.0,793,19,0,Medium Value,53378.0,No Response,45-54,Web,2,Two or More Children,0.5263157894736842,52.63157894736842,1.125,31-60 Days,Responder
9360,1982,Graduation,Married,0,0,2012-08-08,41,86,2,73,69,38,48,1,4,2,5,8,0,0,0,0,0,0,0,USA,37040.0,32.0,316,11,0,Medium Value,37040.0,No Response,25-34,Store,0,No Children,0.09090909090909091,9.090909090909092,0.5,31-60 Days,Non-Responder
4679,1977,Master,Married,0,1,2014-05-23,42,721,0,152,119,50,50,3,7,6,12,4,0,0,0,0,0,0,0,Spain,78710.0,37.0,1092,25,0,High Value,78710.0,No Response,35-44,Store,1,One Child,0.12,12.0,1.75,31-60 Days,Non-Responder
1340,1986,Graduation,Married,0,0,2014-04-24,42,551,137,792,179,103,33,1,6,7,13,1,0,1,1,1,0,0,0,Spain,92910.0,28.0,1795,26,3,High Value,92910.0,High Engagement,25-34,Store,0,No Children,0.038461538461538464,3.8461538461538463,6.0,31-60 Days,Non-Responder
10839,1976,Graduation,Together,1,1,2014-04-14,42,6,5,5,8,0,5,2,1,0,3,4,0,0,0,0,0,0,0,Canada,36283.0,38.0,29,4,0,Low Value,36283.0,No Response,35-44,Store,2,Two or More Children,0.5,50.0,0.25,31-60 Days,Non-Responder
5303,1974,PhD,Together,0,0,2014-04-08,42,471,0,510,99,21,12,1,6,4,9,2,0,0,0,0,0,0,0,Saudi Arabia,79632.0,40.0,1113,19,0,High Value,79632.0,No Response,35-44,Store,0,No Children,0.05263157894736842,5.263157894736842,3.0,31-60 Days,Non-Responder
9829,1978,Graduation,Together,1,0,2014-02-12,42,22,4,17,12,10,13,3,2,0,4,6,0,0,0,0,0,0,0,Spain,28587.0,36.0,78,6,0,Low Value,28587.0,No Response,35-44,Store,1,One Child,0.5,50.0,0.3333333333333333,31-60 Days,Non-Responder
10469,1981,Graduation,Together,0,0,2014-02-05,42,519,71,860,93,27,53,1,6,2,9,2,0,0,0,0,0,0,0,India,88325.0,33.0,1623,17,0,High Value,88325.0,No Response,25-34,Store,0,No Children,0.058823529411764705,5.88235294117647,3.0,31-60 Days,Non-Responder
3602,1958,Master,Married,0,1,2013-12-31,42,140,3,29,4,5,14,2,3,2,4,4,0,0,0,0,0,0,0,Spain,51412.0,56.0,195,9,0,Medium Value,51412.0,No Response,55-64,Store,1,One Child,0.2222222222222222,22.22222222222222,0.75,31-60 Days,Non-Responder
4756,1952,2n Cycle,Divorced,0,0,2013-12-20,42,176,29,818,0,33,112,1,7,6,11,4,0,0,0,0,0,1,0,Spain,63998.0,62.0,1168,24,0,High Value,63998.0,No Response,55-64,Store,0,No Children,0.041666666666666664,4.166666666666666,1.75,31-60 Days,Responder
8181,1978,2n Cycle,Single,1,0,2013-09-13,42,51,12,49,17,24,24,3,4,1,3,8,0,0,0,0,0,0,0,Spain,38593.0,36.0,177,8,0,Medium Value,38593.0,No Response,35-44,Web,1,One Child,0.375,37.5,0.5,31-60 Days,Non-Responder
6958,1977,Master,Married,1,0,2013-07-05,42,14,0,4,0,0,8,1,1,1,2,6,0,0,0,0,0,0,0,Australia,27889.0,37.0,26,4,0,Low Value,27889.0,No Response,35-44,Store,1,One Child,0.25,25.0,0.16666666666666666,31-60 Days,Non-Responder
10856,1980,2n Cycle,Single,0,1,2013-07-02,42,31,0,6,0,1,8,1,1,0,3,6,0,0,0,0,0,0,0,Canada,45889.0,34.0,46,4,0,Low Value,45889.0,No Response,25-34,Store,1,One Child,0.25,25.0,0.16666666666666666,31-60 Days,Non-Responder
3321,1967,PhD,Together,0,2,2013-05-05,42,421,5,90,0,16,10,3,7,3,7,5,0,0,0,0,0,0,0,Canada,56575.0,47.0,542,17,0,Medium Value,56575.0,No Response,45-54,Web,2,Two or More Children,0.17647058823529413,17.647058823529413,1.4,31-60 Days,Non-Responder
5394,1979,Basic,Single,1,1,2013-03-17,42,3,9,4,7,8,7,4,1,1,4,3,0,0,0,0,0,0,0,Spain,16014.0,35.0,38,6,0,Low Value,16014.0,No Response,35-44,Store,2,Two or More Children,0.6666666666666666,66.66666666666666,0.3333333333333333,31-60 Days,Non-Responder
433,1958,Master,Alone,1,1,2013-03-10,42,534,5,47,0,5,41,5,11,1,6,8,0,0,0,0,0,0,0,Canada,61331.0,56.0,632,18,0,Medium Value,61331.0,No Response,55-64,Web,2,Two or More Children,0.2777777777777778,27.77777777777778,1.375,31-60 Days,Non-Responder
6320,1976,Master,Single,0,0,2013-02-06,42,768,44,561,77,44,14,1,6,6,10,3,0,0,0,0,0,0,0,Spain,70893.0,38.0,1508,22,0,High Value,70893.0,No Response,35-44,Store,0,No Children,0.045454545454545456,4.545454545454546,2.0,31-60 Days,Non-Responder
5376,1979,Graduation,Married,1,0,2013-01-06,42,1,1,1725,1,1,1,15,0,28,0,1,0,0,0,0,0,0,0,USA,2447.0,35.0,1730,28,0,High Value,2447.0,No Response,35-44,Catalog,1,One Child,0.5357142857142857,53.57142857142857,0.0,31-60 Days,Non-Responder
1867,1957,Graduation,Single,0,0,2012-11-13,42,652,48,350,94,84,108,1,9,3,6,5,0,0,0,0,0,1,0,Spain,64849.0,57.0,1336,18,0,High Value,64849.0,No Response,55-64,Web,0,No Children,0.05555555555555555,5.555555555555555,1.8,31-60 Days,Responder
4324,1989,Graduation,Married,1,0,2012-10-29,42,235,0,235,19,4,191,5,8,1,7,8,0,0,0,0,0,0,0,Spain,42387.0,25.0,684,16,0,Medium Value,42387.0,No Response,25-34,Web,1,One Child,0.3125,31.25,1.0,31-60 Days,Non-Responder
3661,1995,2n Cycle,Single,0,0,2012-10-12,42,594,51,631,72,55,32,1,4,6,8,2,0,0,0,0,0,0,0,India,80617.0,19.0,1435,18,0,High Value,80617.0,No Response,Under 25,Store,0,No Children,0.05555555555555555,5.555555555555555,2.0,31-60 Days,Non-Responder
521,1985,Graduation,Together,1,0,2012-09-18,42,174,77,203,6,24,97,2,8,1,7,7,0,0,0,0,0,0,0,Spain,54006.0,29.0,581,16,0,Medium Value,54006.0,No Response,25-34,Web,1,One Child,0.125,12.5,1.1428571428571428,31-60 Days,Non-Responder
10403,1978,Graduation,Together,1,0,2014-06-18,43,2,13,6,7,5,11,3,3,0,3,7,0,0,0,0,0,0,0,Canada,16531.0,36.0,44,6,0,Low Value,16531.0,No Response,35-44,Web,1,One Child,0.5,50.0,0.42857142857142855,31-60 Days,Non-Responder
7186,1966,PhD,Together,1,1,2014-05-26,43,24,0,2,0,0,9,2,1,1,2,5,1,0,0,0,0,0,0,India,30843.0,48.0,35,4,1,Low Value,30843.0,Low Engagement,45-54,Store,2,Two or More Children,0.5,50.0,0.2,31-60 Days,Non-Responder
4329,1984,PhD,Married,1,0,2014-05-23,43,6,0,6,2,1,1,2,1,0,3,7,0,0,0,0,0,0,0,Australia,18988.0,30.0,16,4,0,Low Value,18988.0,No Response,25-34,Store,1,One Child,0.5,50.0,0.14285714285714285,31-60 Days,Non-Responder
4394,1965,PhD,Married,0,0,2014-05-23,43,1142,29,249,38,29,14,1,5,5,12,2,0,1,1,0,0,0,0,Spain,81051.0,49.0,1501,22,2,High Value,81051.0,Medium Engagement,45-54,Store,0,No Children,0.045454545454545456,4.545454545454546,2.5,31-60 Days,Non-Responder
1717,1988,Graduation,Single,1,0,2014-04-13,43,80,15,93,20,13,52,3,5,1,4,8,0,0,0,0,0,0,0,Saudi Arabia,39747.0,26.0,273,10,0,Medium Value,39747.0,No Response,25-34,Web,1,One Child,0.3,30.0,0.625,31-60 Days,Non-Responder
1016,1959,PhD,Single,0,1,2014-03-30,43,41,1,6,2,0,5,2,2,0,3,6,0,0,0,0,0,0,0,Canada,34554.0,55.0,55,5,0,Low Value,34554.0,No Response,55-64,Store,1,One Child,0.4,40.0,0.3333333333333333,31-60 Days,Non-Responder
3783,1959,PhD,Married,1,1,2014-03-24,43,105,0,10,0,1,0,2,2,1,4,5,0,0,0,0,0,0,0,Saudi Arabia,52854.0,55.0,116,7,0,Medium Value,52854.0,No Response,55-64,Store,2,Two or More Children,0.2857142857142857,28.57142857142857,0.4,31-60 Days,Non-Responder
5848,1970,Graduation,Together,0,0,2014-01-13,43,724,74,929,97,55,130,1,5,6,7,2,1,0,1,0,1,1,0,India,81205.0,44.0,2009,18,3,High Value,81205.0,High Engagement,35-44,Store,0,No Children,0.05555555555555555,5.555555555555555,2.5,31-60 Days,Responder
10727,1970,PhD,Married,1,0,2013-11-19,43,1181,107,199,39,30,30,2,7,3,13,8,0,0,0,0,0,0,0,Spain,69084.0,44.0,1586,23,0,High Value,69084.0,No Response,35-44,Store,1,One Child,0.08695652173913043,8.695652173913043,0.875,31-60 Days,Non-Responder
5299,1970,PhD,Married,1,0,2013-11-19,43,1181,107,199,39,30,30,2,7,3,13,8,0,0,0,0,0,0,0,Spain,69084.0,44.0,1586,23,0,High Value,69084.0,No Response,35-44,Store,1,One Child,0.08695652173913043,8.695652173913043,0.875,31-60 Days,Non-Responder
6872,1974,PhD,Married,0,1,2013-08-21,43,284,3,84,4,7,23,2,4,2,8,4,0,0,0,0,0,0,0,Saudi Arabia,65352.0,40.0,405,14,0,Medium Value,65352.0,No Response,35-44,Store,1,One Child,0.14285714285714285,14.285714285714285,1.0,31-60 Days,Non-Responder
1143,1972,Graduation,Married,1,0,2013-08-08,43,7,10,13,3,11,11,2,2,0,3,7,0,0,0,0,0,0,0,Canada,22063.0,42.0,55,5,0,Low Value,22063.0,No Response,35-44,Store,1,One Child,0.4,40.0,0.2857142857142857,31-60 Days,Non-Responder
10381,1979,Graduation,Single,0,1,2013-07-05,43,14,0,3,0,0,4,1,1,0,2,6,0,0,0,0,0,0,0,Spain,47691.0,35.0,21,3,0,Low Value,47691.0,No Response,35-44,Store,1,One Child,0.3333333333333333,33.33333333333333,0.16666666666666666,31-60 Days,Non-Responder
11007,1968,PhD,Married,1,0,2013-05-09,43,26,0,6,0,0,2,1,1,0,3,8,0,0,0,0,0,0,0,Spain,29187.0,46.0,34,4,0,Low Value,29187.0,No Response,45-54,Store,1,One Child,0.25,25.0,0.125,31-60 Days,Non-Responder
9145,1972,Graduation,Single,0,1,2013-04-06,43,604,26,470,123,161,94,2,5,9,6,2,0,0,0,0,0,0,0,Canada,72504.0,42.0,1478,20,0,High Value,72504.0,No Response,35-44,Catalog,1,One Child,0.1,10.0,2.5,31-60 Days,Non-Responder
5267,1970,Graduation,Divorced,1,0,2013-03-14,43,16,2,18,2,1,5,1,1,0,3,7,0,0,0,0,0,0,0,Spain,33986.0,44.0,44,4,0,Low Value,33986.0,No Response,35-44,Store,1,One Child,0.25,25.0,0.14285714285714285,31-60 Days,Non-Responder
9738,1986,Master,Together,1,0,2013-01-13,43,65,4,16,0,4,11,1,3,0,3,8,0,0,0,0,0,0,0,Saudi Arabia,42386.0,28.0,100,6,0,Low Value,42386.0,No Response,25-34,Web,1,One Child,0.16666666666666666,16.666666666666664,0.375,31-60 Days,Non-Responder
10212,1986,Master,Together,1,0,2013-01-13,43,65,4,16,0,4,11,1,3,0,3,8,0,0,0,0,0,0,0,India,42386.0,28.0,100,6,0,Low Value,42386.0,No Response,25-34,Web,1,One Child,0.16666666666666666,16.666666666666664,0.375,31-60 Days,Non-Responder
10010,1953,PhD,Divorced,1,1,2012-09-06,43,100,2,16,2,1,31,4,3,2,2,9,0,0,0,0,0,1,0,Australia,36957.0,61.0,152,7,0,Medium Value,36957.0,No Response,55-64,Web,2,Two or More Children,0.5714285714285714,57.14285714285714,0.3333333333333333,31-60 Days,Responder
10069,1988,Basic,Together,1,0,2012-08-31,43,2,7,5,2,15,27,1,2,0,2,9,1,0,0,0,0,0,0,Saudi Arabia,13724.0,26.0,58,4,1,Low Value,13724.0,Low Engagement,25-34,Web,1,One Child,0.25,25.0,0.2222222222222222,31-60 Days,Non-Responder
2694,1967,Graduation,Married,0,1,2014-03-18,44,21,0,3,0,0,0,1,1,0,3,6,0,0,0,0,0,0,0,Spain,42664.0,47.0,24,4,0,Low Value,42664.0,No Response,45-54,Store,1,One Child,0.25,25.0,0.16666666666666666,31-60 Days,Non-Responder
10613,1958,PhD,Together,1,1,2014-02-26,44,26,1,16,2,2,15,4,3,0,4,4,0,0,0,0,0,0,0,Spain,37334.0,56.0,62,7,0,Low Value,37334.0,No Response,55-64,Store,2,Two or More Children,0.5714285714285714,57.14285714285714,0.75,31-60 Days,Non-Responder
4646,1951,2n Cycle,Married,0,0,2013-12-01,44,207,26,447,75,0,223,1,5,7,12,2,0,0,0,1,0,0,0,Canada,78497.0,63.0,978,24,1,High Value,78497.0,Low Engagement,55-64,Store,0,No Children,0.041666666666666664,4.166666666666666,2.5,31-60 Days,Non-Responder
6935,1951,2n Cycle,Married,0,0,2013-12-01,44,207,26,447,75,0,223,1,5,7,12,2,0,0,0,1,0,0,0,India,78497.0,63.0,978,24,1,High Value,78497.0,Low Engagement,55-64,Store,0,No Children,0.041666666666666664,4.166666666666666,2.5,31-60 Days,Non-Responder
5596,1956,2n Cycle,Together,0,1,2013-10-12,44,513,14,154,19,0,28,1,9,2,9,6,0,0,0,0,0,0,0,Saudi Arabia,58821.0,58.0,728,20,0,Medium Value,58821.0,No Response,55-64,Web,1,One Child,0.05,5.0,1.5,31-60 Days,Non-Responder
1044,1953,Graduation,Together,0,0,2013-05-14,44,299,5,201,21,21,49,3,5,4,8,4,0,0,0,0,0,0,0,Australia,58398.0,61.0,596,17,0,Medium Value,58398.0,No Response,55-64,Store,0,No Children,0.17647058823529413,17.647058823529413,1.25,31-60 Days,Non-Responder
9274,1961,Master,Married,0,0,2013-03-28,44,525,147,112,219,147,63,1,6,7,9,2,0,0,0,1,0,0,0,Saudi Arabia,80950.0,53.0,1213,22,1,High Value,80950.0,Low Engagement,45-54,Store,0,No Children,0.045454545454545456,4.545454545454546,3.0,31-60 Days,Non-Responder
9076,1980,PhD,Married,1,0,2013-01-05,44,155,1,25,0,1,3,4,4,1,4,8,0,0,0,0,0,0,0,Saudi Arabia,30732.0,34.0,185,9,0,Medium Value,30732.0,No Response,25-34,Web,1,One Child,0.4444444444444444,44.44444444444444,0.5,31-60 Days,Non-Responder
4947,1966,2n Cycle,Single,0,0,2012-09-15,44,606,24,974,197,194,64,1,7,7,9,4,0,1,0,1,0,1,0,Spain,89572.0,48.0,2059,23,2,High Value,89572.0,Medium Engagement,45-54,Store,0,No Children,0.043478260869565216,4.3478260869565215,1.75,31-60 Days,Responder
10176,1968,Graduation,Single,0,1,2012-08-24,44,159,0,120,0,0,137,7,4,4,8,8,0,1,0,0,1,1,0,Spain,57107.0,46.0,416,16,2,Medium Value,57107.0,Medium Engagement,45-54,Store,1,One Child,0.4375,43.75,0.5,31-60 Days,Responder
3507,1970,Graduation,Single,1,0,2012-08-17,44,676,161,426,210,44,58,2,2,5,5,6,0,0,0,0,0,1,0,USA,76467.0,44.0,1575,12,0,High Value,76467.0,No Response,35-44,Catalog,1,One Child,0.16666666666666666,16.666666666666664,0.3333333333333333,31-60 Days,Responder
9235,1957,Graduation,Single,1,1,2014-05-27,45,7,0,8,2,0,1,1,1,0,2,7,0,0,0,0,0,0,0,Germany,51381.5,57.0,18,3,0,Low Value,51381.5,No Response,55-64,Store,2,Two or More Children,0.3333333333333333,33.33333333333333,0.14285714285714285,31-60 Days,Non-Responder
10341,1948,Graduation,Together,0,0,2014-02-23,45,68,28,39,16,30,41,1,2,2,5,2,0,0,0,0,0,0,0,Australia,51315.0,66.0,222,9,0,Medium Value,51315.0,No Response,65+,Store,0,No Children,0.1111111111111111,11.11111111111111,1.0,31-60 Days,Non-Responder
2639,1966,Graduation,Single,1,1,2014-01-10,45,19,5,12,10,3,19,3,3,1,2,6,0,0,0,0,0,0,0,Saudi Arabia,43602.0,48.0,68,6,0,Low Value,43602.0,No Response,45-54,Web,2,Two or More Children,0.5,50.0,0.5,31-60 Days,Non-Responder
6201,1978,Graduation,Single,1,1,2013-11-29,45,22,2,14,0,1,10,2,2,0,3,7,0,0,0,0,0,0,1,Spain,38643.0,36.0,49,5,0,Low Value,38643.0,No Response,35-44,Store,2,Two or More Children,0.4,40.0,0.2857142857142857,31-60 Days,Non-Responder
7397,1951,Graduation,Single,0,1,2013-07-19,45,494,5,82,7,0,100,3,7,2,9,7,0,0,0,0,0,0,0,Spain,49090.0,63.0,688,18,0,Medium Value,49090.0,No Response,55-64,Store,1,One Child,0.16666666666666666,16.666666666666664,1.0,31-60 Days,Non-Responder
2181,1970,Graduation,Married,0,0,2013-06-23,45,353,61,753,40,46,27,1,3,3,7,2,0,0,0,0,0,0,0,Spain,70617.0,44.0,1280,13,0,High Value,70617.0,No Response,35-44,Store,0,No Children,0.07692307692307693,7.6923076923076925,1.5,31-60 Days,Non-Responder
1204,1970,PhD,Married,0,1,2013-05-22,45,1253,0,447,23,71,35,3,11,5,11,8,0,0,0,1,0,0,0,Saudi Arabia,67536.0,44.0,1829,27,1,High Value,67536.0,Low Engagement,35-44,Web,1,One Child,0.1111111111111111,11.11111111111111,1.375,31-60 Days,Non-Responder
1170,1975,Graduation,Married,1,0,2013-03-25,45,50,15,110,39,15,15,4,5,1,4,8,0,0,0,0,0,0,0,Spain,27573.0,39.0,244,10,0,Medium Value,27573.0,No Response,35-44,Web,1,One Child,0.4,40.0,0.625,31-60 Days,Non-Responder
8812,1979,2n Cycle,Divorced,1,0,2013-03-10,45,12,3,8,8,0,17,2,2,0,3,7,0,0,0,0,0,0,0,Spain,13533.0,35.0,48,5,0,Low Value,13533.0,No Response,35-44,Store,1,One Child,0.4,40.0,0.2857142857142857,31-60 Days,Non-Responder
4690,1953,Graduation,Married,0,1,2013-02-13,45,443,10,75,0,10,48,4,8,1,8,8,0,0,0,0,0,0,0,Canada,50725.0,61.0,586,17,0,Medium Value,50725.0,No Response,55-64,Web,1,One Child,0.23529411764705882,23.52941176470588,1.0,31-60 Days,Non-Responder
1715,1978,Graduation,Together,1,0,2013-02-11,45,9,4,18,7,5,5,2,2,0,3,7,0,0,0,0,0,0,0,Australia,25851.0,36.0,48,5,0,Low Value,25851.0,No Response,35-44,Store,1,One Child,0.4,40.0,0.2857142857142857,31-60 Days,Non-Responder
10821,1978,Graduation,Married,1,1,2013-02-06,45,182,4,33,0,2,42,6,4,1,5,7,0,0,0,0,0,0,0,Spain,57113.0,36.0,263,10,0,Medium Value,57113.0,No Response,35-44,Store,2,Two or More Children,0.6,60.0,0.5714285714285714,31-60 Days,Non-Responder
6543,1945,Master,Together,0,0,2013-01-15,45,521,168,706,80,76,61,1,3,6,4,2,0,0,0,0,0,0,0,Canada,62847.0,69.0,1612,13,0,High Value,62847.0,No Response,65+,Catalog,0,No Children,0.07692307692307693,7.6923076923076925,1.5,31-60 Days,Non-Responder
7119,1982,Graduation,Single,0,0,2013-01-12,45,395,15,263,60,54,38,1,2,3,6,1,0,0,0,0,0,0,0,Saudi Arabia,68627.0,32.0,825,11,0,Medium Value,68627.0,No Response,25-34,Store,0,No Children,0.09090909090909091,9.090909090909092,2.0,31-60 Days,Non-Responder
3518,1983,Graduation,Married,1,0,2012-12-05,45,10,1,18,10,4,7,1,1,1,2,9,0,0,0,0,0,0,0,India,25271.0,31.0,50,4,0,Low Value,25271.0,No Response,25-34,Store,1,One Child,0.25,25.0,0.1111111111111111,31-60 Days,Non-Responder
1245,1966,Graduation,Single,0,1,2012-11-11,45,977,12,253,16,12,101,4,4,3,12,8,0,1,0,0,0,0,0,Spain,63810.0,48.0,1371,19,1,High Value,63810.0,Low Engagement,45-54,Store,1,One Child,0.21052631578947367,21.052631578947366,0.5,31-60 Days,Non-Responder
2561,1966,Graduation,Single,0,1,2012-11-11,45,977,12,253,16,12,101,4,4,3,12,8,0,1,0,0,0,0,0,Germany,63810.0,48.0,1371,19,1,High Value,63810.0,Low Engagement,45-54,Store,1,One Child,0.21052631578947367,21.052631578947366,0.5,31-60 Days,Non-Responder
9624,1958,PhD,Together,0,0,2014-06-13,46,603,45,207,36,18,54,1,3,4,6,1,0,0,0,0,0,0,0,Spain,65488.0,56.0,963,13,0,High Value,65488.0,No Response,55-64,Store,0,No Children,0.07692307692307693,7.6923076923076925,3.0,31-60 Days,Non-Responder
10509,1955,Master,Single,1,1,2014-06-02,46,51,0,16,0,0,4,2,3,0,3,8,0,0,0,0,0,0,0,USA,36927.0,59.0,71,6,0,Low Value,36927.0,No Response,55-64,Web,2,Two or More Children,0.3333333333333333,33.33333333333333,0.375,31-60 Days,Non-Responder
7629,1977,Graduation,Married,1,1,2014-05-08,46,5,3,9,6,2,6,2,2,0,3,7,0,0,0,0,0,0,0,Spain,22108.0,37.0,31,5,0,Low Value,22108.0,No Response,35-44,Store,2,Two or More Children,0.4,40.0,0.2857142857142857,31-60 Days,Non-Responder
7875,1949,Graduation,Married,0,0,2014-04-29,46,967,0,617,43,50,0,1,4,8,13,2,0,1,1,1,0,1,0,Australia,72025.0,65.0,1677,25,3,High Value,72025.0,High Engagement,65+,Store,0,No Children,0.04,4.0,2.0,31-60 Days,Responder
2815,1975,Graduation,Married,1,0,2014-02-24,46,7,5,39,17,15,37,2,4,0,3,7,0,0,0,0,0,0,0,Spain,33183.0,39.0,120,7,0,Medium Value,33183.0,No Response,35-44,Web,1,One Child,0.2857142857142857,28.57142857142857,0.5714285714285714,31-60 Days,Non-Responder
2936,1982,Master,Together,1,0,2013-12-04,46,18,0,4,0,0,1,1,1,0,3,7,0,0,0,0,0,0,0,Saudi Arabia,23661.0,32.0,23,4,0,Low Value,23661.0,No Response,25-34,Store,1,One Child,0.25,25.0,0.14285714285714285,31-60 Days,Non-Responder
3665,1977,2n Cycle,Together,1,0,2013-11-07,46,1,9,8,11,3,22,3,3,0,3,8,0,0,0,0,0,0,0,Spain,25315.0,37.0,54,6,0,Low Value,25315.0,No Response,35-44,Web,1,One Child,0.5,50.0,0.375,31-60 Days,Non-Responder
10888,1961,Graduation,Single,0,0,2013-11-03,46,273,11,178,62,83,29,2,8,4,6,6,0,0,0,0,0,0,0,USA,45938.0,53.0,636,18,0,Medium Value,45938.0,No Response,45-54,Web,0,No Children,0.1111111111111111,11.11111111111111,1.3333333333333333,31-60 Days,Non-Responder
6637,1988,Graduation,Single,0,0,2013-11-02,46,277,162,305,173,76,124,1,3,4,7,1,0,0,0,0,0,0,0,India,66951.0,26.0,1117,14,0,High Value,66951.0,No Response,25-34,Store,0,No Children,0.07142857142857142,7.142857142857142,3.0,31-60 Days,Non-Responder
5077,1979,Graduation,Together,0,1,2013-11-02,46,425,115,292,23,35,79,1,6,6,11,3,0,0,0,0,0,0,0,Canada,77298.0,35.0,969,23,0,High Value,77298.0,No Response,35-44,Store,1,One Child,0.043478260869565216,4.3478260869565215,2.0,31-60 Days,Non-Responder
6173,1979,Graduation,Together,0,1,2013-11-02,46,425,115,292,23,35,79,1,6,6,11,3,0,0,0,0,0,0,0,Spain,77298.0,35.0,969,23,0,High Value,77298.0,No Response,35-44,Store,1,One Child,0.043478260869565216,4.3478260869565215,2.0,31-60 Days,Non-Responder
3969,1974,Master,Together,0,1,2013-11-01,46,35,4,17,7,6,64,1,2,2,2,5,0,0,0,0,0,0,0,Germany,43018.0,40.0,133,6,0,Medium Value,43018.0,No Response,35-44,Web,1,One Child,0.16666666666666666,16.666666666666664,0.4,31-60 Days,Non-Responder
4580,1969,Graduation,Married,0,0,2013-10-25,46,1394,22,708,89,91,182,1,9,7,9,5,1,0,1,1,0,1,0,Saudi Arabia,75759.0,45.0,2486,25,3,High Value,75759.0,High Engagement,45-54,Web,0,No Children,0.04,4.0,1.8,31-60 Days,Responder
663,1989,PhD,Single,0,0,2013-09-11,46,40,2,15,8,0,6,1,1,1,3,4,0,0,0,0,0,0,0,Spain,33996.0,25.0,71,5,0,Low Value,33996.0,No Response,25-34,Store,0,No Children,0.2,20.0,0.25,31-60 Days,Non-Responder
8299,1989,PhD,Single,0,0,2013-09-11,46,40,2,15,8,0,6,1,1,1,3,4,0,0,0,0,0,0,0,Saudi Arabia,33996.0,25.0,71,5,0,Low Value,33996.0,No Response,25-34,Store,0,No Children,0.2,20.0,0.25,31-60 Days,Non-Responder
8945,1970,Graduation,Divorced,0,1,2013-08-16,46,171,0,11,0,1,20,2,4,1,4,6,0,0,0,0,0,0,0,Saudi Arabia,54137.0,44.0,203,9,0,Medium Value,54137.0,No Response,35-44,Web,1,One Child,0.2222222222222222,22.22222222222222,0.6666666666666666,31-60 Days,Non-Responder
10870,1967,Graduation,Married,0,1,2013-06-13,46,709,43,182,42,118,247,2,9,3,4,5,0,0,0,0,0,0,0,Saudi Arabia,61223.0,47.0,1341,16,0,High Value,61223.0,No Response,45-54,Web,1,One Child,0.125,12.5,1.8,31-60 Days,Non-Responder
1184,1968,PhD,Divorced,0,2,2013-05-22,46,554,41,215,11,0,24,3,10,2,10,5,0,0,0,0,0,0,0,Saudi Arabia,69674.0,46.0,845,22,0,High Value,69674.0,No Response,45-54,Web,2,Two or More Children,0.13636363636363635,13.636363636363635,2.0,31-60 Days,Non-Responder
6141,1972,Master,Single,1,0,2013-04-25,46,191,9,97,0,6,82,2,6,1,5,7,0,0,0,0,0,0,0,Canada,49494.0,42.0,385,12,0,Medium Value,49494.0,No Response,35-44,Web,1,One Child,0.16666666666666666,16.666666666666664,0.8571428571428571,31-60 Days,Non-Responder
8825,1962,Graduation,Together,1,1,2013-04-01,46,230,14,156,82,24,58,8,9,2,5,8,0,0,0,0,0,0,0,Saudi Arabia,51195.0,52.0,564,16,0,Medium Value,51195.0,No Response,45-54,Web,2,Two or More Children,0.5,50.0,1.125,31-60 Days,Non-Responder
2217,1975,2n Cycle,Married,1,1,2013-03-29,46,11,1,2,2,1,6,1,0,0,3,6,0,0,0,0,0,0,0,India,37284.0,39.0,23,3,0,Low Value,37284.0,No Response,35-44,Store,2,Two or More Children,0.3333333333333333,33.33333333333333,0.0,31-60 Days,Non-Responder
4102,1975,2n Cycle,Married,1,1,2013-03-29,46,11,1,2,2,1,6,1,0,0,3,6,0,0,0,0,0,0,0,Spain,37284.0,39.0,23,3,0,Low Value,37284.0,No Response,35-44,Store,2,Two or More Children,0.3333333333333333,33.33333333333333,0.0,31-60 Days,Non-Responder
4653,1978,Graduation,Together,1,0,2013-03-26,46,131,0,16,2,1,39,4,3,1,4,8,0,0,0,0,0,0,0,Saudi Arabia,42011.0,36.0,189,8,0,Medium Value,42011.0,No Response,35-44,Store,1,One Child,0.5,50.0,0.375,31-60 Days,Non-Responder
10092,1954,Graduation,Divorced,0,1,2013-02-18,46,1073,0,250,153,14,14,4,7,10,5,5,0,0,0,0,0,0,0,Spain,70044.0,60.0,1504,22,0,High Value,70044.0,No Response,55-64,Catalog,1,One Child,0.18181818181818182,18.181818181818183,1.4,31-60 Days,Non-Responder
5788,1972,Graduation,Together,1,0,2013-02-17,46,56,10,92,19,7,25,3,3,2,4,5,0,0,0,0,0,0,0,Germany,46053.0,42.0,209,9,0,Medium Value,46053.0,No Response,35-44,Store,1,One Child,0.3333333333333333,33.33333333333333,0.6,31-60 Days,Non-Responder
4669,1981,Basic,Married,1,0,2013-02-11,46,4,19,9,28,25,17,3,3,0,4,7,0,0,0,0,0,0,0,Saudi Arabia,24480.0,33.0,102,7,0,Low Value,24480.0,No Response,25-34,Store,1,One Child,0.42857142857142855,42.857142857142854,0.42857142857142855,31-60 Days,Non-Responder
6295,1977,Graduation,Married,0,1,2013-02-04,46,652,8,158,21,0,142,4,11,6,5,8,0,0,0,0,0,0,0,Spain,54233.0,37.0,981,22,0,High Value,54233.0,No Response,35-44,Web,1,One Child,0.18181818181818182,18.181818181818183,1.375,31-60 Days,Non-Responder
7453,1954,Graduation,Single,0,1,2013-02-02,46,157,43,127,68,56,37,6,3,8,4,4,1,0,0,0,0,1,0,Spain,36130.0,60.0,488,15,1,Medium Value,36130.0,Low Engagement,55-64,Catalog,1,One Child,0.4,40.0,0.75,31-60 Days,Responder
10841,1975,PhD,Together,0,1,2012-12-25,46,226,22,133,41,31,31,3,4,3,8,4,0,0,0,0,0,0,0,Spain,56559.0,39.0,484,15,0,Medium Value,56559.0,No Response,35-44,Store,1,One Child,0.2,20.0,1.0,31-60 Days,Non-Responder
821,1992,Master,Single,0,0,2012-10-19,46,962,61,921,52,61,20,1,5,4,12,2,0,0,0,0,0,0,0,Canada,92859.0,22.0,2077,21,0,High Value,92859.0,No Response,Under 25,Store,0,No Children,0.047619047619047616,4.761904761904762,2.5,31-60 Days,Non-Responder
3933,1980,Graduation,Together,1,0,2012-10-13,46,186,36,234,86,72,48,6,10,2,6,9,0,0,0,0,0,0,0,Saudi Arabia,44010.0,34.0,662,18,0,Medium Value,44010.0,No Response,25-34,Web,1,One Child,0.3333333333333333,33.33333333333333,1.1111111111111112,31-60 Days,Non-Responder
1225,1963,Graduation,Married,0,0,2014-06-26,47,483,84,398,205,84,241,1,3,7,8,1,1,0,0,0,0,0,0,Saudi Arabia,80124.0,51.0,1495,18,1,High Value,80124.0,Low Engagement,45-54,Store,0,No Children,0.05555555555555555,5.555555555555555,3.0,31-60 Days,Non-Responder
7059,1963,Graduation,Married,0,0,2014-06-26,47,483,84,398,205,84,241,1,3,7,8,1,1,0,0,0,0,0,0,Spain,80124.0,51.0,1495,18,1,High Value,80124.0,Low Engagement,45-54,Store,0,No Children,0.05555555555555555,5.555555555555555,3.0,31-60 Days,Non-Responder
5633,1980,Graduation,Married,1,1,2014-06-25,47,97,12,84,13,10,15,7,3,1,6,5,0,0,0,0,0,0,0,Saudi Arabia,50183.0,34.0,231,10,0,Medium Value,50183.0,No Response,25-34,Store,2,Two or More Children,0.7,70.0,0.6,31-60 Days,Non-Responder
843,1971,Graduation,Married,1,0,2014-05-26,47,303,0,280,60,147,15,4,8,2,11,6,0,0,0,0,0,0,0,Spain,64722.0,43.0,805,21,0,Medium Value,64722.0,No Response,35-44,Store,1,One Child,0.19047619047619047,19.047619047619047,1.3333333333333333,31-60 Days,Non-Responder
6211,1976,PhD,Together,1,0,2014-05-02,47,18,0,9,0,1,11,1,1,0,3,6,0,0,0,0,0,0,0,Spain,37395.0,38.0,39,4,0,Low Value,37395.0,No Response,35-44,Store,1,One Child,0.25,25.0,0.16666666666666666,31-60 Days,Non-Responder
7007,1968,Master,Married,2,0,2014-04-01,47,17,3,18,3,4,18,2,3,1,2,7,0,0,0,0,0,0,0,Spain,29543.0,46.0,63,6,0,Low Value,29543.0,No Response,45-54,Web,2,Two or More Children,0.3333333333333333,33.33333333333333,0.42857142857142855,31-60 Days,Non-Responder
9671,1968,Graduation,Married,1,1,2014-01-26,47,14,3,21,2,1,28,4,3,1,2,8,1,0,0,0,0,1,0,Spain,19514.0,46.0,69,6,1,Low Value,19514.0,Low Engagement,45-54,Web,2,Two or More Children,0.6666666666666666,66.66666666666666,0.375,31-60 Days,Responder
8975,1968,Graduation,Married,1,1,2014-01-26,47,14,3,21,2,1,28,4,3,1,2,8,1,0,0,0,0,0,0,Spain,19514.0,46.0,69,6,1,Low Value,19514.0,Low Engagement,45-54,Web,2,Two or More Children,0.6666666666666666,66.66666666666666,0.375,31-60 Days,Non-Responder
6616,1975,Graduation,Together,0,1,2013-10-23,47,178,3,85,71,66,58,2,3,3,8,2,0,0,0,0,0,0,0,Spain,59481.0,39.0,461,14,0,Medium Value,59481.0,No Response,35-44,Store,1,One Child,0.14285714285714285,14.285714285714285,1.5,31-60 Days,Non-Responder
6248,1947,Master,Single,0,0,2013-10-17,47,1276,24,746,94,29,48,0,9,7,11,3,0,0,1,0,0,1,0,Spain,91712.0,67.0,2217,27,1,High Value,91712.0,Low Engagement,65+,Store,0,No Children,0.0,0.0,3.0,31-60 Days,Responder
7428,1975,Graduation,Together,0,0,2013-09-30,47,240,132,445,250,192,108,1,3,7,8,1,0,0,0,0,0,0,0,Australia,80144.0,39.0,1367,18,0,High Value,80144.0,No Response,35-44,Store,0,No Children,0.05555555555555555,5.555555555555555,3.0,31-60 Days,Non-Responder
3075,1972,PhD,Married,0,0,2013-09-11,47,130,30,168,20,34,0,1,3,4,7,1,0,0,0,0,0,0,0,Spain,59973.0,42.0,382,14,0,Medium Value,59973.0,No Response,35-44,Store,0,No Children,0.07142857142857142,7.142857142857142,3.0,31-60 Days,Non-Responder
2937,1974,PhD,Single,0,1,2013-08-28,47,614,16,132,43,33,33,3,8,5,9,6,0,0,0,0,0,0,0,Canada,68352.0,40.0,871,22,0,High Value,68352.0,No Response,35-44,Store,1,One Child,0.13636363636363635,13.636363636363635,1.3333333333333333,31-60 Days,Non-Responder
203,1975,Master,Single,0,0,2013-04-14,47,1288,20,613,80,61,27,1,5,7,9,2,0,0,0,0,0,0,0,Spain,81169.0,39.0,2089,21,0,High Value,81169.0,No Response,35-44,Store,0,No Children,0.047619047619047616,4.761904761904762,2.5,31-60 Days,Non-Responder
2021,1975,Graduation,Married,0,1,2013-03-27,47,563,76,384,84,192,89,4,6,10,13,4,0,0,0,0,0,0,0,Spain,61456.0,39.0,1388,29,0,High Value,61456.0,No Response,35-44,Store,1,One Child,0.13793103448275862,13.793103448275861,1.5,31-60 Days,Non-Responder
880,1966,Basic,Together,0,0,2013-01-16,47,2,23,11,8,6,46,1,2,1,2,8,0,0,0,0,0,0,0,Spain,22634.0,48.0,96,5,0,Low Value,22634.0,No Response,45-54,Web,0,No Children,0.2,20.0,0.25,31-60 Days,Non-Responder
524,1966,Basic,Together,0,0,2013-01-16,47,2,23,11,8,6,46,1,2,1,2,8,0,0,0,0,0,0,0,Australia,22634.0,48.0,96,5,0,Low Value,22634.0,No Response,45-54,Web,0,No Children,0.2,20.0,0.25,31-60 Days,Non-Responder
10837,1975,Graduation,Married,1,0,2012-10-28,47,2,1,18,20,11,16,1,2,0,3,6,0,0,0,0,0,1,0,Canada,23957.0,39.0,68,5,0,Low Value,23957.0,No Response,35-44,Store,1,One Child,0.2,20.0,0.3333333333333333,31-60 Days,Responder
7011,1973,Graduation,Married,1,0,2012-10-12,47,43,2,27,0,9,12,3,3,0,4,7,0,0,0,0,0,0,0,Saudi Arabia,33471.0,41.0,93,7,0,Low Value,33471.0,No Response,35-44,Store,1,One Child,0.42857142857142855,42.857142857142854,0.42857142857142855,31-60 Days,Non-Responder
4184,1950,PhD,Together,0,1,2014-06-07,48,189,2,29,3,2,40,2,3,2,5,4,0,0,0,0,0,0,0,Spain,52157.0,64.0,265,10,0,Medium Value,52157.0,No Response,55-64,Store,1,One Child,0.2,20.0,0.75,31-60 Days,Non-Responder
7679,1985,PhD,Single,0,0,2014-05-19,48,6,3,12,6,1,0,1,1,1,3,3,0,0,0,0,0,0,0,Spain,30298.0,29.0,28,5,0,Low Value,30298.0,No Response,25-34,Store,0,No Children,0.2,20.0,0.3333333333333333,31-60 Days,Non-Responder
7485,1950,PhD,Widow,1,1,2014-05-07,48,67,4,32,17,2,16,3,2,1,4,4,0,0,0,0,0,0,0,Saudi Arabia,56551.0,64.0,138,7,0,Medium Value,56551.0,No Response,55-64,Store,2,Two or More Children,0.42857142857142855,42.857142857142854,0.5,31-60 Days,Non-Responder
7530,1950,PhD,Widow,1,1,2014-05-07,48,67,4,32,17,2,16,3,2,1,4,4,0,0,0,0,0,0,0,Spain,56551.0,64.0,138,7,0,Medium Value,56551.0,No Response,55-64,Store,2,Two or More Children,0.42857142857142855,42.857142857142854,0.5,31-60 Days,Non-Responder
4369,1957,Master,Other,0,0,2014-01-10,48,240,67,500,199,0,163,3,3,5,6,2,0,0,0,0,0,0,0,Canada,65487.0,57.0,1169,14,0,High Value,65487.0,No Response,55-64,Store,0,No Children,0.21428571428571427,21.428571428571427,1.5,31-60 Days,Non-Responder
10652,1957,Master,Together,0,0,2014-01-10,48,240,67,500,199,0,163,3,3,5,6,2,0,0,0,0,0,0,0,Canada,65487.0,57.0,1169,14,0,High Value,65487.0,No Response,55-64,Store,0,No Children,0.21428571428571427,21.428571428571427,1.5,31-60 Days,Non-Responder
286,1952,Graduation,Single,1,1,2013-11-29,48,95,11,35,0,4,7,4,2,1,5,6,0,0,0,0,0,0,0,Spain,44213.0,62.0,152,8,0,Medium Value,44213.0,No Response,55-64,Store,2,Two or More Children,0.5,50.0,0.3333333333333333,31-60 Days,Non-Responder
5922,1974,PhD,Married,0,1,2013-10-13,48,210,0,6,0,0,2,2,4,1,5,7,0,0,0,0,0,0,0,Spain,40344.0,40.0,218,10,0,Medium Value,40344.0,No Response,35-44,Store,1,One Child,0.2,20.0,0.5714285714285714,31-60 Days,Non-Responder
7250,1978,Graduation,Together,1,0,2013-10-01,48,344,35,178,15,23,17,7,7,2,9,6,0,0,0,0,0,0,0,Canada,57867.0,36.0,612,18,0,Medium Value,57867.0,No Response,35-44,Store,1,One Child,0.3888888888888889,38.88888888888889,1.1666666666666667,31-60 Days,Non-Responder
2478,1973,Graduation,Married,1,0,2013-08-31,48,2,2,4,13,13,4,1,1,0,4,4,0,0,0,0,0,0,0,Spain,25410.0,41.0,38,5,0,Low Value,25410.0,No Response,35-44,Store,1,One Child,0.2,20.0,0.25,31-60 Days,Non-Responder
1160,1970,Graduation,Married,1,1,2013-08-23,48,9,4,17,10,2,7,4,3,0,3,8,0,0,0,0,0,0,0,Spain,13260.0,44.0,49,6,0,Low Value,13260.0,No Response,35-44,Web,2,Two or More Children,0.6666666666666666,66.66666666666666,0.375,31-60 Days,Non-Responder
9214,1991,Graduation,Married,0,0,2013-08-16,48,179,2,64,38,17,58,1,5,1,6,5,0,0,0,0,0,0,0,Spain,42691.0,23.0,358,12,0,Medium Value,42691.0,No Response,Under 25,Store,0,No Children,0.08333333333333333,8.333333333333332,1.0,31-60 Days,Non-Responder
273,1970,Master,Married,1,1,2013-07-16,48,130,0,16,0,0,5,5,3,1,4,7,0,1,0,0,0,0,0,Germany,36138.0,44.0,151,8,1,Medium Value,36138.0,Low Engagement,35-44,Store,2,Two or More Children,0.625,62.5,0.42857142857142855,31-60 Days,Non-Responder
851,1972,Master,Married,1,1,2013-07-09,48,306,5,109,21,109,92,9,5,2,10,6,0,0,0,0,0,0,0,Canada,57136.0,42.0,642,17,0,Medium Value,57136.0,No Response,35-44,Store,2,Two or More Children,0.5294117647058824,52.94117647058824,0.8333333333333334,31-60 Days,Non-Responder
9729,1955,Graduation,Widow,1,1,2013-06-02,48,189,10,253,56,43,64,6,8,2,7,7,0,0,0,0,0,0,0,Germany,58275.0,59.0,615,17,0,Medium Value,58275.0,No Response,55-64,Web,2,Two or More Children,0.35294117647058826,35.294117647058826,1.1428571428571428,31-60 Days,Non-Responder
9665,1957,PhD,Divorced,0,1,2013-04-27,48,267,3,30,4,0,57,4,5,2,5,6,0,0,0,0,0,0,0,Saudi Arabia,54237.0,57.0,361,12,0,Medium Value,54237.0,No Response,55-64,Web,1,One Child,0.3333333333333333,33.33333333333333,0.8333333333333334,31-60 Days,Non-Responder
2620,1974,PhD,Married,1,0,2013-04-13,48,14,0,2,0,0,7,1,1,0,2,8,0,0,0,0,0,1,0,Saudi Arabia,34596.0,40.0,23,3,0,Low Value,34596.0,No Response,35-44,Store,1,One Child,0.3333333333333333,33.33333333333333,0.125,31-60 Days,Responder
8254,1974,PhD,Married,1,0,2013-04-13,48,14,0,2,0,0,7,1,1,0,2,8,0,0,0,0,0,0,0,Germany,34596.0,40.0,23,3,0,Low Value,34596.0,No Response,35-44,Store,1,One Child,0.3333333333333333,33.33333333333333,0.125,31-60 Days,Non-Responder
3852,1961,Master,Together,1,1,2013-03-08,48,505,72,270,36,27,54,4,9,2,12,5,0,0,0,0,0,0,0,India,74881.0,53.0,964,23,0,High Value,74881.0,No Response,45-54,Store,2,Two or More Children,0.17391304347826086,17.391304347826086,1.8,31-60 Days,Non-Responder
1000,1961,Master,Together,1,1,2013-03-08,48,505,72,270,36,27,54,4,9,2,12,5,0,0,0,0,0,0,0,Spain,74881.0,53.0,964,23,0,High Value,74881.0,No Response,45-54,Store,2,Two or More Children,0.17391304347826086,17.391304347826086,1.8,31-60 Days,Non-Responder
3099,1970,Graduation,Divorced,1,1,2013-02-25,48,183,5,65,3,5,49,5,5,2,4,9,0,0,0,0,0,0,0,Spain,44267.0,44.0,310,11,0,Medium Value,44267.0,No Response,35-44,Web,2,Two or More Children,0.45454545454545453,45.45454545454545,0.5555555555555556,31-60 Days,Non-Responder
6318,1988,Graduation,Married,0,0,2013-01-13,48,758,12,385,33,89,89,1,9,7,13,4,0,0,0,0,0,0,0,Canada,68487.0,26.0,1366,29,0,High Value,68487.0,No Response,25-34,Store,0,No Children,0.034482758620689655,3.4482758620689653,2.25,31-60 Days,Non-Responder
5396,1988,Graduation,Married,0,0,2013-01-13,48,758,12,385,33,89,89,1,9,7,13,4,0,0,0,0,0,0,0,Australia,68487.0,26.0,1366,29,0,High Value,68487.0,No Response,25-34,Store,0,No Children,0.034482758620689655,3.4482758620689653,2.25,31-60 Days,Non-Responder
7966,1959,Graduation,Single,1,1,2013-01-08,48,505,137,401,104,22,22,3,11,5,11,5,0,0,0,0,0,0,1,Spain,80982.0,55.0,1191,27,0,High Value,80982.0,No Response,55-64,Web,2,Two or More Children,0.1111111111111111,11.11111111111111,2.2,31-60 Days,Non-Responder
454,1980,Graduation,Together,1,0,2012-11-14,48,824,32,162,42,32,43,2,11,4,11,6,0,0,0,0,0,0,0,Saudi Arabia,69508.0,34.0,1135,26,0,High Value,69508.0,No Response,25-34,Web,1,One Child,0.07692307692307693,7.6923076923076925,1.8333333333333333,31-60 Days,Non-Responder
309,1961,PhD,Together,0,1,2012-10-16,48,918,21,118,13,10,21,3,8,3,5,6,0,1,0,0,0,0,0,Saudi Arabia,63342.0,53.0,1101,16,1,High Value,63342.0,Low Engagement,45-54,Web,1,One Child,0.1875,18.75,1.3333333333333333,31-60 Days,Non-Responder
3571,1961,PhD,Together,0,1,2012-10-16,48,918,21,118,13,10,21,3,8,3,5,6,0,1,0,0,0,1,0,Spain,63342.0,53.0,1101,16,1,High Value,63342.0,Low Engagement,45-54,Web,1,One Child,0.1875,18.75,1.3333333333333333,31-60 Days,Responder
8395,1961,Graduation,Single,0,0,2012-08-20,48,980,37,265,35,163,31,1,3,6,12,6,0,0,0,0,0,1,0,Saudi Arabia,82014.0,53.0,1511,21,0,High Value,82014.0,No Response,45-54,Store,0,No Children,0.047619047619047616,4.761904761904762,0.5,31-60 Days,Responder
2591,1959,Graduation,Widow,0,1,2014-06-22,49,526,35,214,69,53,35,2,6,3,4,2,0,0,0,0,0,0,0,USA,76320.0,55.0,932,13,0,High Value,76320.0,No Response,55-64,Web,1,One Child,0.15384615384615385,15.384615384615385,3.0,31-60 Days,Non-Responder
1640,1954,Graduation,Divorced,1,1,2014-06-22,49,66,0,16,0,6,20,2,1,1,4,3,0,0,0,0,0,0,0,Spain,64587.0,60.0,108,6,0,Low Value,64587.0,No Response,55-64,Store,2,Two or More Children,0.3333333333333333,33.33333333333333,0.3333333333333333,31-60 Days,Non-Responder
810,1975,Graduation,Married,0,1,2014-05-12,49,151,81,86,168,91,64,2,4,2,11,2,0,0,0,0,0,0,0,Spain,74190.0,39.0,641,17,0,Medium Value,74190.0,No Response,35-44,Store,1,One Child,0.11764705882352941,11.76470588235294,2.0,31-60 Days,Non-Responder
9423,1979,Master,Married,1,0,2014-02-23,49,13,3,17,7,3,3,2,2,0,4,5,0,0,0,0,0,0,0,Spain,32765.0,35.0,46,6,0,Low Value,32765.0,No Response,35-44,Store,1,One Child,0.3333333333333333,33.33333333333333,0.4,31-60 Days,Non-Responder
4345,1964,2n Cycle,Single,1,1,2014-01-12,49,5,1,9,2,0,4,1,1,0,2,7,0,0,0,0,0,0,0,Australia,51381.5,50.0,21,3,0,Low Value,51381.5,No Response,45-54,Store,2,Two or More Children,0.3333333333333333,33.33333333333333,0.14285714285714285,31-60 Days,Non-Responder
89,1975,2n Cycle,Married,1,0,2013-12-09,49,5,9,20,6,8,21,2,2,0,4,6,0,0,0,0,0,0,0,Saudi Arabia,22212.0,39.0,69,6,0,Low Value,22212.0,No Response,35-44,Store,1,One Child,0.3333333333333333,33.33333333333333,0.3333333333333333,31-60 Days,Non-Responder
5294,1989,Graduation,Single,1,0,2013-11-20,49,6,8,19,16,4,4,3,3,0,4,7,0,0,0,0,0,0,0,Spain,18358.0,25.0,57,7,0,Low Value,18358.0,No Response,25-34,Store,1,One Child,0.42857142857142855,42.857142857142854,0.42857142857142855,31-60 Days,Non-Responder
1321,1974,Graduation,Married,1,0,2013-11-04,49,22,2,18,0,2,12,3,3,0,3,8,0,0,0,0,0,0,0,Canada,26067.0,40.0,56,6,0,Low Value,26067.0,No Response,35-44,Web,1,One Child,0.5,50.0,0.375,31-60 Days,Non-Responder
2686,1969,Basic,Together,0,0,2013-10-21,49,0,1,4,15,1,5,1,1,0,2,7,0,0,0,0,0,0,0,Australia,22390.0,45.0,26,3,0,Low Value,22390.0,No Response,45-54,Store,0,No Children,0.3333333333333333,33.33333333333333,0.14285714285714285,31-60 Days,Non-Responder
1215,1978,Graduation,Together,0,0,2013-10-08,49,690,117,499,76,102,88,1,5,10,7,3,0,0,0,1,0,0,0,Spain,70440.0,36.0,1572,22,1,High Value,70440.0,Low Engagement,35-44,Catalog,0,No Children,0.045454545454545456,4.545454545454546,1.6666666666666667,31-60 Days,Non-Responder
9283,1978,Graduation,Single,1,2,2013-09-12,49,8,1,7,2,0,0,1,0,0,3,4,0,0,0,0,0,0,0,Canada,60199.0,36.0,18,3,0,Low Value,60199.0,No Response,35-44,Store,3,Two or More Children,0.3333333333333333,33.33333333333333,0.0,31-60 Days,Non-Responder
3120,1981,Graduation,Together,1,0,2013-08-28,49,6,1,10,0,1,4,1,1,0,2,8,0,0,0,0,0,0,1,Canada,38547.0,33.0,22,3,0,Low Value,38547.0,No Response,25-34,Store,1,One Child,0.3333333333333333,33.33333333333333,0.125,31-60 Days,Non-Responder
5868,1980,Graduation,Married,1,0,2013-08-22,49,2,4,9,10,5,16,2,1,0,3,7,0,0,0,0,0,0,0,Canada,19107.0,34.0,46,4,0,Low Value,19107.0,No Response,25-34,Store,1,One Child,0.5,50.0,0.14285714285714285,31-60 Days,Non-Responder
8143,1985,PhD,Single,0,0,2013-07-30,49,202,2,46,3,2,10,2,4,2,5,7,0,1,0,1,0,1,0,Spain,37929.0,29.0,265,11,2,Medium Value,37929.0,Medium Engagement,25-34,Store,0,No Children,0.18181818181818182,18.181818181818183,0.5714285714285714,31-60 Days,Responder
3479,1950,Graduation,Single,0,0,2013-07-19,49,4,8,11,12,2,13,1,2,0,3,7,1,0,0,0,0,0,0,Canada,16813.0,64.0,50,5,1,Low Value,16813.0,Low Engagement,55-64,Store,0,No Children,0.2,20.0,0.2857142857142857,31-60 Days,Non-Responder
7214,1957,Graduation,Married,0,0,2013-07-05,49,792,0,275,45,45,126,1,4,8,5,3,0,0,0,0,0,0,0,Spain,62187.0,57.0,1283,17,0,High Value,62187.0,No Response,55-64,Catalog,0,No Children,0.058823529411764705,5.88235294117647,1.3333333333333333,31-60 Days,Non-Responder
5543,1966,Graduation,Together,0,1,2013-06-24,49,545,7,114,37,21,78,5,7,2,11,5,0,1,0,0,0,0,0,Spain,57811.0,48.0,802,20,1,Medium Value,57811.0,Low Engagement,45-54,Store,1,One Child,0.25,25.0,1.4,31-60 Days,Non-Responder
9347,1956,Master,Together,0,1,2013-06-21,49,31,0,7,2,0,6,1,1,0,3,5,0,0,0,0,0,0,0,Spain,50943.0,58.0,46,4,0,Low Value,50943.0,No Response,55-64,Store,1,One Child,0.25,25.0,0.2,31-60 Days,Non-Responder
10160,1956,Master,Together,0,1,2013-06-21,49,31,0,7,2,0,6,1,1,0,3,5,0,0,0,0,0,0,0,Spain,50943.0,58.0,46,4,0,Low Value,50943.0,No Response,55-64,Store,1,One Child,0.25,25.0,0.2,31-60 Days,Non-Responder
1406,1975,Graduation,Single,1,1,2013-02-12,49,280,7,81,20,0,27,8,6,3,5,7,0,0,0,0,0,0,0,Spain,53201.0,39.0,415,14,0,Medium Value,53201.0,No Response,35-44,Web,2,Two or More Children,0.5714285714285714,57.14285714285714,0.8571428571428571,31-60 Days,Non-Responder
7019,1963,Graduation,Together,1,1,2013-01-23,49,109,18,16,24,26,18,4,3,1,5,4,0,0,0,0,0,0,0,Saudi Arabia,54414.0,51.0,211,9,0,Medium Value,54414.0,No Response,45-54,Store,2,Two or More Children,0.4444444444444444,44.44444444444444,0.75,31-60 Days,Non-Responder
2157,1972,Graduation,Together,1,1,2013-01-12,49,15,8,16,11,5,22,4,2,0,4,6,0,0,0,0,0,0,0,Canada,26290.0,42.0,77,6,0,Low Value,26290.0,No Response,35-44,Store,2,Two or More Children,0.6666666666666666,66.66666666666666,0.3333333333333333,31-60 Days,Non-Responder
8939,1959,Graduation,Divorced,0,1,2012-12-16,49,382,138,65,60,26,59,6,5,2,12,5,0,0,0,0,0,0,0,Spain,61250.0,55.0,730,19,0,Medium Value,61250.0,No Response,55-64,Store,1,One Child,0.3157894736842105,31.57894736842105,1.0,31-60 Days,Non-Responder
10250,1947,Basic,Together,0,0,2012-11-20,49,1,5,3,7,4,8,1,1,0,2,7,0,0,0,0,0,0,0,Spain,28389.0,67.0,28,3,0,Low Value,28389.0,No Response,65+,Store,0,No Children,0.3333333333333333,33.33333333333333,0.14285714285714285,31-60 Days,Non-Responder
1272,1965,Master,Single,0,1,2012-10-21,49,664,58,83,32,0,66,4,7,5,10,5,0,0,0,0,0,0,0,Australia,55250.0,49.0,903,22,0,High Value,55250.0,No Response,45-54,Store,1,One Child,0.18181818181818182,18.181818181818183,1.4,31-60 Days,Non-Responder
3007,1966,Graduation,Together,1,1,2012-10-04,49,27,2,10,0,0,1,2,1,0,3,8,0,0,0,0,0,0,0,India,37758.0,48.0,40,4,0,Low Value,37758.0,No Response,45-54,Store,2,Two or More Children,0.5,50.0,0.125,31-60 Days,Non-Responder
5513,1966,Graduation,Together,1,1,2012-10-04,49,27,2,10,0,0,1,2,1,0,3,8,0,0,0,0,0,0,0,Spain,37758.0,48.0,40,4,0,Low Value,37758.0,No Response,45-54,Store,2,Two or More Children,0.5,50.0,0.125,31-60 Days,Non-Responder
679,1957,PhD,Married,1,1,2012-09-20,49,13,4,20,0,0,1,2,1,0,3,9,0,0,0,0,0,0,0,Spain,37633.0,57.0,38,4,0,Low Value,37633.0,No Response,55-64,Store,2,Two or More Children,0.5,50.0,0.1111111111111111,31-60 Days,Non-Responder
8876,1963,PhD,Together,1,1,2012-08-08,49,132,0,16,0,0,4,5,3,1,4,9,0,0,0,0,0,0,0,Spain,33629.0,51.0,152,8,0,Medium Value,33629.0,No Response,45-54,Store,2,Two or More Children,0.625,62.5,0.3333333333333333,31-60 Days,Non-Responder
10827,1967,PhD,Married,1,1,2012-08-07,49,88,3,21,4,1,29,4,3,0,4,9,0,0,0,0,0,0,0,Australia,36947.0,47.0,146,7,0,Medium Value,36947.0,No Response,45-54,Store,2,Two or More Children,0.5714285714285714,57.14285714285714,0.3333333333333333,31-60 Days,Non-Responder
7300,1952,Graduation,Divorced,0,1,2014-06-29,50,448,4,34,6,4,39,3,8,1,7,5,0,1,0,0,0,0,0,India,69142.0,62.0,535,16,1,Medium Value,69142.0,Low Engagement,55-64,Web,1,One Child,0.1875,18.75,1.6,31-60 Days,Non-Responder
4268,1959,Graduation,Married,0,1,2014-06-09,50,129,0,21,0,1,7,1,3,1,4,4,0,0,0,0,0,0,0,USA,53154.0,55.0,158,8,0,Medium Value,53154.0,No Response,55-64,Store,1,One Child,0.125,12.5,0.75,31-60 Days,Non-Responder
4603,1960,PhD,Married,0,1,2014-01-31,50,371,32,189,0,58,6,2,5,4,10,4,0,0,0,0,0,0,0,Spain,65695.0,54.0,656,19,0,Medium Value,65695.0,No Response,45-54,Store,1,One Child,0.10526315789473684,10.526315789473683,1.25,31-60 Days,Non-Responder
8659,1952,PhD,Together,0,1,2014-01-21,50,750,71,174,13,10,20,2,6,8,11,2,0,0,0,0,0,0,0,Germany,69805.0,62.0,1038,25,0,High Value,69805.0,No Response,55-64,Store,1,One Child,0.08,8.0,3.0,31-60 Days,Non-Responder
10708,1978,2n Cycle,Single,1,0,2013-12-28,50,10,6,11,0,4,2,1,1,0,3,7,0,0,0,0,0,0,0,Spain,36975.0,36.0,33,4,0,Low Value,36975.0,No Response,35-44,Store,1,One Child,0.25,25.0,0.14285714285714285,31-60 Days,Non-Responder
1176,1973,Graduation,Married,1,0,2013-09-22,50,2,6,4,3,1,9,1,1,0,2,8,0,0,0,0,0,0,0,Spain,26228.0,41.0,25,3,0,Low Value,26228.0,No Response,35-44,Store,1,One Child,0.3333333333333333,33.33333333333333,0.125,31-60 Days,Non-Responder
10380,1972,Master,Married,1,0,2013-09-20,50,40,1,40,4,3,18,1,3,0,3,8,0,0,0,0,0,0,0,India,37787.0,42.0,106,6,0,Low Value,37787.0,No Response,35-44,Web,1,One Child,0.16666666666666666,16.666666666666664,0.375,31-60 Days,Non-Responder
7037,1974,PhD,Married,1,0,2013-08-11,50,194,55,134,15,0,3,3,4,2,8,6,0,0,0,0,0,0,0,Saudi Arabia,37087.0,40.0,401,14,0,Medium Value,37087.0,No Response,35-44,Store,1,One Child,0.21428571428571427,21.428571428571427,0.6666666666666666,31-60 Days,Non-Responder
11096,1952,2n Cycle,Together,0,1,2013-08-08,50,99,4,32,37,54,6,2,2,1,7,2,0,0,0,0,0,0,0,Spain,57247.0,62.0,232,10,0,Medium Value,57247.0,No Response,55-64,Store,1,One Child,0.2,20.0,1.0,31-60 Days,Non-Responder
6374,1954,PhD,Married,0,1,2013-05-17,50,223,2,31,0,2,39,5,5,2,4,8,0,0,0,0,0,0,0,Spain,36930.0,60.0,297,11,0,Medium Value,36930.0,No Response,55-64,Web,1,One Child,0.45454545454545453,45.45454545454545,0.625,31-60 Days,Non-Responder
5552,1963,Master,Divorced,1,1,2013-05-13,50,81,18,113,47,13,21,6,4,2,5,6,0,0,0,0,0,0,0,Saudi Arabia,48721.0,51.0,293,11,0,Medium Value,48721.0,No Response,45-54,Store,2,Two or More Children,0.5454545454545454,54.54545454545454,0.6666666666666666,31-60 Days,Non-Responder
2245,1969,Master,Married,1,1,2013-04-22,50,57,2,51,4,2,23,3,2,1,4,6,0,0,0,0,0,0,0,Spain,43641.0,45.0,139,7,0,Medium Value,43641.0,No Response,45-54,Store,2,Two or More Children,0.42857142857142855,42.857142857142854,0.3333333333333333,31-60 Days,Non-Responder
6200,1951,Graduation,Married,0,1,2013-04-08,50,340,108,185,130,38,100,2,6,6,9,3,0,0,0,0,0,0,0,Spain,75903.0,63.0,901,21,0,High Value,75903.0,No Response,55-64,Store,1,One Child,0.09523809523809523,9.523809523809524,2.0,31-60 Days,Non-Responder
9904,1956,Graduation,Married,0,1,2013-03-29,50,336,123,274,46,123,141,5,6,5,12,3,0,0,0,0,0,0,0,Canada,71391.0,58.0,1043,23,0,High Value,71391.0,No Response,55-64,Store,1,One Child,0.21739130434782608,21.73913043478261,2.0,31-60 Days,Non-Responder
10031,1976,PhD,Married,1,1,2013-02-10,50,20,2,23,3,1,4,5,3,0,4,8,0,0,0,0,0,0,0,Saudi Arabia,16927.0,38.0,53,7,0,Low Value,16927.0,No Response,35-44,Store,2,Two or More Children,0.7142857142857143,71.42857142857143,0.375,31-60 Days,Non-Responder
6642,1961,Graduation,Divorced,2,1,2013-01-23,50,30,5,22,8,9,28,4,2,1,4,6,0,0,0,0,0,0,0,Saudi Arabia,27215.0,53.0,102,7,0,Low Value,27215.0,No Response,45-54,Store,3,Two or More Children,0.5714285714285714,57.14285714285714,0.3333333333333333,31-60 Days,Non-Responder
10882,1976,Graduation,Married,0,1,2012-11-09,50,407,53,221,58,150,26,4,4,3,6,4,0,0,0,0,0,0,0,Spain,53858.0,38.0,915,13,0,High Value,53858.0,No Response,35-44,Store,1,One Child,0.3076923076923077,30.76923076923077,1.0,31-60 Days,Non-Responder
5636,1963,Graduation,Single,0,0,2012-11-09,50,51,4,50,12,1,49,1,4,0,3,8,0,0,0,0,0,1,0,India,30983.0,51.0,167,7,0,Medium Value,30983.0,No Response,45-54,Web,0,No Children,0.14285714285714285,14.285714285714285,0.5,31-60 Days,Responder
8692,1952,Graduation,Together,1,1,2012-09-12,50,90,17,97,15,6,15,6,4,1,5,8,0,0,0,0,0,0,0,Spain,43462.0,62.0,240,10,0,Medium Value,43462.0,No Response,55-64,Store,2,Two or More Children,0.6,60.0,0.5,31-60 Days,Non-Responder
8091,1956,Graduation,Married,0,1,2012-09-02,50,423,184,368,13,97,21,1,6,4,6,5,0,0,0,0,0,0,0,India,63943.0,58.0,1106,16,0,High Value,63943.0,No Response,55-64,Web,1,One Child,0.0625,6.25,1.2,31-60 Days,Non-Responder
8080,1986,Graduation,Single,0,0,2012-08-17,50,5,1,6,3,4,3,1,0,0,3,4,0,0,0,0,0,0,0,India,26816.0,28.0,22,3,0,Low Value,26816.0,No Response,25-34,Store,0,No Children,0.3333333333333333,33.33333333333333,0.0,31-60 Days,Non-Responder
8370,1976,2n Cycle,Together,0,1,2012-08-02,50,378,97,259,197,194,34,2,7,3,6,4,0,0,0,0,0,0,0,Canada,75484.0,38.0,1159,16,0,High Value,75484.0,No Response,35-44,Web,1,One Child,0.125,12.5,1.75,31-60 Days,Non-Responder
4550,1966,Master,Together,0,1,2014-06-24,51,61,0,3,0,0,7,1,1,1,3,5,0,0,0,0,0,0,0,Spain,33564.0,48.0,71,5,0,Low Value,33564.0,No Response,45-54,Store,1,One Child,0.2,20.0,0.2,31-60 Days,Non-Responder
3381,1953,Master,Married,1,1,2014-06-08,51,70,0,16,0,0,4,2,2,0,4,6,0,0,0,0,0,0,0,Canada,54348.0,61.0,90,6,0,Low Value,54348.0,No Response,55-64,Store,2,Two or More Children,0.3333333333333333,33.33333333333333,0.3333333333333333,31-60 Days,Non-Responder
10556,1959,Graduation,Married,0,1,2014-05-24,51,173,13,131,32,3,6,4,6,1,6,7,0,0,0,1,0,0,0,Spain,54984.0,55.0,358,13,1,Medium Value,54984.0,Low Engagement,55-64,Web,1,One Child,0.3076923076923077,30.76923076923077,0.8571428571428571,31-60 Days,Non-Responder
9467,1984,Graduation,Single,1,0,2014-05-11,51,3,2,10,3,0,2,1,1,0,3,6,0,0,0,0,0,0,0,Spain,34738.0,30.0,20,4,0,Low Value,34738.0,No Response,25-34,Store,1,One Child,0.25,25.0,0.16666666666666666,31-60 Days,Non-Responder
2891,1963,Graduation,Divorced,0,1,2013-10-18,51,595,23,123,10,23,154,2,8,9,4,6,0,0,0,0,0,0,0,USA,68118.0,51.0,928,21,0,High Value,68118.0,No Response,45-54,Catalog,1,One Child,0.09523809523809523,9.523809523809524,1.3333333333333333,31-60 Days,Non-Responder
5011,1963,Graduation,Divorced,0,1,2013-10-18,51,595,23,123,10,23,154,2,8,9,4,6,0,0,0,0,0,0,0,Spain,68118.0,51.0,928,21,0,High Value,68118.0,No Response,45-54,Catalog,1,One Child,0.09523809523809523,9.523809523809524,1.3333333333333333,31-60 Days,Non-Responder
8140,1973,Graduation,Together,1,0,2013-10-03,51,10,14,29,4,2,36,3,2,1,4,4,0,0,0,0,0,0,0,Australia,22682.0,41.0,95,7,0,Low Value,22682.0,No Response,35-44,Store,1,One Child,0.42857142857142855,42.857142857142854,0.5,31-60 Days,Non-Responder
11039,1975,Graduation,Married,0,1,2013-09-17,51,82,33,54,71,30,41,2,5,2,4,5,0,0,0,0,0,0,0,Spain,51948.0,39.0,311,11,0,Medium Value,51948.0,No Response,35-44,Web,1,One Child,0.18181818181818182,18.181818181818183,1.0,31-60 Days,Non-Responder
78,1969,Graduation,Married,1,0,2013-09-15,51,15,0,11,0,2,9,1,1,1,2,8,0,0,0,0,0,0,0,Spain,25293.0,45.0,37,4,0,Low Value,25293.0,No Response,45-54,Store,1,One Child,0.25,25.0,0.125,31-60 Days,Non-Responder
5517,1969,Graduation,Married,1,0,2013-09-15,51,15,0,11,0,2,9,1,1,1,2,8,0,0,0,0,0,0,0,Australia,25293.0,45.0,37,4,0,Low Value,25293.0,No Response,45-54,Store,1,One Child,0.25,25.0,0.125,31-60 Days,Non-Responder
5290,1964,PhD,Married,1,1,2013-08-14,51,220,0,33,3,0,23,5,5,1,5,8,0,0,0,0,0,0,0,Canada,41551.0,50.0,279,11,0,Medium Value,41551.0,No Response,45-54,Web,2,Two or More Children,0.45454545454545453,45.45454545454545,0.625,31-60 Days,Non-Responder
4128,1962,PhD,Together,0,1,2013-07-20,51,517,12,54,16,6,120,2,7,4,7,5,0,0,0,0,0,0,0,Saudi Arabia,56067.0,52.0,725,18,0,Medium Value,56067.0,No Response,45-54,Web,1,One Child,0.1111111111111111,11.11111111111111,1.4,31-60 Days,Non-Responder
8534,1952,Graduation,Married,0,2,2013-07-16,51,615,28,259,12,48,30,4,6,5,13,4,0,1,0,0,0,0,0,Spain,67433.0,62.0,992,24,1,High Value,67433.0,Low Engagement,55-64,Store,2,Two or More Children,0.16666666666666666,16.666666666666664,1.5,31-60 Days,Non-Responder
9592,1983,Graduation,Together,1,0,2013-06-30,51,11,2,9,3,0,8,2,2,0,3,8,0,0,0,0,0,0,0,Spain,22010.0,31.0,33,5,0,Low Value,22010.0,No Response,25-34,Store,1,One Child,0.4,40.0,0.25,31-60 Days,Non-Responder
8957,1952,2n Cycle,Single,1,1,2013-06-10,51,480,86,249,75,86,144,8,6,3,5,6,0,0,0,0,0,0,0,Saudi Arabia,64831.0,62.0,1120,14,0,High Value,64831.0,No Response,55-64,Web,2,Two or More Children,0.5714285714285714,57.14285714285714,1.0,31-60 Days,Non-Responder
9308,1954,Graduation,Married,0,0,2013-05-11,51,398,61,265,138,61,53,1,3,4,6,1,0,0,0,0,0,0,0,Saudi Arabia,62820.0,60.0,976,13,0,High Value,62820.0,No Response,55-64,Store,0,No Children,0.07692307692307693,7.6923076923076925,3.0,31-60 Days,Non-Responder
544,1954,Graduation,Married,0,0,2013-05-11,51,398,61,265,138,61,53,1,3,4,6,1,0,0,0,0,0,0,0,Spain,62820.0,60.0,976,13,0,High Value,62820.0,No Response,55-64,Store,0,No Children,0.07692307692307693,7.6923076923076925,3.0,31-60 Days,Non-Responder
5989,1959,2n Cycle,Divorced,0,1,2013-04-16,51,752,122,476,39,153,34,1,10,2,11,8,0,0,0,0,0,0,0,Canada,78353.0,55.0,1576,23,0,High Value,78353.0,No Response,55-64,Store,1,One Child,0.043478260869565216,4.3478260869565215,1.25,31-60 Days,Non-Responder
635,1966,Master,Married,1,1,2013-03-19,51,464,5,64,7,0,70,8,9,1,7,8,0,0,0,0,0,0,0,Spain,57183.0,48.0,610,17,0,Medium Value,57183.0,No Response,45-54,Web,2,Two or More Children,0.47058823529411764,47.05882352941176,1.125,31-60 Days,Non-Responder
6673,1965,Graduation,Single,0,0,2013-03-19,51,28,6,27,12,17,39,1,3,0,3,8,0,0,0,0,0,0,0,USA,23478.0,49.0,129,6,0,Medium Value,23478.0,No Response,45-54,Web,0,No Children,0.16666666666666666,16.666666666666664,0.375,31-60 Days,Non-Responder
1710,1978,Graduation,Single,1,0,2013-03-07,51,154,20,66,0,12,27,7,6,1,4,9,0,0,0,0,0,0,0,Spain,30168.0,36.0,279,11,0,Medium Value,30168.0,No Response,35-44,Web,1,One Child,0.6363636363636364,63.63636363636363,0.6666666666666666,31-60 Days,Non-Responder
523,1989,Graduation,Married,1,0,2013-01-31,51,23,0,26,7,15,3,1,2,0,4,5,0,0,0,0,0,0,0,Spain,37155.0,25.0,74,6,0,Low Value,37155.0,No Response,25-34,Store,1,One Child,0.16666666666666666,16.666666666666664,0.4,31-60 Days,Non-Responder
8977,1985,Basic,Single,0,0,2013-01-12,51,1,3,4,2,3,11,1,0,0,3,4,0,0,0,0,0,0,0,Spain,16581.0,29.0,24,3,0,Low Value,16581.0,No Response,25-34,Store,0,No Children,0.3333333333333333,33.33333333333333,0.0,31-60 Days,Non-Responder
9736,1980,Graduation,Married,1,1,2012-12-24,51,53,5,19,2,13,4,3,3,0,3,8,0,0,0,0,0,0,0,USA,41850.0,34.0,96,6,0,Low Value,41850.0,No Response,25-34,Web,2,Two or More Children,0.5,50.0,0.375,31-60 Days,Non-Responder
1544,1967,Master,Divorced,0,0,2012-12-22,51,741,68,689,224,68,103,1,4,2,10,2,0,0,0,0,0,0,0,Canada,81380.0,47.0,1893,16,0,High Value,81380.0,No Response,45-54,Store,0,No Children,0.0625,6.25,2.0,31-60 Days,Non-Responder
6575,1981,Graduation,Together,1,1,2012-10-27,51,230,48,214,13,32,75,8,9,1,7,9,0,0,0,0,0,0,0,Saudi Arabia,56386.0,33.0,612,17,0,Medium Value,56386.0,No Response,25-34,Web,2,Two or More Children,0.47058823529411764,47.05882352941176,1.0,31-60 Days,Non-Responder
6147,1971,Graduation,Divorced,1,0,2012-10-18,51,5,2,8,2,2,9,1,0,1,2,7,0,0,0,0,0,0,0,Germany,25818.0,43.0,28,3,0,Low Value,25818.0,No Response,35-44,Store,1,One Child,0.3333333333333333,33.33333333333333,0.0,31-60 Days,Non-Responder
6354,1984,Graduation,Together,1,0,2012-08-31,51,5,2,16,3,2,19,2,1,1,2,8,0,0,0,0,0,1,0,Spain,15345.0,30.0,47,4,0,Low Value,15345.0,No Response,25-34,Store,1,One Child,0.5,50.0,0.125,31-60 Days,Responder
4769,1977,Master,Together,1,1,2014-06-18,52,456,4,24,0,0,9,7,8,2,6,7,0,1,0,0,0,0,0,Spain,57954.0,37.0,493,16,1,Medium Value,57954.0,Low Engagement,35-44,Web,2,Two or More Children,0.4375,43.75,1.1428571428571428,31-60 Days,Non-Responder
7540,1952,Graduation,Married,0,1,2014-05-25,52,143,15,60,24,23,5,2,2,1,8,2,0,0,0,0,0,0,0,Spain,50300.0,62.0,270,11,0,Medium Value,50300.0,No Response,55-64,Store,1,One Child,0.18181818181818182,18.181818181818183,1.0,31-60 Days,Non-Responder
5247,1955,PhD,Married,1,1,2014-05-10,52,31,0,6,2,1,5,2,1,0,4,4,0,0,0,0,0,0,0,Spain,38725.0,59.0,45,5,0,Low Value,38725.0,No Response,55-64,Store,2,Two or More Children,0.4,40.0,0.25,31-60 Days,Non-Responder
5987,1989,2n Cycle,Together,1,0,2014-05-04,52,2,2,11,10,6,12,2,1,0,4,5,0,0,0,0,0,0,0,Spain,10404.0,25.0,43,5,0,Low Value,10404.0,No Response,25-34,Store,1,One Child,0.4,40.0,0.2,31-60 Days,Non-Responder
9960,1991,Basic,Single,1,0,2014-04-30,52,0,0,1,8,3,2,1,1,0,2,7,0,0,0,0,0,0,0,Saudi Arabia,26868.0,23.0,14,3,0,Low Value,26868.0,No Response,Under 25,Store,1,One Child,0.3333333333333333,33.33333333333333,0.14285714285714285,31-60 Days,Non-Responder
10972,1949,Graduation,Widow,0,0,2014-03-10,52,625,35,169,58,17,35,1,4,3,6,1,0,1,1,0,0,0,0,Spain,72298.0,65.0,939,13,2,High Value,72298.0,Medium Engagement,65+,Store,0,No Children,0.07692307692307693,7.6923076923076925,4.0,31-60 Days,Non-Responder
1399,1958,Graduation,Married,0,0,2014-01-21,52,407,114,445,181,165,203,1,3,7,9,1,0,0,0,1,0,0,0,Spain,72905.0,56.0,1515,19,1,High Value,72905.0,Low Engagement,55-64,Store,0,No Children,0.05263157894736842,5.263157894736842,3.0,31-60 Days,Non-Responder
2698,1976,Graduation,Single,0,1,2013-11-07,52,254,7,108,20,0,26,3,6,3,5,6,0,0,0,0,0,0,0,USA,47025.0,38.0,415,14,0,Medium Value,47025.0,No Response,35-44,Web,1,One Child,0.21428571428571427,21.428571428571427,1.0,31-60 Days,Non-Responder
6340,1985,Graduation,Single,1,0,2013-10-27,52,3,3,7,0,2,11,2,1,0,3,6,0,0,0,0,0,0,0,Saudi Arabia,29938.0,29.0,26,4,0,Low Value,29938.0,No Response,25-34,Store,1,One Child,0.5,50.0,0.16666666666666666,31-60 Days,Non-Responder
4107,1948,PhD,Together,0,2,2013-10-08,52,269,15,69,15,19,38,2,4,6,4,5,0,0,0,0,0,0,0,Spain,46681.0,66.0,425,14,0,Medium Value,46681.0,No Response,65+,Catalog,2,Two or More Children,0.14285714285714285,14.285714285714285,0.8,31-60 Days,Non-Responder
10906,1948,PhD,Together,0,2,2013-10-08,52,269,15,69,15,19,38,2,4,6,4,5,0,0,0,0,0,0,0,Saudi Arabia,46681.0,66.0,425,14,0,Medium Value,46681.0,No Response,65+,Catalog,2,Two or More Children,0.14285714285714285,14.285714285714285,0.8,31-60 Days,Non-Responder
2557,1970,Master,Single,1,0,2013-08-29,52,7,1,6,3,1,11,1,1,1,2,4,1,0,0,0,0,0,0,Spain,29548.0,44.0,29,4,1,Low Value,29548.0,Low Engagement,35-44,Store,1,One Child,0.25,25.0,0.25,31-60 Days,Non-Responder
8786,1956,Master,Married,0,1,2013-05-26,52,301,7,74,10,0,58,4,6,1,7,6,0,0,0,0,0,0,0,Germany,62058.0,58.0,450,14,0,Medium Value,62058.0,No Response,55-64,Store,1,One Child,0.2857142857142857,28.57142857142857,1.0,31-60 Days,Non-Responder
7187,1969,Master,Together,1,1,2013-05-18,52,375,42,48,94,66,96,7,4,10,4,3,0,0,0,0,0,0,0,Australia,51381.5,45.0,721,18,0,Medium Value,51381.5,No Response,45-54,Catalog,2,Two or More Children,0.3888888888888889,38.88888888888889,1.3333333333333333,31-60 Days,Non-Responder
6119,1963,PhD,Single,1,1,2013-05-10,52,10,0,3,0,0,4,1,1,0,2,6,0,0,0,0,0,0,0,Spain,36736.0,51.0,17,3,0,Low Value,36736.0,No Response,45-54,Store,2,Two or More Children,0.3333333333333333,33.33333333333333,0.16666666666666666,31-60 Days,Non-Responder
2980,1952,Master,Single,1,1,2013-03-22,52,12,0,13,4,2,4,4,3,0,3,8,0,0,0,0,0,0,0,Canada,8820.0,62.0,35,6,0,Low Value,8820.0,No Response,55-64,Web,2,Two or More Children,0.6666666666666666,66.66666666666666,0.375,31-60 Days,Non-Responder
3850,1963,Basic,Together,0,1,2012-12-07,52,3,3,3,15,4,15,1,1,0,3,6,0,0,0,0,0,0,0,India,14918.0,51.0,43,4,0,Low Value,14918.0,No Response,45-54,Store,1,One Child,0.25,25.0,0.16666666666666666,31-60 Days,Non-Responder
1077,1974,Graduation,Together,0,0,2012-12-05,52,258,105,239,237,172,9,1,7,3,4,4,0,0,0,0,0,0,0,Spain,56715.0,40.0,1020,14,0,High Value,56715.0,No Response,35-44,Web,0,No Children,0.07142857142857142,7.142857142857142,1.75,31-60 Days,Non-Responder
9733,1978,Basic,Together,1,0,2012-09-09,52,1,4,10,29,0,36,1,1,1,2,6,1,0,0,0,0,0,0,India,24882.0,36.0,80,4,1,Low Value,24882.0,Low Engagement,35-44,Store,1,One Child,0.25,25.0,0.16666666666666666,31-60 Days,Non-Responder
8462,1978,Basic,Together,1,0,2012-09-09,52,1,4,10,29,0,36,1,1,1,2,6,1,0,0,0,0,0,0,Spain,24882.0,36.0,80,4,1,Low Value,24882.0,Low Engagement,35-44,Store,1,One Child,0.25,25.0,0.16666666666666666,31-60 Days,Non-Responder
4764,1952,Master,Together,1,1,2012-08-19,52,45,12,52,25,22,13,4,3,1,4,7,0,0,0,0,0,1,0,Saudi Arabia,40442.0,62.0,169,8,0,Medium Value,40442.0,No Response,55-64,Store,2,Two or More Children,0.5,50.0,0.42857142857142855,31-60 Days,Responder
2223,1965,2n Cycle,Divorced,0,1,2012-08-03,52,1215,33,249,64,116,149,8,8,9,8,6,0,0,0,0,0,0,0,Spain,64176.0,49.0,1826,25,0,High Value,64176.0,No Response,45-54,Catalog,1,One Child,0.32,32.0,1.3333333333333333,31-60 Days,Non-Responder
7788,1983,PhD,Married,1,0,2014-06-04,53,6,0,3,0,0,1,1,0,0,3,3,0,0,0,0,0,0,0,Spain,23536.0,31.0,10,3,0,Low Value,23536.0,No Response,25-34,Store,1,One Child,0.3333333333333333,33.33333333333333,0.0,31-60 Days,Non-Responder
5827,1958,Graduation,Divorced,1,1,2014-04-16,53,36,0,12,2,2,10,4,3,1,3,5,0,0,0,0,0,0,0,Saudi Arabia,35246.0,56.0,62,7,0,Low Value,35246.0,No Response,55-64,Web,2,Two or More Children,0.5714285714285714,57.14285714285714,0.6,31-60 Days,Non-Responder
2958,1978,Graduation,Married,2,0,2014-02-24,53,19,3,10,11,8,6,3,2,1,4,4,0,0,0,0,0,0,0,Spain,28442.0,36.0,57,7,0,Low Value,28442.0,No Response,35-44,Store,2,Two or More Children,0.42857142857142855,42.857142857142854,0.5,31-60 Days,Non-Responder
4954,1956,Graduation,Married,1,1,2014-01-21,53,106,27,68,52,7,5,6,4,2,5,6,0,0,0,0,0,0,0,Spain,48195.0,58.0,265,11,0,Medium Value,48195.0,No Response,55-64,Store,2,Two or More Children,0.5454545454545454,54.54545454545454,0.6666666666666666,31-60 Days,Non-Responder
3139,1982,2n Cycle,Single,0,0,2013-12-30,53,871,111,704,145,55,166,1,4,4,10,2,0,1,0,0,0,0,0,Saudi Arabia,74116.0,32.0,2052,18,1,High Value,74116.0,Low Engagement,25-34,Store,0,No Children,0.05555555555555555,5.555555555555555,2.0,31-60 Days,Non-Responder
9952,1947,Master,Together,0,0,2013-12-11,53,368,32,639,13,43,10,1,4,7,5,1,0,0,0,0,0,0,0,Saudi Arabia,78093.0,67.0,1105,16,0,High Value,78093.0,No Response,65+,Catalog,0,No Children,0.0625,6.25,4.0,31-60 Days,Non-Responder
8180,1952,Master,Divorced,1,1,2013-11-15,53,233,2,53,3,5,14,3,6,1,5,6,0,0,0,0,0,0,0,USA,59354.0,62.0,310,12,0,Medium Value,59354.0,No Response,55-64,Web,2,Two or More Children,0.25,25.0,1.0,31-60 Days,Non-Responder
3276,1976,2n Cycle,Together,1,0,2013-10-25,53,11,12,35,3,5,12,1,3,0,3,7,0,0,0,0,0,0,0,Saudi Arabia,36301.0,38.0,78,6,0,Low Value,36301.0,No Response,35-44,Web,1,One Child,0.16666666666666666,16.666666666666664,0.42857142857142855,31-60 Days,Non-Responder
4994,1943,Master,Single,0,0,2013-10-01,53,1193,33,281,129,66,33,1,7,5,13,3,0,0,1,0,0,0,0,Spain,77598.0,71.0,1735,25,1,High Value,77598.0,Low Engagement,65+,Store,0,No Children,0.04,4.0,2.3333333333333335,31-60 Days,Non-Responder
3598,1972,Graduation,Married,0,1,2013-05-23,53,441,35,83,7,29,11,4,4,2,12,4,0,0,0,0,0,0,0,Spain,62710.0,42.0,606,18,0,Medium Value,62710.0,No Response,35-44,Store,1,One Child,0.2222222222222222,22.22222222222222,1.0,31-60 Days,Non-Responder
945,1965,Graduation,Together,0,1,2013-05-22,53,87,3,25,3,2,13,2,3,0,4,7,0,0,0,0,0,0,0,Spain,36317.0,49.0,133,7,0,Medium Value,36317.0,No Response,45-54,Store,1,One Child,0.2857142857142857,28.57142857142857,0.42857142857142855,31-60 Days,Non-Responder
5048,1971,PhD,Single,2,0,2013-05-11,53,20,6,43,19,5,38,1,3,1,2,8,0,0,0,0,0,0,0,Saudi Arabia,42767.0,43.0,131,6,0,Medium Value,42767.0,No Response,35-44,Web,2,Two or More Children,0.16666666666666666,16.666666666666664,0.375,31-60 Days,Non-Responder
6214,1982,Master,Married,1,0,2013-04-05,53,14,10,29,4,7,15,1,2,0,3,6,0,0,0,0,0,0,0,Spain,43815.0,32.0,79,5,0,Low Value,43815.0,No Response,25-34,Store,1,One Child,0.2,20.0,0.3333333333333333,31-60 Days,Non-Responder
6230,1971,Graduation,Divorced,1,1,2013-02-15,53,110,5,59,7,1,7,5,5,0,4,8,0,0,0,0,0,0,0,Spain,44421.0,43.0,189,9,0,Medium Value,44421.0,No Response,35-44,Web,2,Two or More Children,0.5555555555555556,55.55555555555556,0.625,31-60 Days,Non-Responder
2968,1943,PhD,Divorced,0,0,2013-02-01,53,437,8,206,160,49,42,2,7,10,5,6,1,0,0,0,0,1,0,Australia,48948.0,71.0,902,22,1,High Value,48948.0,Low Engagement,65+,Catalog,0,No Children,0.09090909090909091,9.090909090909092,1.1666666666666667,31-60 Days,Responder
8800,1943,PhD,Divorced,0,0,2013-02-01,53,437,8,206,160,49,42,2,7,10,5,6,1,0,0,0,0,1,0,Saudi Arabia,48948.0,71.0,902,22,1,High Value,48948.0,Low Engagement,65+,Catalog,0,No Children,0.09090909090909091,9.090909090909092,1.1666666666666667,31-60 Days,Responder
1907,1950,Master,Divorced,0,1,2012-09-28,53,965,69,279,54,41,69,5,8,4,9,7,0,0,0,0,0,1,0,Spain,63120.0,64.0,1477,21,0,High Value,63120.0,No Response,55-64,Store,1,One Child,0.23809523809523808,23.809523809523807,1.1428571428571428,31-60 Days,Responder
10478,1950,PhD,Married,1,1,2012-09-27,53,483,0,108,0,6,36,5,11,1,6,9,0,0,0,0,0,1,0,Saudi Arabia,55517.0,64.0,633,18,0,Medium Value,55517.0,No Response,55-64,Web,2,Two or More Children,0.2777777777777778,27.77777777777778,1.2222222222222223,31-60 Days,Responder
4188,1957,Graduation,Single,0,1,2012-08-13,53,204,5,39,17,0,89,3,5,2,4,8,0,0,0,0,0,1,0,Australia,36864.0,57.0,354,11,0,Medium Value,36864.0,No Response,55-64,Web,1,One Child,0.2727272727272727,27.27272727272727,0.625,31-60 Days,Responder
8720,1978,2n Cycle,Together,0,0,2012-08-12,53,32,2,1607,12,4,22,0,0,0,1,0,0,1,0,0,0,0,0,India,51381.5,36.0,1679,1,1,High Value,51381.5,Low Engagement,35-44,Store,0,No Children,0.0,0.0,,31-60 Days,Non-Responder
2225,1977,Graduation,Divorced,0,0,2014-06-07,54,510,120,550,156,40,241,1,4,9,7,1,1,0,0,1,0,1,0,Australia,82582.0,37.0,1617,20,2,High Value,82582.0,Medium Engagement,35-44,Catalog,0,No Children,0.05,5.0,4.0,31-60 Days,Responder
4790,1958,Graduation,Divorced,0,1,2014-06-02,54,574,8,216,21,16,33,1,4,3,5,1,0,0,0,0,0,0,0,Spain,79803.0,56.0,868,12,0,High Value,79803.0,No Response,55-64,Store,1,One Child,0.08333333333333333,8.333333333333332,4.0,31-60 Days,Non-Responder
1131,1967,PhD,Single,0,1,2014-04-05,54,85,0,3,0,0,7,1,2,0,4,3,0,0,0,0,0,0,0,Saudi Arabia,52569.0,47.0,95,6,0,Low Value,52569.0,No Response,45-54,Store,1,One Child,0.16666666666666666,16.666666666666664,0.6666666666666666,31-60 Days,Non-Responder
202,1948,PhD,Widow,0,0,2014-04-05,54,332,194,377,149,125,57,0,4,6,7,1,0,0,0,0,0,0,0,India,82032.0,66.0,1234,17,0,High Value,82032.0,No Response,65+,Store,0,No Children,0.0,0.0,4.0,31-60 Days,Non-Responder
9589,1948,PhD,Widow,0,0,2014-04-05,54,332,194,377,149,125,57,0,4,6,7,1,0,0,0,0,0,0,0,India,82032.0,66.0,1234,17,0,High Value,82032.0,No Response,65+,Store,0,No Children,0.0,0.0,4.0,31-60 Days,Non-Responder
3900,1972,Graduation,Married,0,1,2014-03-29,54,642,14,49,0,7,57,1,9,2,9,5,0,0,0,0,0,0,0,Canada,65685.0,42.0,769,20,0,Medium Value,65685.0,No Response,35-44,Web,1,One Child,0.05,5.0,1.8,31-60 Days,Non-Responder
9958,1972,Graduation,Married,0,1,2014-03-29,54,642,14,49,0,7,57,1,9,2,9,5,0,0,0,0,0,0,0,Australia,65685.0,42.0,769,20,0,Medium Value,65685.0,No Response,35-44,Web,1,One Child,0.05,5.0,1.8,31-60 Days,Non-Responder
8955,1957,PhD,Together,0,2,2014-02-16,54,35,0,4,0,0,10,1,1,1,2,5,1,0,0,0,0,0,0,Spain,40451.0,57.0,49,4,1,Low Value,40451.0,Low Engagement,55-64,Store,2,Two or More Children,0.25,25.0,0.2,31-60 Days,Non-Responder
10033,1973,2n Cycle,Divorced,1,0,2014-02-13,54,2,3,10,11,2,10,1,1,0,3,6,0,0,0,0,0,0,0,Germany,31163.0,41.0,38,4,0,Low Value,31163.0,No Response,35-44,Store,1,One Child,0.25,25.0,0.16666666666666666,31-60 Days,Non-Responder
5751,1973,2n Cycle,Divorced,1,0,2014-02-13,54,2,3,10,11,2,10,1,1,0,3,6,0,0,0,0,0,0,0,Canada,31163.0,41.0,38,4,0,Low Value,31163.0,No Response,35-44,Store,1,One Child,0.25,25.0,0.16666666666666666,31-60 Days,Non-Responder
3308,1952,Graduation,Married,1,1,2014-01-03,54,30,9,12,2,11,30,3,2,0,4,4,0,0,0,0,0,0,0,Saudi Arabia,35704.0,62.0,94,6,0,Low Value,35704.0,No Response,55-64,Store,2,Two or More Children,0.5,50.0,0.5,31-60 Days,Non-Responder
7297,1973,Graduation,Single,1,0,2013-12-26,54,5,3,10,12,7,20,4,3,1,3,7,0,0,0,0,0,0,0,Saudi Arabia,7500.0,41.0,57,7,0,Low Value,7500.0,No Response,35-44,Web,1,One Child,0.5714285714285714,57.14285714285714,0.42857142857142855,31-60 Days,Non-Responder
8008,1983,Graduation,Together,1,0,2013-12-09,54,46,0,30,12,1,30,1,2,0,4,6,0,0,0,0,0,0,0,Spain,36075.0,31.0,119,6,0,Medium Value,36075.0,No Response,25-34,Store,1,One Child,0.16666666666666666,16.666666666666664,0.3333333333333333,31-60 Days,Non-Responder
1232,1982,PhD,Together,0,0,2013-10-25,54,587,54,348,71,54,130,1,4,4,8,2,0,0,0,0,0,0,0,Germany,70038.0,32.0,1244,16,0,High Value,70038.0,No Response,25-34,Store,0,No Children,0.0625,6.25,2.0,31-60 Days,Non-Responder
2345,1982,PhD,Together,0,0,2013-10-25,54,587,54,348,71,54,130,1,4,4,8,2,0,0,0,0,0,0,0,Australia,70038.0,32.0,1244,16,0,High Value,70038.0,No Response,25-34,Store,0,No Children,0.0625,6.25,2.0,31-60 Days,Non-Responder
1628,1971,Graduation,Together,0,0,2013-10-24,54,354,21,311,167,75,32,1,9,3,4,4,0,0,0,0,0,0,0,Saudi Arabia,71796.0,43.0,960,16,0,High Value,71796.0,No Response,35-44,Web,0,No Children,0.0625,6.25,2.25,31-60 Days,Non-Responder
5081,1967,2n Cycle,Together,1,1,2013-10-20,54,9,0,16,6,6,10,1,1,0,3,8,0,0,0,0,0,0,0,Spain,47821.0,47.0,47,4,0,Low Value,47821.0,No Response,45-54,Store,2,Two or More Children,0.25,25.0,0.125,31-60 Days,Non-Responder
839,1975,PhD,Married,1,0,2013-09-25,54,97,4,44,6,1,18,1,3,1,4,5,0,0,0,0,0,0,0,Spain,45503.0,39.0,170,8,0,Medium Value,45503.0,No Response,35-44,Store,1,One Child,0.125,12.5,0.6,31-60 Days,Non-Responder
3706,1978,Graduation,Single,1,0,2013-08-21,54,19,8,29,0,12,26,1,2,2,2,7,1,0,0,0,0,1,0,Spain,28647.0,36.0,94,6,1,Low Value,28647.0,Low Engagement,35-44,Web,1,One Child,0.16666666666666666,16.666666666666664,0.2857142857142857,31-60 Days,Responder
5154,1972,Master,Divorced,1,0,2013-08-11,54,26,3,13,2,10,0,1,2,0,3,6,0,0,0,0,0,0,0,Spain,37760.0,42.0,54,5,0,Low Value,37760.0,No Response,35-44,Store,1,One Child,0.2,20.0,0.3333333333333333,31-60 Days,Non-Responder
8584,1952,PhD,Together,0,0,2013-06-08,54,376,53,462,168,53,53,1,2,7,7,0,0,0,0,0,0,0,0,Spain,85431.0,62.0,1165,16,0,High Value,85431.0,No Response,55-64,Catalog,0,No Children,0.0625,6.25,,31-60 Days,Non-Responder
6583,1955,2n Cycle,Married,0,0,2013-06-03,54,390,22,323,104,35,107,1,6,8,6,3,0,0,0,1,0,0,0,Spain,72635.0,59.0,981,20,1,High Value,72635.0,Low Engagement,55-64,Catalog,0,No Children,0.05,5.0,2.0,31-60 Days,Non-Responder
3433,1955,2n Cycle,Married,0,0,2013-06-03,54,390,22,323,104,35,107,1,6,8,6,3,0,0,0,1,0,0,0,Spain,72635.0,59.0,981,20,1,High Value,72635.0,Low Engagement,55-64,Catalog,0,No Children,0.05,5.0,2.0,31-60 Days,Non-Responder
10486,1948,Graduation,Married,0,0,2013-05-29,54,476,75,162,29,151,97,1,4,4,8,2,0,0,0,0,0,0,0,Spain,77142.0,66.0,990,16,0,High Value,77142.0,No Response,65+,Store,0,No Children,0.0625,6.25,2.0,31-60 Days,Non-Responder
8687,1978,Graduation,Together,0,1,2013-05-06,54,121,62,90,68,20,125,3,2,3,8,3,0,0,0,0,0,0,0,India,53172.0,36.0,486,13,0,Medium Value,53172.0,No Response,35-44,Store,1,One Child,0.23076923076923078,23.076923076923077,0.6666666666666666,31-60 Days,Non-Responder
7842,1968,Graduation,Single,1,1,2013-03-31,54,18,7,34,10,2,3,3,3,0,3,8,0,0,0,0,0,0,0,Spain,36065.0,46.0,74,6,0,Low Value,36065.0,No Response,45-54,Web,2,Two or More Children,0.5,50.0,0.375,31-60 Days,Non-Responder
3749,1973,Graduation,Together,0,0,2013-03-02,54,627,91,597,159,91,15,1,6,5,12,3,0,0,0,0,0,0,0,Canada,73926.0,41.0,1580,23,0,High Value,73926.0,No Response,35-44,Store,0,No Children,0.043478260869565216,4.3478260869565215,2.0,31-60 Days,Non-Responder
1331,1977,Graduation,Single,1,0,2013-01-02,54,12,6,20,30,1,3,2,2,0,3,7,0,0,0,0,0,0,0,Australia,35790.0,37.0,72,5,0,Low Value,35790.0,No Response,35-44,Store,1,One Child,0.4,40.0,0.2857142857142857,31-60 Days,Non-Responder
5995,1962,Graduation,Divorced,1,1,2012-12-18,54,165,3,147,4,24,41,7,6,2,5,8,0,0,0,0,0,1,0,Spain,39552.0,52.0,384,13,0,Medium Value,39552.0,No Response,45-54,Web,2,Two or More Children,0.5384615384615384,53.84615384615385,0.75,31-60 Days,Responder
8985,1964,2n Cycle,Together,0,1,2012-11-04,54,806,80,161,120,11,33,5,10,7,10,6,0,0,0,0,0,0,0,Spain,68316.0,50.0,1211,27,0,High Value,68316.0,No Response,45-54,Web,1,One Child,0.18518518518518517,18.51851851851852,1.6666666666666667,31-60 Days,Non-Responder
2798,1977,PhD,Together,0,0,2012-11-02,54,763,29,138,76,176,58,0,7,9,10,4,0,1,1,1,0,1,0,Saudi Arabia,102160.0,37.0,1240,26,3,High Value,102160.0,High Engagement,35-44,Store,0,No Children,0.0,0.0,1.75,31-60 Days,Responder
7108,1965,Master,Widow,1,1,2012-09-08,54,205,20,47,23,2,56,6,5,2,5,5,0,0,0,0,0,0,0,Saudi Arabia,51390.0,49.0,353,12,0,Medium Value,51390.0,No Response,45-54,Web,2,Two or More Children,0.5,50.0,1.0,31-60 Days,Non-Responder
2781,1981,Graduation,Single,0,0,2014-06-23,55,1003,34,536,134,51,34,1,4,6,6,2,0,0,1,1,0,1,0,Saudi Arabia,72066.0,33.0,1792,16,2,High Value,72066.0,Medium Engagement,25-34,Catalog,0,No Children,0.0625,6.25,2.0,31-60 Days,Responder
3623,1976,Graduation,Together,1,0,2014-06-11,55,4,0,16,17,4,4,3,4,0,3,7,0,0,0,0,0,0,0,India,21675.0,38.0,45,7,0,Low Value,21675.0,No Response,35-44,Web,1,One Child,0.42857142857142855,42.857142857142854,0.5714285714285714,31-60 Days,Non-Responder
194,1965,Graduation,Married,1,1,2014-06-09,55,23,0,11,3,2,2,1,1,0,3,6,0,0,0,0,0,0,0,Spain,48006.0,49.0,41,4,0,Low Value,48006.0,No Response,45-54,Store,2,Two or More Children,0.25,25.0,0.16666666666666666,31-60 Days,Non-Responder
10833,1975,Graduation,Married,0,1,2014-05-24,55,790,19,133,12,0,19,3,8,3,13,6,0,1,0,0,0,0,0,Spain,65106.0,39.0,973,24,1,High Value,65106.0,Low Engagement,35-44,Store,1,One Child,0.125,12.5,1.3333333333333333,31-60 Days,Non-Responder
2315,1960,Graduation,Divorced,0,1,2014-04-20,55,10,0,11,17,29,29,1,1,2,2,4,0,0,0,0,0,0,0,Spain,58401.0,54.0,96,5,0,Low Value,58401.0,No Response,45-54,Catalog,1,One Child,0.2,20.0,0.25,31-60 Days,Non-Responder
6336,1960,Graduation,Married,1,1,2014-04-06,55,13,2,14,8,7,4,4,2,0,4,6,0,0,0,0,0,0,0,Saudi Arabia,29315.0,54.0,48,6,0,Low Value,29315.0,No Response,45-54,Store,2,Two or More Children,0.6666666666666666,66.66666666666666,0.3333333333333333,31-60 Days,Non-Responder
10738,1951,Master,Single,1,1,2013-08-29,55,40,0,19,2,1,3,1,2,0,3,7,0,0,0,0,0,0,0,Australia,49389.0,63.0,65,5,0,Low Value,49389.0,No Response,55-64,Store,2,Two or More Children,0.2,20.0,0.2857142857142857,31-60 Days,Non-Responder
8286,1965,PhD,Together,0,1,2013-08-20,55,98,1,17,0,1,5,1,3,0,4,7,0,1,0,0,0,0,0,Saudi Arabia,51717.0,49.0,122,7,1,Medium Value,51717.0,Low Engagement,45-54,Store,1,One Child,0.14285714285714285,14.285714285714285,0.42857142857142855,31-60 Days,Non-Responder
2166,1960,2n Cycle,Widow,1,1,2013-07-12,55,12,1,3,0,0,7,1,0,1,2,4,0,0,0,0,0,0,0,Saudi Arabia,46779.0,54.0,23,3,0,Low Value,46779.0,No Response,45-54,Store,2,Two or More Children,0.3333333333333333,33.33333333333333,0.0,31-60 Days,Non-Responder
10691,1960,Master,Married,1,1,2013-06-14,55,11,0,10,0,2,20,1,1,1,2,6,0,0,0,0,0,0,0,Spain,28520.0,54.0,43,4,0,Low Value,28520.0,No Response,45-54,Store,2,Two or More Children,0.25,25.0,0.16666666666666666,31-60 Days,Non-Responder
9739,1963,Graduation,Single,0,1,2013-01-19,55,62,0,22,3,1,26,2,2,2,2,7,0,0,0,0,0,0,0,Spain,34377.0,51.0,114,6,0,Low Value,34377.0,No Response,45-54,Web,1,One Child,0.3333333333333333,33.33333333333333,0.2857142857142857,31-60 Days,Non-Responder
1829,1961,PhD,Divorced,0,1,2013-01-19,55,1148,0,60,0,0,24,3,9,5,4,7,0,1,0,0,0,1,0,Spain,54959.0,53.0,1232,18,1,High Value,54959.0,Low Engagement,45-54,Web,1,One Child,0.16666666666666666,16.666666666666664,1.2857142857142858,31-60 Days,Responder
6260,1955,Master,Together,0,0,2012-11-19,55,984,51,432,180,120,190,1,3,10,13,1,0,0,1,0,0,1,0,Australia,82384.0,59.0,1957,26,1,High Value,82384.0,Low Engagement,55-64,Store,0,No Children,0.038461538461538464,3.8461538461538463,3.0,31-60 Days,Responder
10448,1956,Graduation,Single,0,1,2012-10-22,55,172,41,86,45,6,27,5,5,3,5,7,1,0,0,0,0,0,0,Spain,46998.0,58.0,377,13,1,Medium Value,46998.0,Low Engagement,55-64,Web,1,One Child,0.38461538461538464,38.46153846153847,0.7142857142857143,31-60 Days,Non-Responder
1343,1968,Graduation,Together,1,1,2012-09-26,55,368,24,68,38,0,88,6,8,2,6,7,0,0,0,0,0,0,0,USA,58554.0,46.0,586,16,0,Medium Value,58554.0,No Response,45-54,Web,2,Two or More Children,0.375,37.5,1.1428571428571428,31-60 Days,Non-Responder
4749,1968,Graduation,Together,1,1,2012-09-26,55,368,24,68,38,0,88,6,8,2,6,7,0,0,0,0,0,0,0,India,58554.0,46.0,586,16,0,Medium Value,58554.0,No Response,45-54,Web,2,Two or More Children,0.375,37.5,1.1428571428571428,31-60 Days,Non-Responder
531,1954,PhD,Divorced,0,1,2012-09-22,55,941,14,397,76,58,176,11,8,5,9,6,0,0,0,0,0,1,0,Spain,57333.0,60.0,1662,22,0,High Value,57333.0,No Response,55-64,Store,1,One Child,0.5,50.0,1.3333333333333333,31-60 Days,Responder
6905,1994,Graduation,Together,0,0,2012-08-22,55,241,45,604,34,26,54,1,6,4,10,2,0,0,0,0,0,0,0,Spain,80685.0,20.0,1004,20,0,High Value,80685.0,No Response,Under 25,Store,0,No Children,0.05,5.0,3.0,31-60 Days,Non-Responder
1045,1965,Graduation,Together,0,1,2012-08-16,55,112,10,107,30,0,20,2,5,2,4,7,0,0,0,0,0,0,0,Spain,52117.0,49.0,279,11,0,Medium Value,52117.0,No Response,45-54,Web,1,One Child,0.18181818181818182,18.181818181818183,0.7142857142857143,31-60 Days,Non-Responder
4012,1972,PhD,Together,0,1,2012-08-11,55,799,12,375,16,12,12,5,7,6,5,6,0,0,0,0,0,1,0,Germany,62220.0,42.0,1226,18,0,High Value,62220.0,No Response,35-44,Web,1,One Child,0.2777777777777778,27.77777777777778,1.1666666666666667,31-60 Days,Responder
5529,1946,PhD,Together,2,1,2014-06-10,56,406,0,30,0,0,8,7,8,2,5,7,0,0,0,1,0,0,0,Canada,64014.0,68.0,444,15,1,Medium Value,64014.0,Low Engagement,65+,Web,3,Two or More Children,0.4666666666666667,46.666666666666664,1.1428571428571428,31-60 Days,Non-Responder
4001,1946,PhD,Together,2,1,2014-06-10,56,406,0,30,0,0,8,7,8,2,5,7,0,0,0,1,0,0,0,Saudi Arabia,64014.0,68.0,444,15,1,Medium Value,64014.0,Low Engagement,65+,Web,3,Two or More Children,0.4666666666666667,46.666666666666664,1.1428571428571428,31-60 Days,Non-Responder
10420,1955,Master,Divorced,0,1,2014-05-05,56,95,14,64,2,9,38,1,4,2,3,7,0,0,0,0,0,0,0,USA,46390.0,59.0,222,9,0,Medium Value,46390.0,No Response,55-64,Web,1,One Child,0.1111111111111111,11.11111111111111,0.5714285714285714,31-60 Days,Non-Responder
7723,1979,Graduation,Together,0,0,2014-05-02,56,709,93,374,104,80,80,1,8,6,6,3,0,0,0,0,0,0,0,Germany,75507.0,35.0,1440,20,0,High Value,75507.0,No Response,35-44,Web,0,No Children,0.05,5.0,2.6666666666666665,31-60 Days,Non-Responder
2963,1979,Graduation,Together,0,0,2014-05-02,56,709,93,374,104,80,80,1,8,6,6,3,0,0,0,0,0,0,0,Australia,75507.0,35.0,1440,20,0,High Value,75507.0,No Response,35-44,Web,0,No Children,0.05,5.0,2.6666666666666665,31-60 Days,Non-Responder
10634,1951,Master,Married,0,0,2014-04-19,56,90,67,165,30,43,11,1,4,2,8,3,0,0,0,0,0,0,0,Spain,59412.0,63.0,406,14,0,Medium Value,59412.0,No Response,55-64,Store,0,No Children,0.07142857142857142,7.142857142857142,1.3333333333333333,31-60 Days,Non-Responder
5180,1968,PhD,Divorced,0,1,2014-04-18,56,128,0,16,0,1,4,2,4,0,4,7,0,0,0,0,0,0,0,Spain,50616.0,46.0,149,8,0,Medium Value,50616.0,No Response,45-54,Web,1,One Child,0.25,25.0,0.5714285714285714,31-60 Days,Non-Responder
6866,1969,Master,Together,1,1,2014-03-23,56,8,0,14,2,3,7,1,1,0,3,5,0,0,0,0,0,0,0,Saudi Arabia,35924.0,45.0,34,4,0,Low Value,35924.0,No Response,45-54,Store,2,Two or More Children,0.25,25.0,0.2,31-60 Days,Non-Responder
1328,1982,2n Cycle,Married,0,1,2014-02-16,56,261,42,144,55,48,133,3,4,4,9,3,0,0,0,0,0,0,0,Saudi Arabia,57937.0,32.0,683,17,0,Medium Value,57937.0,No Response,25-34,Store,1,One Child,0.17647058823529413,17.647058823529413,1.3333333333333333,31-60 Days,Non-Responder
1139,1984,PhD,Married,0,0,2014-02-06,56,1050,14,322,0,14,112,1,5,11,5,2,1,0,1,1,0,1,0,Spain,73356.0,30.0,1512,21,3,High Value,73356.0,High Engagement,25-34,Catalog,0,No Children,0.047619047619047616,4.761904761904762,2.5,31-60 Days,Responder
4961,1974,Master,Together,1,0,2014-01-21,56,29,0,25,2,2,3,4,2,1,4,4,0,0,0,0,0,0,0,Spain,21255.0,40.0,61,7,0,Low Value,21255.0,No Response,35-44,Store,1,One Child,0.5714285714285714,57.14285714285714,0.5,31-60 Days,Non-Responder
5177,1974,Master,Married,0,1,2013-12-12,56,298,7,68,4,0,19,2,6,2,6,6,0,0,0,0,0,0,0,Saudi Arabia,58494.0,40.0,396,14,0,Medium Value,58494.0,No Response,35-44,Web,1,One Child,0.14285714285714285,14.285714285714285,1.0,31-60 Days,Non-Responder
2075,1969,Graduation,Married,0,0,2013-11-14,56,377,10,540,80,30,10,1,3,5,7,1,0,0,0,0,0,0,0,Saudi Arabia,72460.0,45.0,1047,15,0,High Value,72460.0,No Response,45-54,Store,0,No Children,0.06666666666666667,6.666666666666667,3.0,31-60 Days,Non-Responder
3428,1991,PhD,Together,0,0,2013-10-06,56,919,0,505,99,30,45,1,4,9,10,2,0,0,0,0,0,0,0,Spain,68682.0,23.0,1598,23,0,High Value,68682.0,No Response,Under 25,Store,0,No Children,0.043478260869565216,4.3478260869565215,2.0,31-60 Days,Non-Responder
4500,1991,PhD,Together,0,0,2013-10-06,56,919,0,505,99,30,45,1,4,9,10,2,0,0,0,0,0,0,0,Spain,68682.0,23.0,1598,23,0,High Value,68682.0,No Response,Under 25,Store,0,No Children,0.043478260869565216,4.3478260869565215,2.0,31-60 Days,Non-Responder
7369,1981,Master,Married,1,0,2013-10-02,56,25,6,25,6,0,0,2,2,0,3,8,0,0,0,0,0,0,0,Spain,36959.0,33.0,62,5,0,Low Value,36959.0,No Response,25-34,Store,1,One Child,0.4,40.0,0.25,31-60 Days,Non-Responder
4381,1971,PhD,Married,1,1,2013-08-18,56,163,2,40,8,11,11,7,3,1,6,6,0,0,0,0,0,0,0,Spain,46463.0,43.0,235,10,0,Medium Value,46463.0,No Response,35-44,Store,2,Two or More Children,0.7,70.0,0.5,31-60 Days,Non-Responder
9964,1979,Graduation,Single,0,1,2013-08-07,56,162,50,100,55,30,27,1,4,2,8,4,0,0,0,0,0,0,0,Spain,61825.0,35.0,424,14,0,Medium Value,61825.0,No Response,35-44,Store,1,One Child,0.07142857142857142,7.142857142857142,1.0,31-60 Days,Non-Responder
1630,1979,Graduation,Single,0,1,2013-08-07,56,162,50,100,55,30,27,1,4,2,8,4,0,0,0,0,0,0,0,Spain,61825.0,35.0,424,14,0,Medium Value,61825.0,No Response,35-44,Store,1,One Child,0.07142857142857142,7.142857142857142,1.0,31-60 Days,Non-Responder
5012,1989,Graduation,Married,1,0,2013-07-04,56,5,4,13,8,0,4,1,1,0,3,8,0,0,0,0,0,0,0,Spain,28691.0,25.0,34,4,0,Low Value,28691.0,No Response,25-34,Store,1,One Child,0.25,25.0,0.125,31-60 Days,Non-Responder
6918,1989,Graduation,Married,1,0,2013-07-04,56,5,4,13,8,0,4,1,1,0,3,8,0,0,0,0,0,0,0,Spain,28691.0,25.0,34,4,0,Low Value,28691.0,No Response,25-34,Store,1,One Child,0.25,25.0,0.125,31-60 Days,Non-Responder
7822,1976,Graduation,Together,0,1,2013-06-04,56,198,18,252,32,108,54,2,4,6,8,3,0,0,0,0,0,0,0,Spain,54058.0,38.0,662,18,0,Medium Value,54058.0,No Response,35-44,Store,1,One Child,0.1111111111111111,11.11111111111111,1.3333333333333333,31-60 Days,Non-Responder
10156,1975,Graduation,Single,0,1,2013-06-03,56,215,63,507,231,31,190,1,8,4,7,3,0,0,0,0,0,0,0,Spain,84196.0,39.0,1237,19,0,High Value,84196.0,No Response,35-44,Web,1,One Child,0.05263157894736842,5.263157894736842,2.6666666666666665,31-60 Days,Non-Responder
3033,1963,Master,Together,0,0,2013-05-11,56,112,17,44,34,22,89,1,2,5,3,3,0,0,0,0,0,0,0,Australia,38620.0,51.0,318,10,0,Medium Value,38620.0,No Response,45-54,Catalog,0,No Children,0.1,10.0,0.6666666666666666,31-60 Days,Non-Responder
4119,1963,Master,Together,0,0,2013-05-11,56,112,17,44,34,22,89,1,2,5,3,3,0,0,0,0,0,0,0,Germany,38620.0,51.0,318,10,0,Medium Value,38620.0,No Response,45-54,Catalog,0,No Children,0.1,10.0,0.6666666666666666,31-60 Days,Non-Responder
11110,1973,Graduation,Single,1,0,2013-04-13,56,2,1,1,0,0,1,0,0,0,0,14,0,0,0,0,0,0,0,India,3502.0,41.0,5,0,0,Low Value,3502.0,No Response,35-44,Web,1,One Child,0.0,0.0,0.0,31-60 Days,Non-Responder
332,1957,Graduation,Married,0,1,2013-03-22,56,198,2,43,0,12,20,3,4,1,6,6,0,1,0,0,0,0,0,Spain,47743.0,57.0,275,11,1,Medium Value,47743.0,Low Engagement,55-64,Store,1,One Child,0.2727272727272727,27.27272727272727,0.6666666666666666,31-60 Days,Non-Responder
737,1949,PhD,Married,0,0,2013-03-03,56,1493,86,454,112,43,43,2,4,4,5,2,0,1,1,1,0,0,0,Spain,80360.0,65.0,2231,13,3,High Value,80360.0,High Engagement,65+,Store,0,No Children,0.15384615384615385,15.384615384615385,2.0,31-60 Days,Non-Responder
10319,1971,Graduation,Married,0,1,2013-02-26,56,1090,12,96,16,12,60,4,3,4,11,8,0,1,0,0,0,0,0,Spain,66303.0,43.0,1286,18,1,High Value,66303.0,Low Engagement,35-44,Store,1,One Child,0.2222222222222222,22.22222222222222,0.375,31-60 Days,Non-Responder
2683,1969,Graduation,Married,0,2,2013-02-02,56,295,106,271,75,98,65,4,6,4,12,6,0,0,0,0,0,0,0,Canada,52413.0,45.0,910,22,0,High Value,52413.0,No Response,45-54,Store,2,Two or More Children,0.18181818181818182,18.181818181818183,1.0,31-60 Days,Non-Responder
3445,1956,Graduation,Single,0,0,2013-01-17,56,216,162,224,101,92,162,2,7,4,10,5,0,0,0,0,0,1,0,Saudi Arabia,60714.0,58.0,957,21,0,High Value,60714.0,No Response,55-64,Store,0,No Children,0.09523809523809523,9.523809523809524,1.4,31-60 Days,Responder
10913,1984,Master,Single,1,0,2012-12-05,56,3,2,12,0,1,9,1,1,0,2,8,1,0,0,0,0,1,0,Spain,31385.0,30.0,27,3,1,Low Value,31385.0,Low Engagement,25-34,Store,1,One Child,0.3333333333333333,33.33333333333333,0.125,31-60 Days,Responder
4427,1995,2n Cycle,Single,0,0,2012-09-18,56,536,27,590,38,107,67,1,5,10,12,6,1,0,1,0,0,1,1,Spain,83257.0,19.0,1365,27,2,High Value,83257.0,Medium Engagement,Under 25,Store,0,No Children,0.037037037037037035,3.7037037037037033,0.8333333333333334,31-60 Days,Responder
8717,1975,PhD,Married,0,1,2012-09-12,56,1149,71,449,69,71,26,1,11,8,8,5,0,0,0,0,0,0,0,India,80427.0,39.0,1835,27,0,High Value,80427.0,No Response,35-44,Web,1,One Child,0.037037037037037035,3.7037037037037033,2.2,31-60 Days,Non-Responder
2066,1949,Graduation,Together,0,1,2012-08-30,56,70,0,11,2,8,23,1,2,1,3,6,0,0,0,0,0,0,0,Spain,38823.0,65.0,114,6,0,Low Value,38823.0,No Response,65+,Store,1,One Child,0.16666666666666666,16.666666666666664,0.3333333333333333,31-60 Days,Non-Responder
3340,1977,Graduation,Married,1,0,2012-08-17,56,244,15,108,4,15,50,6,7,1,6,8,0,0,0,0,0,1,0,Canada,42014.0,37.0,436,14,0,Medium Value,42014.0,No Response,35-44,Web,1,One Child,0.42857142857142855,42.857142857142854,0.875,31-60 Days,Responder
8685,1977,Graduation,Married,1,0,2012-08-17,56,244,15,108,4,15,50,6,7,1,6,8,0,0,0,0,0,1,0,Saudi Arabia,42014.0,37.0,436,14,0,Medium Value,42014.0,No Response,35-44,Web,1,One Child,0.42857142857142855,42.857142857142854,0.875,31-60 Days,Responder
4149,1948,PhD,Together,0,0,2014-05-13,57,586,66,653,17,0,26,1,5,9,6,2,0,0,0,0,0,0,0,Spain,76140.0,66.0,1348,20,0,High Value,76140.0,No Response,65+,Catalog,0,No Children,0.05,5.0,2.5,31-60 Days,Non-Responder
8726,1964,2n Cycle,Divorced,1,1,2014-04-29,57,77,8,44,10,10,25,5,3,1,4,6,0,0,0,0,0,0,0,Canada,41713.0,50.0,174,8,0,Medium Value,41713.0,No Response,45-54,Store,2,Two or More Children,0.625,62.5,0.5,31-60 Days,Non-Responder
2295,1954,PhD,Married,0,1,2014-02-02,57,539,30,92,80,46,38,1,5,3,13,3,0,0,0,0,0,0,0,Saudi Arabia,62670.0,60.0,825,21,0,Medium Value,62670.0,No Response,55-64,Store,1,One Child,0.047619047619047616,4.761904761904762,1.6666666666666667,31-60 Days,Non-Responder
3283,1972,2n Cycle,Married,0,1,2014-01-19,57,200,193,100,46,185,185,2,6,2,12,3,0,0,0,0,0,0,0,Spain,70932.0,42.0,909,20,0,High Value,70932.0,No Response,35-44,Store,1,One Child,0.1,10.0,2.0,31-60 Days,Non-Responder
1915,1951,PhD,Married,0,0,2013-12-12,57,794,115,243,150,0,205,1,8,5,6,3,0,0,0,0,0,0,0,Germany,78939.0,63.0,1507,19,0,High Value,78939.0,No Response,55-64,Web,0,No Children,0.05263157894736842,5.263157894736842,2.6666666666666665,31-60 Days,Non-Responder
800,1960,Graduation,Together,1,1,2013-08-30,57,23,1,6,0,0,2,2,1,0,3,4,0,0,0,0,0,0,0,Saudi Arabia,44512.0,54.0,32,4,0,Low Value,44512.0,No Response,45-54,Store,2,Two or More Children,0.5,50.0,0.25,31-60 Days,Non-Responder
9166,1968,Graduation,Married,0,1,2013-08-09,57,387,84,141,73,35,162,3,4,4,12,2,0,0,0,0,0,0,0,Spain,63967.0,46.0,882,20,0,High Value,63967.0,No Response,45-54,Store,1,One Child,0.15,15.0,2.0,31-60 Days,Non-Responder
5147,1948,Graduation,Single,0,0,2013-07-29,57,774,70,118,182,187,93,1,4,9,13,1,0,0,0,0,0,0,0,Spain,90842.0,66.0,1424,26,0,High Value,90842.0,No Response,65+,Store,0,No Children,0.038461538461538464,3.8461538461538463,4.0,31-60 Days,Non-Responder
13,1947,PhD,Widow,0,1,2013-07-22,57,19,0,5,0,0,8,2,1,0,3,6,0,0,0,0,0,0,0,Saudi Arabia,25358.0,67.0,32,4,0,Low Value,25358.0,No Response,65+,Store,1,One Child,0.5,50.0,0.16666666666666666,31-60 Days,Non-Responder
8557,1982,Graduation,Single,1,0,2013-06-17,57,11,3,22,2,2,6,2,2,0,3,6,0,0,0,0,0,0,0,Australia,51381.5,32.0,46,5,0,Low Value,51381.5,No Response,25-34,Store,1,One Child,0.4,40.0,0.3333333333333333,31-60 Days,Non-Responder
8724,1982,Graduation,Single,1,0,2013-06-17,57,11,3,22,2,2,6,2,2,0,3,6,0,0,0,0,0,0,0,Spain,28567.0,32.0,46,5,0,Low Value,28567.0,No Response,25-34,Store,1,One Child,0.4,40.0,0.3333333333333333,31-60 Days,Non-Responder
9381,1978,Graduation,Married,1,1,2013-06-12,57,328,9,124,12,24,109,7,4,2,10,3,0,0,0,0,0,0,0,Australia,66373.0,36.0,606,16,0,Medium Value,66373.0,No Response,35-44,Store,2,Two or More Children,0.4375,43.75,1.3333333333333333,31-60 Days,Non-Responder
9384,1978,Graduation,Married,1,1,2013-06-12,57,328,9,124,12,24,109,7,4,2,10,3,0,0,0,0,0,0,0,Australia,66373.0,36.0,606,16,0,Medium Value,66373.0,No Response,35-44,Store,2,Two or More Children,0.4375,43.75,1.3333333333333333,31-60 Days,Non-Responder
3560,1952,Graduation,Together,0,0,2013-05-12,57,901,31,345,75,31,191,1,4,4,11,1,0,0,1,0,0,0,0,Germany,83844.0,62.0,1574,19,1,High Value,83844.0,Low Engagement,55-64,Store,0,No Children,0.05263157894736842,5.263157894736842,4.0,31-60 Days,Non-Responder
241,1952,Graduation,Together,0,0,2013-05-12,57,901,31,345,75,31,191,1,4,4,11,1,0,0,1,0,0,0,0,Spain,83844.0,62.0,1574,19,1,High Value,83844.0,Low Engagement,55-64,Store,0,No Children,0.05263157894736842,5.263157894736842,4.0,31-60 Days,Non-Responder
7521,1952,Graduation,Together,0,0,2013-05-12,57,901,31,345,75,31,191,1,4,4,11,1,0,0,1,0,0,0,0,Canada,83844.0,62.0,1574,19,1,High Value,83844.0,Low Engagement,55-64,Store,0,No Children,0.05263157894736842,5.263157894736842,4.0,31-60 Days,Non-Responder
9799,1968,PhD,Divorced,1,1,2013-05-08,57,866,21,151,28,21,86,3,2,2,12,5,0,0,0,0,0,0,0,Spain,83664.0,46.0,1173,16,0,High Value,83664.0,No Response,45-54,Store,2,Two or More Children,0.1875,18.75,0.4,31-60 Days,Non-Responder
5123,1951,Master,Married,0,0,2013-04-15,57,37,12,23,8,11,52,1,2,1,3,7,0,0,0,0,0,0,0,Spain,27450.0,63.0,143,6,0,Medium Value,27450.0,No Response,55-64,Store,0,No Children,0.16666666666666666,16.666666666666664,0.2857142857142857,31-60 Days,Non-Responder
448,1978,PhD,Single,1,0,2013-03-01,57,308,85,137,102,45,118,2,6,2,11,5,0,0,0,0,0,0,0,Spain,54880.0,36.0,795,19,0,Medium Value,54880.0,No Response,35-44,Store,1,One Child,0.10526315789473684,10.526315789473683,1.2,31-60 Days,Non-Responder
4837,1965,PhD,Married,0,1,2013-02-16,57,753,43,226,69,10,204,2,8,5,13,4,0,0,0,0,0,0,0,Spain,71322.0,49.0,1305,26,0,High Value,71322.0,No Response,45-54,Store,1,One Child,0.07692307692307693,7.6923076923076925,2.0,31-60 Days,Non-Responder
9365,1976,PhD,Single,0,1,2012-12-22,57,1048,0,217,0,0,12,5,11,3,5,6,0,0,0,0,0,0,0,Spain,60000.0,38.0,1277,19,0,High Value,60000.0,No Response,35-44,Web,1,One Child,0.2631578947368421,26.31578947368421,1.8333333333333333,31-60 Days,Non-Responder
8932,1969,Master,Together,0,1,2012-10-29,57,960,28,183,220,70,70,4,9,6,6,6,0,0,0,0,0,0,0,Saudi Arabia,65176.0,45.0,1531,21,0,High Value,65176.0,No Response,45-54,Web,1,One Child,0.19047619047619047,19.047619047619047,1.5,31-60 Days,Non-Responder
7055,1952,PhD,Together,0,1,2012-10-09,57,888,0,57,0,0,76,2,8,5,11,5,0,0,0,0,0,0,0,Canada,61010.0,62.0,1021,24,0,High Value,61010.0,No Response,55-64,Store,1,One Child,0.08333333333333333,8.333333333333332,1.6,31-60 Days,Non-Responder
3537,1981,Graduation,Together,1,0,2012-08-17,57,31,3,31,2,8,4,3,3,0,4,8,0,0,0,0,0,0,0,Spain,31089.0,33.0,79,7,0,Low Value,31089.0,No Response,25-34,Store,1,One Child,0.42857142857142855,42.857142857142854,0.375,31-60 Days,Non-Responder
9081,1988,Graduation,Single,1,0,2014-05-18,58,4,1,6,4,1,9,1,1,1,2,5,0,0,0,0,0,0,0,Spain,20518.0,26.0,25,4,0,Low Value,20518.0,No Response,25-34,Store,1,One Child,0.25,25.0,0.2,31-60 Days,Non-Responder
4988,1948,PhD,Married,1,1,2014-05-04,58,19,6,20,0,5,12,3,1,1,4,4,0,0,0,0,0,0,0,Saudi Arabia,34469.0,66.0,62,6,0,Low Value,34469.0,No Response,65+,Store,2,Two or More Children,0.5,50.0,0.25,31-60 Days,Non-Responder
1050,1952,Graduation,Married,0,0,2014-04-30,58,14,10,13,4,15,9,1,2,1,4,2,0,0,0,0,0,0,0,Germany,28332.0,62.0,65,7,0,Low Value,28332.0,No Response,55-64,Store,0,No Children,0.14285714285714285,14.285714285714285,1.0,31-60 Days,Non-Responder
5610,1965,Graduation,Together,1,1,2014-04-21,58,7,3,10,8,1,7,2,1,0,3,7,0,0,0,0,0,0,0,India,33456.0,49.0,36,4,0,Low Value,33456.0,No Response,45-54,Store,2,Two or More Children,0.5,50.0,0.14285714285714285,31-60 Days,Non-Responder
3526,1968,PhD,Married,1,1,2014-01-27,58,32,0,5,0,0,1,2,1,0,3,7,0,0,0,0,0,0,0,Spain,38443.0,46.0,38,4,0,Low Value,38443.0,No Response,45-54,Store,2,Two or More Children,0.5,50.0,0.14285714285714285,31-60 Days,Non-Responder
5136,1973,Graduation,Single,0,1,2014-01-17,58,654,7,92,0,15,30,7,9,4,8,6,0,1,1,0,0,0,0,Canada,65333.0,41.0,798,21,2,Medium Value,65333.0,Medium Engagement,35-44,Web,1,One Child,0.3333333333333333,33.33333333333333,1.5,31-60 Days,Non-Responder
1411,1952,Graduation,Divorced,0,0,2013-11-10,58,204,34,204,172,153,173,1,2,9,4,1,0,0,0,0,0,0,0,Spain,82623.0,62.0,940,15,0,High Value,82623.0,No Response,55-64,Catalog,0,No Children,0.06666666666666667,6.666666666666667,2.0,31-60 Days,Non-Responder
701,1971,Graduation,Married,0,1,2013-11-06,58,707,21,250,85,43,73,2,6,2,8,2,1,0,0,0,0,0,0,Spain,73691.0,43.0,1179,16,1,High Value,73691.0,Low Engagement,35-44,Store,1,One Child,0.125,12.5,3.0,31-60 Days,Non-Responder
6203,1947,Graduation,Together,0,0,2013-08-24,58,499,149,815,173,49,49,1,6,7,12,3,0,0,0,0,0,0,0,Spain,74485.0,67.0,1734,25,0,High Value,74485.0,No Response,65+,Store,0,No Children,0.04,4.0,2.0,31-60 Days,Non-Responder
7192,1955,Graduation,Together,0,1,2013-04-15,58,172,73,93,95,78,34,2,2,4,10,1,0,0,0,0,0,0,1,Spain,65748.0,59.0,545,16,0,Medium Value,65748.0,No Response,55-64,Store,1,One Child,0.125,12.5,2.0,31-60 Days,Non-Responder
5181,1982,Basic,Single,1,0,2013-03-20,58,2,4,2,0,11,5,1,1,0,2,9,0,0,0,0,0,0,0,Spain,24367.0,32.0,24,3,0,Low Value,24367.0,No Response,25-34,Store,1,One Child,0.3333333333333333,33.33333333333333,0.1111111111111111,31-60 Days,Non-Responder
9220,1971,Graduation,Single,0,0,2013-01-17,58,576,172,961,125,115,19,1,8,6,5,3,0,0,0,0,0,1,0,Spain,91700.0,43.0,1968,19,0,High Value,91700.0,No Response,35-44,Web,0,No Children,0.05263157894736842,5.263157894736842,2.6666666666666665,31-60 Days,Responder
7734,1993,Graduation,Other,0,0,2012-12-19,58,471,102,125,212,61,245,1,4,10,7,1,0,0,1,1,0,1,0,Australia,79244.0,21.0,1216,21,2,High Value,79244.0,Medium Engagement,Under 25,Catalog,0,No Children,0.047619047619047616,4.761904761904762,4.0,31-60 Days,Responder
10446,1957,PhD,Married,0,0,2012-11-07,58,184,23,446,30,23,23,1,5,4,7,2,0,1,1,1,0,1,0,Canada,82017.0,57.0,729,16,3,Medium Value,82017.0,High Engagement,55-64,Store,0,No Children,0.0625,6.25,2.5,31-60 Days,Responder
5524,1957,Graduation,Single,0,0,2012-09-04,58,635,88,546,172,88,88,3,8,10,4,7,0,0,0,0,0,1,0,USA,58138.0,57.0,1617,22,0,High Value,58138.0,No Response,55-64,Catalog,0,No Children,0.13636363636363635,13.636363636363635,1.1428571428571428,31-60 Days,Responder
3830,1953,Master,Married,0,2,2014-04-24,59,295,21,78,39,13,13,1,4,4,7,3,0,0,0,0,0,0,0,Canada,59354.0,61.0,459,15,0,Medium Value,59354.0,No Response,55-64,Store,2,Two or More Children,0.06666666666666667,6.666666666666667,1.3333333333333333,31-60 Days,Non-Responder
5186,1955,PhD,Married,0,1,2014-03-12,59,576,7,115,19,7,7,2,7,4,9,6,0,1,0,0,0,0,0,Canada,58482.0,59.0,731,20,1,Medium Value,58482.0,Low Engagement,55-64,Store,1,One Child,0.1,10.0,1.1666666666666667,31-60 Days,Non-Responder
8514,1976,Graduation,Together,1,0,2014-01-17,59,8,0,7,3,1,1,1,1,0,3,6,0,0,0,0,0,0,0,Spain,29478.0,38.0,20,4,0,Low Value,29478.0,No Response,35-44,Store,1,One Child,0.25,25.0,0.16666666666666666,31-60 Days,Non-Responder
7165,1972,Graduation,Together,0,1,2013-10-22,59,381,35,172,56,86,93,2,8,2,10,5,0,0,0,0,0,0,0,Spain,64474.0,42.0,823,20,0,Medium Value,64474.0,No Response,35-44,Store,1,One Child,0.1,10.0,1.6,31-60 Days,Non-Responder
10236,1975,Master,Single,1,0,2013-09-16,59,16,3,25,6,1,13,2,2,0,3,8,0,0,0,0,0,0,0,Saudi Arabia,31160.0,39.0,64,5,0,Low Value,31160.0,No Response,35-44,Store,1,One Child,0.4,40.0,0.25,31-60 Days,Non-Responder
2392,1972,Graduation,Married,1,1,2013-07-29,59,44,4,21,6,0,27,2,3,0,3,7,0,0,0,0,0,0,0,Spain,40321.0,42.0,102,6,0,Low Value,40321.0,No Response,35-44,Web,2,Two or More Children,0.3333333333333333,33.33333333333333,0.42857142857142855,31-60 Days,Non-Responder
1920,1972,Graduation,Married,1,1,2013-07-29,59,44,4,21,6,0,27,2,3,0,3,7,0,0,0,0,0,0,0,Spain,40321.0,42.0,102,6,0,Low Value,40321.0,No Response,35-44,Web,2,Two or More Children,0.3333333333333333,33.33333333333333,0.42857142857142855,31-60 Days,Non-Responder
3673,1971,Graduation,Single,0,1,2013-07-14,59,371,17,238,23,24,106,3,7,5,11,5,0,0,0,0,0,0,0,Saudi Arabia,55239.0,43.0,779,23,0,Medium Value,55239.0,No Response,35-44,Store,1,One Child,0.13043478260869565,13.043478260869565,1.4,31-60 Days,Non-Responder
1453,1943,PhD,Widow,0,0,2013-07-06,59,735,40,183,52,20,30,2,9,3,13,6,0,0,0,0,0,0,0,Spain,57513.0,71.0,1060,25,0,High Value,57513.0,No Response,65+,Store,0,No Children,0.08,8.0,1.5,31-60 Days,Non-Responder
4518,1979,Graduation,Together,0,1,2013-04-20,59,386,172,183,185,132,111,2,9,5,11,5,0,0,0,0,0,0,0,Canada,85693.0,35.0,1169,25,0,High Value,85693.0,No Response,35-44,Store,1,One Child,0.08,8.0,1.8,31-60 Days,Non-Responder
8969,1977,Graduation,Married,0,1,2013-01-16,59,548,31,422,0,112,28,4,5,5,11,3,0,0,0,0,0,0,0,Saudi Arabia,71855.0,37.0,1141,21,0,High Value,71855.0,No Response,35-44,Store,1,One Child,0.19047619047619047,19.047619047619047,1.6666666666666667,31-60 Days,Non-Responder
387,1976,Basic,Married,0,0,2012-11-13,59,6,16,11,11,1,16,1,2,0,3,8,0,0,0,0,0,0,0,USA,7500.0,38.0,61,5,0,Low Value,7500.0,No Response,35-44,Store,0,No Children,0.2,20.0,0.25,31-60 Days,Non-Responder
1079,1971,PhD,Married,0,1,2012-10-16,59,1000,0,76,0,0,10,3,3,4,9,8,0,1,0,0,0,0,0,India,71969.0,43.0,1086,16,1,High Value,71969.0,Low Engagement,35-44,Store,1,One Child,0.1875,18.75,0.375,31-60 Days,Non-Responder
164,1977,PhD,Married,0,0,2012-10-13,59,206,0,46,3,2,12,2,5,1,5,8,0,0,0,0,0,0,0,Spain,28973.0,37.0,269,11,0,Medium Value,28973.0,No Response,35-44,Web,0,No Children,0.18181818181818182,18.181818181818183,0.625,31-60 Days,Non-Responder
3434,1951,Graduation,Single,0,0,2014-05-12,60,483,72,567,94,12,108,1,4,4,10,1,0,0,0,0,0,0,0,Spain,80872.0,63.0,1336,18,0,High Value,80872.0,No Response,55-64,Store,0,No Children,0.05555555555555555,5.555555555555555,4.0,31-60 Days,Non-Responder
5721,1956,PhD,Married,0,0,2014-05-11,60,611,76,749,59,45,26,1,7,10,6,2,0,0,1,0,0,0,0,Canada,84117.0,58.0,1566,23,1,High Value,84117.0,Low Engagement,55-64,Catalog,0,No Children,0.043478260869565216,4.3478260869565215,3.5,31-60 Days,Non-Responder
8418,1958,2n Cycle,Single,1,1,2014-03-30,60,7,10,17,8,6,13,2,2,0,3,7,0,0,0,0,0,0,0,Germany,38741.0,56.0,61,5,0,Low Value,38741.0,No Response,55-64,Store,2,Two or More Children,0.4,40.0,0.2857142857142857,31-60 Days,Non-Responder
5300,1973,Master,Married,1,0,2013-12-30,60,19,7,19,0,1,24,1,2,1,2,7,0,0,0,0,0,0,0,Spain,38961.0,41.0,70,5,0,Low Value,38961.0,No Response,35-44,Web,1,One Child,0.2,20.0,0.2857142857142857,31-60 Days,Non-Responder
10424,1968,Graduation,Single,0,0,2013-12-09,60,265,138,553,224,23,92,1,4,4,9,1,0,0,0,0,0,0,0,Saudi Arabia,75922.0,46.0,1295,17,0,High Value,75922.0,No Response,45-54,Store,0,No Children,0.058823529411764705,5.88235294117647,4.0,31-60 Days,Non-Responder
11171,1965,Master,Married,2,1,2013-10-11,60,292,3,77,10,3,26,7,6,3,5,7,0,0,0,0,0,0,0,Australia,56962.0,49.0,411,14,0,Medium Value,56962.0,No Response,45-54,Web,3,Two or More Children,0.5,50.0,0.8571428571428571,31-60 Days,Non-Responder
1600,1965,Master,Married,2,1,2013-10-11,60,292,3,77,10,3,26,7,6,3,5,7,0,0,0,0,0,0,0,Saudi Arabia,56962.0,49.0,411,14,0,Medium Value,56962.0,No Response,45-54,Web,3,Two or More Children,0.5,50.0,0.8571428571428571,31-60 Days,Non-Responder
7851,1949,Graduation,Widow,0,0,2013-09-22,60,161,0,253,199,191,122,1,3,7,11,1,0,0,0,0,0,0,0,Spain,70165.0,65.0,926,21,0,High Value,70165.0,No Response,65+,Store,0,No Children,0.047619047619047616,4.761904761904762,3.0,31-60 Days,Non-Responder
10701,1973,Graduation,Married,0,0,2013-09-11,60,713,0,264,120,80,34,1,7,8,12,4,0,0,1,1,0,0,0,USA,65308.0,41.0,1211,27,2,High Value,65308.0,Medium Engagement,35-44,Store,0,No Children,0.037037037037037035,3.7037037037037033,1.75,31-60 Days,Non-Responder
891,1951,Master,Together,1,1,2013-09-07,60,6,0,2,2,0,1,1,1,0,2,5,0,0,0,0,0,0,0,Spain,29298.0,63.0,11,3,0,Low Value,29298.0,No Response,55-64,Store,2,Two or More Children,0.3333333333333333,33.33333333333333,0.2,31-60 Days,Non-Responder
6912,1967,PhD,Married,0,2,2013-08-20,60,593,30,91,29,22,7,1,6,3,12,4,0,0,0,0,0,0,0,Spain,63246.0,47.0,772,21,0,Medium Value,63246.0,No Response,45-54,Store,2,Two or More Children,0.047619047619047616,4.761904761904762,1.5,31-60 Days,Non-Responder
5967,1952,Graduation,Together,1,1,2013-07-18,60,26,2,19,10,5,8,3,2,1,3,8,0,0,0,0,0,0,0,Germany,33402.0,62.0,70,6,0,Low Value,33402.0,No Response,55-64,Store,2,Two or More Children,0.5,50.0,0.25,31-60 Days,Non-Responder
2109,1990,Graduation,Single,0,0,2013-04-23,60,448,71,951,40,17,17,1,6,11,10,2,0,0,1,0,0,1,0,Spain,96843.0,24.0,1544,27,1,High Value,96843.0,Low Engagement,Under 25,Catalog,0,No Children,0.037037037037037035,3.7037037037037033,3.0,31-60 Days,Responder
6292,1986,PhD,Married,0,0,2013-03-30,60,1311,0,359,46,89,17,1,4,3,10,2,0,0,1,0,0,1,0,Germany,82333.0,28.0,1822,17,1,High Value,82333.0,Low Engagement,25-34,Store,0,No Children,0.058823529411764705,5.88235294117647,2.0,31-60 Days,Responder
8537,1949,Graduation,Widow,0,0,2013-02-27,60,526,80,553,123,94,53,1,3,10,7,2,0,0,0,1,0,1,0,Spain,72643.0,65.0,1429,20,1,High Value,72643.0,Low Engagement,65+,Catalog,0,No Children,0.05,5.0,1.5,31-60 Days,Responder
9576,1982,PhD,Together,1,0,2013-02-11,60,86,4,56,2,4,7,3,4,0,4,9,0,0,0,0,0,0,0,Spain,32313.0,32.0,159,8,0,Medium Value,32313.0,No Response,25-34,Web,1,One Child,0.375,37.5,0.4444444444444444,31-60 Days,Non-Responder
5935,1956,Master,Single,0,1,2012-12-24,60,547,7,140,0,7,63,3,7,5,8,5,0,0,0,0,0,0,0,India,55284.0,58.0,764,20,0,Medium Value,55284.0,No Response,55-64,Store,1,One Child,0.15,15.0,1.4,31-60 Days,Non-Responder
10264,1979,Graduation,Divorced,1,0,2012-10-10,60,1,2,8,4,3,13,2,1,1,2,7,1,0,0,0,0,1,0,Saudi Arabia,15287.0,35.0,31,4,1,Low Value,15287.0,Low Engagement,35-44,Store,1,One Child,0.5,50.0,0.14285714285714285,31-60 Days,Responder
234,1979,Graduation,Divorced,1,0,2012-10-10,60,1,2,8,4,3,13,2,1,1,2,7,1,0,0,0,0,1,0,Spain,15287.0,35.0,31,4,1,Low Value,15287.0,Low Engagement,35-44,Store,1,One Child,0.5,50.0,0.14285714285714285,31-60 Days,Responder
3202,1987,PhD,Married,0,0,2012-10-01,60,1166,0,48,0,0,36,1,4,4,10,8,0,1,1,0,0,0,0,Saudi Arabia,51563.0,27.0,1250,18,2,High Value,51563.0,Medium Engagement,25-34,Store,0,No Children,0.05555555555555555,5.555555555555555,0.5,31-60 Days,Non-Responder
1103,1976,Master,Married,1,0,2012-09-29,60,1486,55,278,49,0,185,2,4,4,10,6,1,0,1,0,0,1,0,Australia,81929.0,38.0,2053,18,2,High Value,81929.0,Medium Engagement,35-44,Store,1,One Child,0.1111111111111111,11.11111111111111,0.6666666666666666,31-60 Days,Responder
610,1953,PhD,Together,1,1,2012-08-07,60,349,4,78,6,0,43,8,7,2,6,8,0,0,0,0,0,0,0,Australia,53593.0,61.0,480,15,0,Medium Value,53593.0,No Response,55-64,Web,2,Two or More Children,0.5333333333333333,53.333333333333336,0.875,31-60 Days,Non-Responder
4480,1973,Master,Married,0,1,2014-03-09,61,365,3,15,4,3,11,5,7,2,5,6,0,0,0,0,0,0,0,Saudi Arabia,60432.0,41.0,401,14,0,Medium Value,60432.0,No Response,35-44,Web,1,One Child,0.35714285714285715,35.714285714285715,1.1666666666666667,61-90 Days,Non-Responder
10660,1957,Master,Married,1,1,2014-01-12,61,349,7,35,0,0,47,3,8,2,4,7,0,1,0,0,0,0,0,Spain,66726.0,57.0,438,14,1,Medium Value,66726.0,Low Engagement,55-64,Web,2,Two or More Children,0.21428571428571427,21.428571428571427,1.1428571428571428,61-90 Days,Non-Responder
9353,1959,Graduation,Single,0,1,2014-01-06,61,515,47,267,62,66,38,2,5,5,4,3,0,1,0,0,0,0,0,India,62450.0,55.0,995,14,1,High Value,62450.0,Low Engagement,55-64,Web,1,One Child,0.14285714285714285,14.285714285714285,1.6666666666666667,61-90 Days,Non-Responder
4120,1975,2n Cycle,Single,1,0,2013-12-17,61,88,39,78,58,13,93,2,6,1,4,7,0,0,0,0,0,0,0,India,49514.0,39.0,369,11,0,Medium Value,49514.0,No Response,35-44,Web,1,One Child,0.18181818181818182,18.181818181818183,0.8571428571428571,61-90 Days,Non-Responder
2836,1972,PhD,Married,1,0,2013-09-16,61,10,1,7,0,0,1,1,1,0,2,8,0,0,0,0,0,0,0,Germany,43269.0,42.0,19,3,0,Low Value,43269.0,No Response,35-44,Store,1,One Child,0.3333333333333333,33.33333333333333,0.125,61-90 Days,Non-Responder
9579,1959,PhD,Married,2,1,2013-07-07,61,53,1,34,2,0,16,3,2,2,2,8,0,0,0,0,0,0,0,Canada,33762.0,55.0,106,6,0,Low Value,33762.0,No Response,55-64,Web,3,Two or More Children,0.5,50.0,0.25,61-90 Days,Non-Responder
5841,1966,Graduation,Together,0,1,2013-06-28,61,606,7,155,10,0,54,5,10,3,8,7,0,0,0,0,0,0,0,Spain,60894.0,48.0,832,21,0,High Value,60894.0,No Response,45-54,Web,1,One Child,0.23809523809523808,23.809523809523807,1.4285714285714286,61-90 Days,Non-Responder
3174,1959,Graduation,Together,0,1,2013-05-22,61,1492,38,287,50,57,33,1,5,10,4,6,0,1,1,1,1,1,0,Spain,87771.0,55.0,1957,19,4,High Value,87771.0,High Engagement,55-64,Catalog,1,One Child,0.05263157894736842,5.263157894736842,0.8333333333333334,61-90 Days,Responder
5536,1959,Graduation,Together,0,1,2013-05-22,61,1492,38,287,50,57,33,1,5,10,4,6,0,1,1,1,1,1,0,Canada,87771.0,55.0,1957,19,4,High Value,87771.0,High Engagement,55-64,Catalog,1,One Child,0.05263157894736842,5.263157894736842,0.8333333333333334,61-90 Days,Responder
2061,1955,Graduation,Married,0,1,2013-05-11,61,78,0,11,0,0,10,1,2,0,4,6,0,1,0,0,0,0,0,Spain,50737.0,59.0,99,6,1,Low Value,50737.0,Low Engagement,55-64,Store,1,One Child,0.16666666666666666,16.666666666666664,0.3333333333333333,61-90 Days,Non-Responder
8477,1956,Graduation,Divorced,2,1,2013-03-11,61,5,1,13,3,5,1,1,1,0,3,7,0,0,0,0,0,0,0,Spain,26150.0,58.0,28,4,0,Low Value,26150.0,No Response,55-64,Store,3,Two or More Children,0.25,25.0,0.14285714285714285,61-90 Days,Non-Responder
640,1951,Graduation,Married,0,1,2013-03-11,61,356,80,329,138,17,106,2,7,6,10,5,0,0,0,0,0,0,0,Spain,57304.0,63.0,1026,23,0,High Value,57304.0,No Response,55-64,Store,1,One Child,0.08695652173913043,8.695652173913043,1.4,61-90 Days,Non-Responder
3828,1951,Graduation,Married,0,1,2013-02-17,61,533,10,217,198,174,195,2,7,6,13,4,0,0,0,0,0,0,0,Spain,71107.0,63.0,1327,26,0,High Value,71107.0,No Response,55-64,Store,1,One Child,0.07692307692307693,7.6923076923076925,1.75,61-90 Days,Non-Responder
4093,1975,Master,Together,1,1,2013-02-11,61,216,9,57,20,9,125,7,4,3,5,5,0,0,0,0,0,0,0,Canada,53253.0,39.0,436,12,0,Medium Value,53253.0,No Response,35-44,Store,2,Two or More Children,0.5833333333333334,58.333333333333336,0.8,61-90 Days,Non-Responder
8624,1958,Graduation,Married,0,0,2013-02-06,61,183,33,493,59,103,57,1,4,3,10,2,0,0,0,0,0,0,0,Saudi Arabia,81320.0,56.0,928,17,0,High Value,81320.0,No Response,55-64,Store,0,No Children,0.058823529411764705,5.88235294117647,2.0,61-90 Days,Non-Responder
2802,1992,2n Cycle,Married,0,0,2012-12-15,61,196,25,607,67,17,49,1,4,6,7,2,0,0,0,0,0,0,0,Australia,87000.0,22.0,961,17,0,High Value,87000.0,No Response,Under 25,Store,0,No Children,0.058823529411764705,5.88235294117647,2.0,61-90 Days,Non-Responder
368,1974,Graduation,Married,0,1,2012-11-29,61,91,65,52,10,44,28,3,3,2,6,5,0,0,0,0,0,0,0,India,40049.0,40.0,290,11,0,Medium Value,40049.0,No Response,35-44,Store,1,One Child,0.2727272727272727,27.27272727272727,0.6,61-90 Days,Non-Responder
3599,1970,Graduation,Married,0,1,2012-11-26,61,575,80,428,208,93,80,3,8,4,8,5,0,0,0,0,0,0,0,Spain,63684.0,44.0,1464,20,0,High Value,63684.0,No Response,35-44,Web,1,One Child,0.15,15.0,1.6,61-90 Days,Non-Responder
3389,1970,Graduation,Married,0,1,2012-11-22,61,726,53,363,123,107,161,4,8,9,13,5,0,0,0,0,0,0,0,Spain,69016.0,44.0,1533,30,0,High Value,69016.0,No Response,35-44,Store,1,One Child,0.13333333333333333,13.333333333333334,1.6,61-90 Days,Non-Responder
10710,1979,Graduation,Married,0,1,2012-08-29,61,5,2,3,3,0,5,1,1,0,2,8,0,0,0,0,0,0,0,Spain,7500.0,35.0,18,3,0,Low Value,7500.0,No Response,35-44,Store,1,One Child,0.3333333333333333,33.33333333333333,0.125,61-90 Days,Non-Responder
7118,1957,Graduation,Married,0,1,2012-08-01,61,833,80,363,52,26,174,2,9,5,6,6,1,0,0,0,0,1,0,Canada,73803.0,57.0,1528,20,1,High Value,73803.0,Low Engagement,55-64,Web,1,One Child,0.1,10.0,1.5,61-90 Days,Responder
4937,1973,2n Cycle,Married,1,1,2014-06-10,62,12,2,20,3,2,5,1,1,0,3,7,0,0,0,0,0,0,0,Spain,46094.0,41.0,44,4,0,Low Value,46094.0,No Response,35-44,Store,2,Two or More Children,0.25,25.0,0.14285714285714285,61-90 Days,Non-Responder
1127,1973,PhD,Married,0,0,2014-05-29,62,938,19,843,25,95,38,1,6,6,7,2,0,0,1,0,0,0,0,Spain,85844.0,41.0,1958,19,1,High Value,85844.0,Low Engagement,35-44,Store,0,No Children,0.05263157894736842,5.263157894736842,3.0,61-90 Days,Non-Responder
833,1955,Master,Married,1,1,2014-03-30,62,56,0,14,0,0,2,3,3,0,3,7,0,0,0,0,0,0,0,Spain,38452.0,59.0,72,6,0,Low Value,38452.0,No Response,55-64,Web,2,Two or More Children,0.5,50.0,0.42857142857142855,61-90 Days,Non-Responder
3565,1955,Master,Married,1,1,2014-03-30,62,56,0,14,0,0,2,3,3,0,3,7,0,0,0,0,0,0,0,Spain,38452.0,59.0,72,6,0,Low Value,38452.0,No Response,55-64,Web,2,Two or More Children,0.5,50.0,0.42857142857142855,61-90 Days,Non-Responder
6086,1955,Graduation,Married,0,0,2013-11-23,62,445,25,706,80,76,48,1,6,5,12,2,0,0,0,1,0,0,0,Australia,80395.0,59.0,1380,23,1,High Value,80395.0,Low Engagement,55-64,Store,0,No Children,0.043478260869565216,4.3478260869565215,3.0,61-90 Days,Non-Responder
1763,1988,Graduation,Together,0,0,2013-07-27,62,1259,172,815,97,148,33,1,7,11,10,4,1,0,1,1,0,1,0,Canada,87679.0,26.0,2524,28,3,High Value,87679.0,High Engagement,25-34,Catalog,0,No Children,0.03571428571428571,3.571428571428571,1.75,61-90 Days,Responder
4697,1949,Master,Divorced,0,0,2013-06-13,62,248,3,81,4,3,51,3,7,1,5,8,0,0,0,0,0,0,0,Saudi Arabia,35416.0,65.0,390,13,0,Medium Value,35416.0,No Response,65+,Web,0,No Children,0.23076923076923078,23.076923076923077,0.875,61-90 Days,Non-Responder
182,1946,PhD,Together,0,1,2013-05-11,62,284,0,55,0,6,52,4,6,2,5,8,0,0,0,0,0,0,0,Spain,44124.0,68.0,397,13,0,Medium Value,44124.0,No Response,65+,Web,1,One Child,0.3076923076923077,30.76923076923077,0.75,61-90 Days,Non-Responder
1165,1958,PhD,Single,1,1,2013-05-02,62,239,13,143,45,4,52,9,6,2,7,6,0,0,0,0,0,0,0,Saudi Arabia,50729.0,56.0,496,15,0,Medium Value,50729.0,No Response,55-64,Store,2,Two or More Children,0.6,60.0,1.0,61-90 Days,Non-Responder
5386,1953,Graduation,Together,0,0,2013-03-04,62,1111,24,790,160,45,172,0,5,8,5,2,0,1,1,1,0,1,0,Saudi Arabia,94384.0,61.0,2302,18,3,High Value,94384.0,High Engagement,55-64,Catalog,0,No Children,0.0,0.0,2.5,61-90 Days,Responder
6024,1953,Graduation,Together,0,0,2013-03-04,62,1111,24,790,160,45,172,0,5,8,5,2,0,1,1,1,0,1,0,Spain,94384.0,61.0,2302,18,3,High Value,94384.0,High Engagement,55-64,Catalog,0,No Children,0.0,0.0,2.5,61-90 Days,Responder
2678,1990,Graduation,Single,1,0,2013-02-13,62,52,12,50,4,36,55,3,5,0,3,9,0,0,0,0,0,0,0,Australia,34412.0,24.0,209,8,0,Medium Value,34412.0,No Response,Under 25,Web,1,One Child,0.375,37.5,0.5555555555555556,61-90 Days,Non-Responder
5790,1985,Graduation,Married,1,0,2013-01-27,62,25,6,16,20,0,5,2,2,0,3,8,0,0,0,0,0,0,0,Spain,31158.0,29.0,72,5,0,Low Value,31158.0,No Response,25-34,Store,1,One Child,0.4,40.0,0.25,61-90 Days,Non-Responder
236,1951,Graduation,Married,1,1,2013-01-19,62,28,23,29,29,14,47,3,2,1,4,6,0,0,0,0,0,0,0,Canada,34838.0,63.0,170,7,0,Medium Value,34838.0,No Response,55-64,Store,2,Two or More Children,0.42857142857142855,42.857142857142854,0.3333333333333333,61-90 Days,Non-Responder
6001,1979,Graduation,Married,0,1,2013-01-02,62,614,35,160,58,35,35,2,5,8,10,5,0,0,0,0,0,0,0,Spain,56775.0,35.0,937,23,0,High Value,56775.0,No Response,35-44,Store,1,One Child,0.08695652173913043,8.695652173913043,1.0,61-90 Days,Non-Responder
6250,1949,PhD,Widow,0,1,2012-11-19,62,710,15,30,20,0,0,3,11,2,8,8,0,0,0,0,0,1,0,Spain,54356.0,65.0,775,21,0,Medium Value,54356.0,No Response,65+,Web,1,One Child,0.14285714285714285,14.285714285714285,1.375,61-90 Days,Responder
1168,1978,PhD,Married,0,0,2012-10-29,62,322,53,899,34,40,53,1,4,6,10,2,0,0,0,0,0,0,0,Spain,72159.0,36.0,1401,20,0,High Value,72159.0,No Response,35-44,Store,0,No Children,0.05,5.0,2.0,61-90 Days,Non-Responder
10749,1991,Graduation,Single,0,0,2012-09-18,62,73,18,66,7,12,2,15,0,1,0,19,0,0,0,0,0,0,0,Spain,8028.0,23.0,178,1,0,Medium Value,8028.0,No Response,Under 25,Catalog,0,No Children,15.0,1500.0,0.0,61-90 Days,Non-Responder
2926,1952,Master,Together,0,1,2012-08-23,62,1241,0,80,0,13,40,3,3,6,11,8,0,1,0,0,1,0,0,Saudi Arabia,55951.0,62.0,1374,20,2,High Value,55951.0,Medium Engagement,55-64,Store,1,One Child,0.15,15.0,0.375,61-90 Days,Non-Responder
716,1949,PhD,Together,0,1,2014-05-22,63,529,0,356,63,28,0,3,6,7,11,3,0,0,0,0,0,0,0,Spain,67911.0,65.0,976,24,0,High Value,67911.0,No Response,65+,Store,1,One Child,0.125,12.5,2.0,61-90 Days,Non-Responder
6544,1949,PhD,Together,0,1,2014-05-22,63,529,0,356,63,28,0,3,6,7,11,3,0,0,0,0,0,0,0,Germany,67911.0,65.0,976,24,0,High Value,67911.0,No Response,65+,Store,1,One Child,0.125,12.5,2.0,61-90 Days,Non-Responder
4298,1973,PhD,Together,1,0,2014-03-24,63,5,0,4,0,0,1,1,1,0,2,8,0,0,0,0,0,0,0,Spain,20427.0,41.0,10,3,0,Low Value,20427.0,No Response,35-44,Store,1,One Child,0.3333333333333333,33.33333333333333,0.125,61-90 Days,Non-Responder
5823,1970,PhD,Single,0,1,2014-03-08,63,35,0,2,0,0,2,2,1,0,4,5,0,0,0,0,0,0,0,India,32303.0,44.0,39,5,0,Low Value,32303.0,No Response,35-44,Store,1,One Child,0.4,40.0,0.2,61-90 Days,Non-Responder
8375,1968,PhD,Married,0,1,2014-03-03,63,447,0,28,0,0,43,3,8,2,6,7,0,0,0,0,0,0,0,Australia,55954.0,46.0,518,16,0,Medium Value,55954.0,No Response,45-54,Web,1,One Child,0.1875,18.75,1.1428571428571428,61-90 Days,Non-Responder
5723,1976,PhD,Together,0,1,2014-01-11,63,81,1,31,2,1,0,1,1,1,5,2,0,0,0,0,0,0,0,Spain,49187.0,38.0,116,7,0,Medium Value,49187.0,No Response,35-44,Store,1,One Child,0.14285714285714285,14.285714285714285,0.5,61-90 Days,Non-Responder
5763,1972,Master,Together,1,0,2013-11-10,63,123,17,171,39,0,30,5,6,2,5,6,0,0,0,0,0,0,0,Canada,49854.0,42.0,380,13,0,Medium Value,49854.0,No Response,35-44,Web,1,One Child,0.38461538461538464,38.46153846153847,1.0,61-90 Days,Non-Responder
8727,1978,Graduation,Divorced,0,1,2013-10-14,63,587,43,337,42,87,54,3,11,6,9,6,0,0,0,0,0,0,0,Saudi Arabia,63693.0,36.0,1150,26,0,High Value,63693.0,No Response,35-44,Web,1,One Child,0.11538461538461539,11.538461538461538,1.8333333333333333,61-90 Days,Non-Responder
3056,1978,Graduation,Divorced,0,1,2013-10-14,63,587,43,337,42,87,54,3,11,6,9,6,0,0,0,0,0,0,0,Saudi Arabia,63693.0,36.0,1150,26,0,High Value,63693.0,No Response,35-44,Web,1,One Child,0.11538461538461539,11.538461538461538,1.8333333333333333,61-90 Days,Non-Responder
8442,1985,Master,Married,2,0,2013-09-04,63,9,0,7,3,4,7,2,1,0,3,7,0,0,0,0,0,0,0,Canada,19510.0,29.0,30,4,0,Low Value,19510.0,No Response,25-34,Store,2,Two or More Children,0.5,50.0,0.14285714285714285,61-90 Days,Non-Responder
3712,1959,Graduation,Divorced,0,0,2013-08-28,63,212,5,33,7,0,2,1,3,2,6,4,0,1,0,0,0,0,0,India,52332.0,55.0,259,11,1,Medium Value,52332.0,Low Engagement,55-64,Store,0,No Children,0.09090909090909091,9.090909090909092,0.75,61-90 Days,Non-Responder
10722,1973,Graduation,Together,0,1,2013-08-21,63,293,8,124,11,4,106,2,6,6,3,6,1,0,0,0,0,0,0,India,55593.0,41.0,546,15,1,Medium Value,55593.0,Low Engagement,35-44,Web,1,One Child,0.13333333333333333,13.333333333333334,1.0,61-90 Days,Non-Responder
2406,1949,Graduation,Together,0,1,2013-08-05,63,376,4,94,12,9,24,3,6,2,8,5,0,0,0,0,0,0,0,Australia,54591.0,65.0,519,16,0,Medium Value,54591.0,No Response,65+,Store,1,One Child,0.1875,18.75,1.2,61-90 Days,Non-Responder
7313,1949,2n Cycle,Widow,0,0,2013-06-03,63,570,73,614,133,102,73,1,6,5,11,3,0,0,0,1,0,0,0,Canada,74859.0,65.0,1565,22,1,High Value,74859.0,Low Engagement,65+,Store,0,No Children,0.045454545454545456,4.545454545454546,2.0,61-90 Days,Non-Responder
2656,1971,Graduation,Divorced,1,1,2013-02-21,63,23,1,7,0,4,24,1,1,1,2,7,0,0,0,0,0,0,0,Canada,40851.0,43.0,59,4,0,Low Value,40851.0,No Response,35-44,Store,2,Two or More Children,0.25,25.0,0.14285714285714285,61-90 Days,Non-Responder
1993,1949,PhD,Married,0,1,2012-12-23,63,867,0,86,0,0,19,3,2,3,9,8,0,1,0,0,0,0,0,USA,58607.0,65.0,972,14,1,High Value,58607.0,Low Engagement,65+,Store,1,One Child,0.21428571428571427,21.428571428571427,0.25,61-90 Days,Non-Responder
4136,1992,Basic,Single,1,0,2012-12-03,63,10,17,18,8,26,40,4,3,2,2,9,0,0,0,0,0,0,0,Spain,7500.0,22.0,119,7,0,Medium Value,7500.0,No Response,Under 25,Web,1,One Child,0.5714285714285714,57.14285714285714,0.3333333333333333,61-90 Days,Non-Responder
2928,1975,PhD,Single,0,1,2012-12-01,63,789,0,142,12,9,38,2,2,4,8,8,0,0,0,0,0,0,0,Spain,52614.0,39.0,990,14,0,High Value,52614.0,No Response,35-44,Store,1,One Child,0.14285714285714285,14.285714285714285,0.25,61-90 Days,Non-Responder
2920,1975,PhD,Single,0,1,2012-12-01,63,789,0,142,12,9,38,2,2,4,8,8,0,0,0,0,0,0,0,Mexico,52614.0,39.0,990,14,0,High Value,52614.0,No Response,35-44,Store,1,One Child,0.14285714285714285,14.285714285714285,0.25,61-90 Days,Non-Responder
6661,1974,Graduation,Married,0,1,2012-08-12,63,757,80,217,29,80,11,5,9,6,12,6,0,0,0,0,0,0,0,Spain,67445.0,40.0,1174,27,0,High Value,67445.0,No Response,35-44,Store,1,One Child,0.18518518518518517,18.51851851851852,1.5,61-90 Days,Non-Responder
5462,1974,Graduation,Married,0,1,2012-08-12,63,757,80,217,29,80,11,5,9,6,12,6,0,0,0,0,0,0,0,India,67445.0,40.0,1174,27,0,High Value,67445.0,No Response,35-44,Store,1,One Child,0.18518518518518517,18.51851851851852,1.5,61-90 Days,Non-Responder
10897,1974,Graduation,Married,0,1,2012-08-12,63,757,80,217,29,80,11,5,9,6,12,6,0,0,0,0,0,0,0,Australia,67445.0,40.0,1174,27,0,High Value,67445.0,No Response,35-44,Store,1,One Child,0.18518518518518517,18.51851851851852,1.5,61-90 Days,Non-Responder
10542,1968,PhD,Married,1,1,2012-08-05,63,29,4,34,2,4,4,3,3,0,3,9,0,0,0,0,0,0,0,Spain,36778.0,46.0,77,6,0,Low Value,36778.0,No Response,45-54,Web,2,Two or More Children,0.5,50.0,0.3333333333333333,61-90 Days,Non-Responder
5756,1983,Graduation,Together,1,0,2014-04-03,64,46,0,7,0,0,2,2,2,0,3,6,0,0,0,0,0,0,0,Spain,39453.0,31.0,55,5,0,Low Value,39453.0,No Response,25-34,Store,1,One Child,0.4,40.0,0.3333333333333333,61-90 Days,Non-Responder
3570,1969,PhD,Together,1,0,2013-10-21,64,159,2,51,6,2,24,3,4,1,5,5,0,0,0,0,0,0,0,Saudi Arabia,42731.0,45.0,244,10,0,Medium Value,42731.0,No Response,45-54,Store,1,One Child,0.3,30.0,0.8,61-90 Days,Non-Responder
1072,1965,PhD,Single,0,1,2013-08-30,64,70,0,17,0,0,6,2,2,1,3,6,0,0,0,0,0,0,0,Canada,40760.0,49.0,93,6,0,Low Value,40760.0,No Response,45-54,Store,1,One Child,0.3333333333333333,33.33333333333333,0.3333333333333333,61-90 Days,Non-Responder
9606,1965,PhD,Married,0,0,2013-08-27,64,882,29,514,38,29,44,1,4,2,6,3,0,0,1,1,0,1,0,Spain,69969.0,49.0,1536,12,2,High Value,69969.0,Medium Engagement,45-54,Store,0,No Children,0.08333333333333333,8.333333333333332,1.3333333333333333,61-90 Days,Responder
2730,1955,Graduation,Single,0,0,2013-08-20,64,536,11,387,149,91,57,1,3,4,10,1,0,0,0,0,0,0,0,Canada,80317.0,59.0,1231,17,0,High Value,80317.0,No Response,55-64,Store,0,No Children,0.058823529411764705,5.88235294117647,3.0,61-90 Days,Non-Responder
2995,1957,Master,Together,0,0,2013-08-17,64,291,10,689,84,10,0,1,3,4,9,1,0,0,0,0,0,0,0,Spain,66636.0,57.0,1084,16,0,High Value,66636.0,No Response,55-64,Store,0,No Children,0.0625,6.25,3.0,61-90 Days,Non-Responder
8210,1975,Master,Married,0,1,2013-08-15,64,318,3,17,4,7,56,5,4,1,8,4,0,0,0,0,0,0,0,Spain,54730.0,39.0,405,13,0,Medium Value,54730.0,No Response,35-44,Store,1,One Child,0.38461538461538464,38.46153846153847,1.0,61-90 Days,Non-Responder
773,1971,Master,Divorced,1,1,2013-06-30,64,379,4,93,12,9,98,7,6,6,4,6,0,0,0,0,0,0,0,India,42835.0,43.0,595,16,0,Medium Value,42835.0,No Response,35-44,Web,2,Two or More Children,0.4375,43.75,1.0,61-90 Days,Non-Responder
5272,1965,Master,Married,0,1,2013-06-27,64,378,0,88,19,4,73,4,8,5,3,7,0,0,0,0,0,0,0,Saudi Arabia,53843.0,49.0,562,16,0,Medium Value,53843.0,No Response,45-54,Web,1,One Child,0.25,25.0,1.1428571428571428,61-90 Days,Non-Responder
5125,1960,Graduation,Married,0,0,2013-05-17,64,333,0,815,129,42,29,1,4,10,11,2,0,0,0,0,0,0,0,Spain,79530.0,54.0,1348,25,0,High Value,79530.0,No Response,45-54,Store,0,No Children,0.04,4.0,2.0,61-90 Days,Non-Responder
4391,1968,Master,Divorced,0,1,2013-04-21,64,635,15,100,20,7,131,1,9,3,9,6,0,0,0,0,0,0,0,Saudi Arabia,63841.0,46.0,908,21,0,High Value,63841.0,No Response,45-54,Web,1,One Child,0.047619047619047616,4.761904761904762,1.5,61-90 Days,Non-Responder
6283,1968,Master,Divorced,0,1,2013-04-21,64,635,15,100,20,7,131,1,9,3,9,6,0,0,0,0,0,0,0,Spain,63841.0,46.0,908,21,0,High Value,63841.0,No Response,45-54,Web,1,One Child,0.047619047619047616,4.761904761904762,1.5,61-90 Days,Non-Responder
3421,1968,Master,Divorced,0,1,2013-04-21,64,635,15,100,20,7,131,1,9,3,9,6,0,0,0,0,0,0,0,Australia,63841.0,46.0,908,21,0,High Value,63841.0,No Response,45-54,Web,1,One Child,0.047619047619047616,4.761904761904762,1.5,61-90 Days,Non-Responder
5731,1983,Master,Married,1,0,2013-04-05,64,12,0,13,2,0,10,1,1,0,3,7,0,0,0,0,0,0,0,Spain,27100.0,31.0,37,4,0,Low Value,27100.0,No Response,25-34,Store,1,One Child,0.25,25.0,0.14285714285714285,61-90 Days,Non-Responder
7152,1983,Master,Married,1,0,2013-04-05,64,12,0,13,2,0,10,1,1,0,3,7,0,0,0,0,0,0,0,Germany,27100.0,31.0,37,4,0,Low Value,27100.0,No Response,25-34,Store,1,One Child,0.25,25.0,0.14285714285714285,61-90 Days,Non-Responder
3919,1976,Master,Single,0,0,2013-03-11,64,960,0,883,50,38,0,1,5,6,8,3,0,0,0,1,0,1,0,Canada,72309.0,38.0,1931,19,1,High Value,72309.0,Low Engagement,35-44,Store,0,No Children,0.05263157894736842,5.263157894736842,1.6666666666666667,61-90 Days,Responder
6097,1959,Graduation,Single,1,1,2013-01-16,64,313,8,104,6,4,126,9,8,1,6,9,0,0,0,0,0,0,0,Saudi Arabia,50664.0,55.0,561,15,0,Medium Value,50664.0,No Response,55-64,Web,2,Two or More Children,0.6,60.0,0.8888888888888888,61-90 Days,Non-Responder
5150,1979,Basic,Single,1,0,2012-12-17,64,0,4,7,11,10,15,2,2,0,3,6,0,0,0,0,0,0,0,Spain,20194.0,35.0,47,5,0,Low Value,20194.0,No Response,35-44,Store,1,One Child,0.4,40.0,0.3333333333333333,61-90 Days,Non-Responder
10479,1975,PhD,Married,0,0,2012-12-07,64,749,40,294,121,160,147,1,3,2,5,1,0,0,0,0,0,0,0,Australia,76618.0,39.0,1511,10,0,High Value,76618.0,No Response,35-44,Store,0,No Children,0.1,10.0,3.0,61-90 Days,Non-Responder
5966,1974,PhD,Married,1,1,2012-11-10,64,203,0,10,0,0,2,5,3,1,6,6,0,1,0,0,0,0,0,Spain,45207.0,40.0,215,10,1,Medium Value,45207.0,Low Engagement,35-44,Store,2,Two or More Children,0.5,50.0,0.5,61-90 Days,Non-Responder
3439,1972,Graduation,Married,1,1,2012-10-31,64,157,6,39,6,13,75,5,4,1,5,6,0,0,0,0,0,0,0,Spain,56721.0,42.0,296,10,0,Medium Value,56721.0,No Response,35-44,Store,2,Two or More Children,0.5,50.0,0.6666666666666666,61-90 Days,Non-Responder
6609,1966,Graduation,Widow,0,0,2012-09-18,64,1,26,25,17,23,15,1,3,0,3,9,0,0,0,0,0,1,0,Saudi Arabia,27038.0,48.0,107,6,0,Low Value,27038.0,No Response,45-54,Web,0,No Children,0.16666666666666666,16.666666666666664,0.3333333333333333,61-90 Days,Responder
5393,1977,Graduation,Single,1,0,2012-08-07,64,22,0,6,6,2,6,1,1,0,3,7,0,0,0,0,0,0,0,Spain,23763.0,37.0,42,4,0,Low Value,23763.0,No Response,35-44,Store,1,One Child,0.25,25.0,0.14285714285714285,61-90 Days,Non-Responder
9014,1975,Graduation,Married,1,1,2014-06-26,65,39,1,16,2,0,3,4,3,0,3,8,0,0,0,0,0,0,0,India,37085.0,39.0,61,6,0,Low Value,37085.0,No Response,35-44,Web,2,Two or More Children,0.6666666666666666,66.66666666666666,0.375,61-90 Days,Non-Responder
4050,1966,Master,Married,0,0,2014-06-21,65,42,16,29,12,20,8,1,2,1,4,3,0,0,0,0,0,0,0,Canada,49605.0,48.0,127,7,0,Medium Value,49605.0,No Response,45-54,Store,0,No Children,0.14285714285714285,14.285714285714285,0.6666666666666666,61-90 Days,Non-Responder
6862,1971,Graduation,Divorced,0,0,2014-05-18,65,1,1,3,1,1,1,15,0,0,0,20,0,0,0,0,0,0,0,Spain,1730.0,43.0,8,0,0,Low Value,1730.0,No Response,35-44,Web,0,No Children,0.0,0.0,0.0,61-90 Days,Non-Responder
8315,1995,Graduation,Single,0,0,2014-03-26,65,4,2,11,2,0,4,1,1,0,2,6,0,0,0,0,0,0,0,USA,34824.0,19.0,23,3,0,Low Value,34824.0,No Response,Under 25,Store,0,No Children,0.3333333333333333,33.33333333333333,0.16666666666666666,61-90 Days,Non-Responder
5184,1995,Graduation,Single,0,0,2014-03-26,65,4,2,11,2,0,4,1,1,0,2,6,0,0,0,0,0,0,0,Spain,34824.0,19.0,23,3,0,Low Value,34824.0,No Response,Under 25,Store,0,No Children,0.3333333333333333,33.33333333333333,0.16666666666666666,61-90 Days,Non-Responder
3643,1974,Master,Married,0,0,2014-03-20,65,750,8,125,11,8,26,1,4,3,6,2,0,0,1,0,0,0,0,Canada,63206.0,40.0,928,13,1,High Value,63206.0,Low Engagement,35-44,Store,0,No Children,0.07692307692307693,7.6923076923076925,2.0,61-90 Days,Non-Responder
2589,1972,Graduation,Divorced,1,0,2014-02-07,65,25,3,16,8,5,2,2,2,1,3,6,0,0,0,0,0,0,0,Australia,26759.0,42.0,59,6,0,Low Value,26759.0,No Response,35-44,Store,1,One Child,0.3333333333333333,33.33333333333333,0.3333333333333333,61-90 Days,Non-Responder
4887,1976,PhD,Divorced,1,1,2013-11-22,65,10,5,28,11,1,8,1,2,0,3,5,0,0,0,0,0,0,0,Canada,55412.0,38.0,63,5,0,Low Value,55412.0,No Response,35-44,Store,2,Two or More Children,0.2,20.0,0.4,61-90 Days,Non-Responder
10104,1974,Graduation,Together,2,1,2013-11-03,65,4,0,2,0,0,2,1,1,0,2,7,0,0,0,0,0,0,0,Canada,33590.0,40.0,8,3,0,Low Value,33590.0,No Response,35-44,Store,3,Two or More Children,0.3333333333333333,33.33333333333333,0.14285714285714285,61-90 Days,Non-Responder
3254,1971,Graduation,Married,1,0,2013-10-14,65,407,70,239,103,88,53,1,5,4,4,2,0,0,0,0,0,0,0,Spain,70886.0,43.0,960,13,0,High Value,70886.0,No Response,35-44,Web,1,One Child,0.07692307692307693,7.6923076923076925,2.5,61-90 Days,Non-Responder
2004,1969,Graduation,Single,0,1,2013-09-18,65,619,54,260,127,54,54,1,4,7,5,1,0,0,0,0,0,0,0,Spain,72679.0,45.0,1168,16,0,High Value,72679.0,No Response,45-54,Catalog,1,One Child,0.0625,6.25,4.0,61-90 Days,Non-Responder
6142,1943,Master,Married,0,0,2013-08-20,65,629,17,177,69,0,8,1,5,3,5,2,0,0,0,0,0,0,1,Spain,65073.0,71.0,900,13,0,High Value,65073.0,No Response,65+,Web,0,No Children,0.07692307692307693,7.6923076923076925,2.5,61-90 Days,Non-Responder
8553,1965,Graduation,Married,1,1,2013-06-23,65,30,0,9,0,0,3,2,1,0,3,6,0,0,0,0,0,0,0,Spain,44300.0,49.0,42,4,0,Low Value,44300.0,No Response,45-54,Store,2,Two or More Children,0.5,50.0,0.16666666666666666,61-90 Days,Non-Responder
9805,1953,Master,Together,0,1,2013-06-20,65,320,48,133,39,72,48,4,6,2,10,4,0,0,0,0,0,0,0,Canada,56129.0,61.0,660,18,0,Medium Value,56129.0,No Response,55-64,Store,1,One Child,0.2222222222222222,22.22222222222222,1.5,61-90 Days,Non-Responder
849,1953,Master,Together,0,1,2013-06-20,65,320,48,133,39,72,48,4,6,2,10,4,0,0,0,0,0,0,0,Spain,56129.0,61.0,660,18,0,Medium Value,56129.0,No Response,55-64,Store,1,One Child,0.2222222222222222,22.22222222222222,1.5,61-90 Days,Non-Responder
1606,1971,Graduation,Together,1,0,2013-05-15,65,3,1,8,4,3,3,1,1,0,2,8,0,0,0,0,0,0,0,Saudi Arabia,38590.0,43.0,22,3,0,Low Value,38590.0,No Response,35-44,Store,1,One Child,0.3333333333333333,33.33333333333333,0.125,61-90 Days,Non-Responder
125,1958,2n Cycle,Together,1,1,2013-05-15,65,215,7,33,3,0,13,6,5,1,5,7,0,1,0,0,0,0,0,India,53083.0,56.0,271,11,1,Medium Value,53083.0,Low Engagement,55-64,Web,2,Two or More Children,0.5454545454545454,54.54545454545454,0.7142857142857143,61-90 Days,Non-Responder
9305,1976,2n Cycle,Single,0,0,2013-05-12,65,311,26,640,180,37,121,1,4,9,13,2,0,0,0,0,0,0,0,Spain,79689.0,38.0,1315,26,0,High Value,79689.0,No Response,35-44,Store,0,No Children,0.038461538461538464,3.8461538461538463,2.0,61-90 Days,Non-Responder
4706,1966,Graduation,Single,0,1,2013-04-27,65,29,0,5,0,1,5,1,1,0,3,5,0,0,0,0,0,0,0,Canada,34704.0,48.0,40,4,0,Low Value,34704.0,No Response,45-54,Store,1,One Child,0.25,25.0,0.2,61-90 Days,Non-Responder
4437,1962,Graduation,Married,1,1,2013-04-24,65,112,6,92,3,9,38,2,3,2,5,4,0,0,0,0,0,0,0,Spain,65316.0,52.0,260,10,0,Medium Value,65316.0,No Response,45-54,Store,2,Two or More Children,0.2,20.0,0.75,61-90 Days,Non-Responder
3081,1978,PhD,Married,1,0,2013-04-22,65,7,2,6,2,0,3,1,1,0,2,7,0,0,0,0,0,0,0,Spain,41014.0,36.0,20,3,0,Low Value,41014.0,No Response,35-44,Store,1,One Child,0.3333333333333333,33.33333333333333,0.14285714285714285,61-90 Days,Non-Responder
3536,1960,Graduation,Together,0,1,2013-03-24,65,7,11,3,10,4,20,2,1,1,3,5,0,0,0,0,0,0,0,India,19740.0,54.0,55,5,0,Low Value,19740.0,No Response,45-54,Store,1,One Child,0.4,40.0,0.2,61-90 Days,Non-Responder
8686,1979,Basic,Together,1,0,2013-01-08,65,5,23,15,0,18,14,2,2,0,3,8,0,0,0,0,0,0,0,Spain,23724.0,35.0,75,5,0,Low Value,23724.0,No Response,35-44,Store,1,One Child,0.4,40.0,0.25,61-90 Days,Non-Responder
9707,1969,PhD,Married,0,1,2012-11-23,65,1103,0,45,0,0,34,3,4,2,11,8,0,1,0,0,1,0,0,Spain,55212.0,45.0,1182,17,2,High Value,55212.0,Medium Engagement,45-54,Store,1,One Child,0.17647058823529413,17.647058823529413,0.5,61-90 Days,Non-Responder
10872,1969,PhD,Married,0,1,2012-11-23,65,1103,0,45,0,0,34,3,4,2,11,8,0,1,0,0,1,0,0,Spain,55212.0,45.0,1182,17,2,High Value,55212.0,Medium Engagement,45-54,Store,1,One Child,0.17647058823529413,17.647058823529413,0.5,61-90 Days,Non-Responder
9058,1955,Graduation,Widow,0,0,2012-09-23,65,1060,21,530,32,0,224,1,5,11,5,3,1,0,1,1,0,1,0,Spain,79800.0,59.0,1867,21,3,High Value,79800.0,High Engagement,55-64,Catalog,0,No Children,0.047619047619047616,4.761904761904762,1.6666666666666667,61-90 Days,Responder
4640,1967,Graduation,Divorced,0,1,2012-09-21,65,561,85,171,25,123,114,2,4,7,13,2,0,0,0,0,0,0,0,Saudi Arabia,70647.0,47.0,1079,24,0,High Value,70647.0,No Response,45-54,Store,1,One Child,0.08333333333333333,8.333333333333332,2.0,61-90 Days,Non-Responder
2525,1974,PhD,Married,0,0,2012-09-14,65,153,64,123,116,64,14,2,5,2,9,6,0,0,0,0,0,1,0,Canada,38410.0,40.0,534,16,0,Medium Value,38410.0,No Response,35-44,Store,0,No Children,0.125,12.5,0.8333333333333334,61-90 Days,Responder
9503,1980,Graduation,Single,0,0,2012-08-29,65,39,33,130,41,26,44,2,5,1,5,8,0,0,0,0,0,0,0,Spain,28071.0,34.0,313,11,0,Medium Value,28071.0,No Response,25-34,Web,0,No Children,0.18181818181818182,18.181818181818183,0.625,61-90 Days,Non-Responder
10704,1969,Graduation,Single,0,1,2012-08-21,65,404,0,92,28,27,142,2,6,2,9,4,0,0,0,0,0,0,0,Spain,54803.0,45.0,693,17,0,Medium Value,54803.0,No Response,45-54,Store,1,One Child,0.11764705882352941,11.76470588235294,1.5,61-90 Days,Non-Responder
2669,1993,Graduation,Single,0,0,2014-05-04,66,375,152,335,93,91,81,1,5,4,6,2,0,0,0,0,0,0,0,Spain,74293.0,21.0,1127,15,0,High Value,74293.0,No Response,Under 25,Store,0,No Children,0.06666666666666667,6.666666666666667,2.5,61-90 Days,Non-Responder
10037,1993,Graduation,Single,0,0,2014-05-04,66,375,152,335,93,91,81,1,5,4,6,2,0,0,0,0,0,0,0,Saudi Arabia,74293.0,21.0,1127,15,0,High Value,74293.0,No Response,Under 25,Store,0,No Children,0.06666666666666667,6.666666666666667,2.5,61-90 Days,Non-Responder
5680,1984,2n Cycle,Married,1,0,2014-04-22,66,10,4,7,0,6,3,1,1,0,3,6,0,0,0,0,0,0,0,Spain,35684.0,30.0,30,4,0,Low Value,35684.0,No Response,25-34,Store,1,One Child,0.25,25.0,0.16666666666666666,61-90 Days,Non-Responder
3726,1986,PhD,Together,1,0,2014-02-16,66,4,1,9,3,0,0,1,1,0,2,8,0,0,0,0,0,0,0,Saudi Arabia,34320.0,28.0,17,3,0,Low Value,34320.0,No Response,25-34,Store,1,One Child,0.3333333333333333,33.33333333333333,0.125,61-90 Days,Non-Responder
4548,1981,Graduation,Single,1,1,2013-11-23,66,23,4,10,0,2,15,1,1,0,3,4,0,0,0,0,0,0,0,Canada,41967.0,33.0,54,4,0,Low Value,41967.0,No Response,25-34,Store,2,Two or More Children,0.25,25.0,0.25,61-90 Days,Non-Responder
4599,1976,Master,Married,0,2,2013-11-04,66,411,0,26,0,0,21,6,7,1,7,7,0,0,0,0,0,0,0,Canada,49681.0,38.0,458,15,0,Medium Value,49681.0,No Response,35-44,Web,2,Two or More Children,0.4,40.0,1.0,61-90 Days,Non-Responder
879,1976,Master,Married,0,2,2013-11-04,66,411,0,26,0,0,21,6,7,1,7,7,0,0,0,0,0,0,0,Saudi Arabia,49681.0,38.0,458,15,0,Medium Value,49681.0,No Response,35-44,Web,2,Two or More Children,0.4,40.0,1.0,61-90 Days,Non-Responder
7409,1970,Graduation,Together,1,0,2013-10-26,66,211,2,30,7,7,10,2,4,1,6,5,0,0,0,0,0,0,0,Spain,53187.0,44.0,267,11,0,Medium Value,53187.0,No Response,35-44,Store,1,One Child,0.18181818181818182,18.181818181818183,0.8,61-90 Days,Non-Responder
1964,1951,Graduation,Together,0,0,2013-09-05,66,446,107,768,33,196,53,1,5,6,6,2,0,0,0,0,0,0,0,Spain,86610.0,63.0,1603,17,0,High Value,86610.0,No Response,55-64,Catalog,0,No Children,0.058823529411764705,5.88235294117647,2.5,61-90 Days,Non-Responder
0,1985,Graduation,Married,0,0,2013-05-04,66,239,10,554,254,87,54,1,3,4,9,1,0,0,0,0,0,0,0,Saudi Arabia,70951.0,29.0,1198,16,0,High Value,70951.0,No Response,25-34,Store,0,No Children,0.0625,6.25,3.0,61-90 Days,Non-Responder
4860,1970,Graduation,Single,1,0,2013-03-08,66,7,2,8,3,2,3,1,1,0,3,6,0,0,0,0,0,0,0,Spain,24206.0,44.0,25,4,0,Low Value,24206.0,No Response,35-44,Store,1,One Child,0.25,25.0,0.16666666666666666,61-90 Days,Non-Responder
425,1985,Graduation,Married,2,0,2013-02-19,66,374,64,116,84,25,64,3,6,2,11,5,0,0,0,0,0,0,0,India,55357.0,29.0,727,19,0,Medium Value,55357.0,No Response,25-34,Store,2,Two or More Children,0.15789473684210525,15.789473684210526,1.2,61-90 Days,Non-Responder
9500,1959,Graduation,Married,0,1,2013-01-25,66,221,104,169,102,78,84,3,9,2,8,7,0,0,0,0,0,0,1,Spain,58113.0,55.0,758,19,0,Medium Value,58113.0,No Response,55-64,Web,1,One Child,0.15789473684210525,15.789473684210526,1.2857142857142858,61-90 Days,Non-Responder
3074,1984,PhD,Married,0,0,2012-10-15,66,1218,107,304,23,143,33,1,5,8,4,6,0,0,0,0,0,1,0,Spain,70643.0,30.0,1828,17,0,High Value,70643.0,No Response,25-34,Catalog,0,No Children,0.058823529411764705,5.88235294117647,0.8333333333333334,61-90 Days,Responder
5140,1985,PhD,Married,1,0,2012-08-24,66,1047,0,140,67,38,153,2,4,3,12,8,0,0,0,0,0,0,0,Spain,64355.0,29.0,1445,19,0,High Value,64355.0,No Response,25-34,Store,1,One Child,0.10526315789473684,10.526315789473683,0.5,61-90 Days,Non-Responder
2611,1959,Master,Together,0,0,2012-08-01,66,1206,55,445,168,18,18,1,2,4,12,1,0,0,1,0,0,0,0,Saudi Arabia,82576.0,55.0,1910,18,1,High Value,82576.0,Low Engagement,55-64,Store,0,No Children,0.05555555555555555,5.555555555555555,2.0,61-90 Days,Non-Responder
916,1972,PhD,Single,1,1,2014-05-09,67,20,3,4,2,0,2,2,1,0,3,3,0,0,0,0,0,0,0,Spain,41644.0,42.0,31,4,0,Low Value,41644.0,No Response,35-44,Store,2,Two or More Children,0.5,50.0,0.3333333333333333,61-90 Days,Non-Responder
10413,1984,Graduation,Married,0,0,2014-04-25,67,274,83,216,151,141,224,1,4,6,12,1,0,0,0,0,0,0,0,Spain,72570.0,30.0,1089,22,0,High Value,72570.0,No Response,25-34,Store,0,No Children,0.045454545454545456,4.545454545454546,4.0,61-90 Days,Non-Responder
3696,1965,Graduation,Divorced,1,1,2014-01-27,67,27,1,12,2,0,10,2,2,0,3,7,0,0,0,0,0,0,0,Spain,30630.0,49.0,52,5,0,Low Value,30630.0,No Response,45-54,Store,2,Two or More Children,0.4,40.0,0.2857142857142857,61-90 Days,Non-Responder
304,1981,Master,Single,1,0,2013-12-23,67,19,3,19,4,5,26,3,3,0,3,7,0,0,0,0,0,0,0,Spain,22944.0,33.0,76,6,0,Low Value,22944.0,No Response,25-34,Web,1,One Child,0.5,50.0,0.42857142857142855,61-90 Days,Non-Responder
5113,1971,PhD,Divorced,0,0,2013-11-07,67,584,100,835,65,83,35,1,5,5,5,2,1,0,0,0,0,1,0,Spain,86979.0,43.0,1702,15,1,High Value,86979.0,Low Engagement,35-44,Web,0,No Children,0.06666666666666667,6.666666666666667,2.5,61-90 Days,Responder
2863,1970,Graduation,Single,1,2,2013-08-23,67,738,20,172,52,50,20,6,2,3,10,7,0,1,0,1,0,0,0,Spain,51381.5,44.0,1052,15,2,High Value,51381.5,Medium Engagement,35-44,Store,3,Two or More Children,0.4,40.0,0.2857142857142857,61-90 Days,Non-Responder
4597,1970,PhD,Together,0,0,2013-07-02,67,889,55,685,168,92,129,1,3,2,13,1,0,0,0,0,0,0,0,Saudi Arabia,82072.0,44.0,2018,18,0,High Value,82072.0,No Response,35-44,Store,0,No Children,0.05555555555555555,5.555555555555555,3.0,61-90 Days,Non-Responder
675,1973,Master,Divorced,1,1,2013-05-17,67,146,0,93,7,13,73,5,4,2,5,7,0,0,0,0,0,0,0,Spain,52034.0,41.0,332,11,0,Medium Value,52034.0,No Response,35-44,Store,2,Two or More Children,0.45454545454545453,45.45454545454545,0.5714285714285714,61-90 Days,Non-Responder
4483,1993,Graduation,Single,0,0,2013-04-17,67,315,26,473,220,12,182,1,2,10,6,1,0,0,0,0,0,0,0,Saudi Arabia,72354.0,21.0,1228,18,0,High Value,72354.0,No Response,Under 25,Catalog,0,No Children,0.05555555555555555,5.555555555555555,2.0,61-90 Days,Non-Responder
1502,1983,Graduation,Together,1,0,2013-03-21,67,18,3,19,3,3,6,2,2,0,3,8,0,0,0,0,0,0,0,Spain,28427.0,31.0,52,5,0,Low Value,28427.0,No Response,25-34,Store,1,One Child,0.4,40.0,0.25,61-90 Days,Non-Responder
736,1983,Graduation,Together,1,0,2013-03-21,67,18,3,19,3,3,6,2,2,0,3,8,0,0,0,0,0,0,0,India,28427.0,31.0,52,5,0,Low Value,28427.0,No Response,25-34,Store,1,One Child,0.4,40.0,0.25,61-90 Days,Non-Responder
4487,1969,Master,Single,1,0,2013-01-24,67,15,20,25,2,7,26,1,2,0,4,6,0,0,0,0,0,1,0,Saudi Arabia,39858.0,45.0,95,6,0,Low Value,39858.0,No Response,45-54,Store,1,One Child,0.16666666666666666,16.666666666666664,0.3333333333333333,61-90 Days,Responder
3412,1951,Master,Married,0,1,2013-01-15,67,815,8,53,11,0,70,4,2,2,9,7,0,1,0,0,0,0,0,Spain,67381.0,63.0,957,13,1,High Value,67381.0,Low Engagement,55-64,Store,1,One Child,0.3076923076923077,30.76923076923077,0.2857142857142857,61-90 Days,Non-Responder
1744,1965,Basic,Single,0,1,2013-01-07,67,9,7,13,3,2,20,1,1,1,2,6,0,0,0,0,0,0,0,Spain,23529.0,49.0,54,4,0,Low Value,23529.0,No Response,45-54,Store,1,One Child,0.25,25.0,0.16666666666666666,61-90 Days,Non-Responder
5837,1967,Graduation,Married,1,1,2012-12-28,67,247,8,160,6,8,65,7,6,3,6,7,0,0,0,0,0,0,0,Spain,51479.0,47.0,494,15,0,Medium Value,51479.0,No Response,45-54,Web,2,Two or More Children,0.4666666666666667,46.666666666666664,0.8571428571428571,61-90 Days,Non-Responder
3422,1975,Graduation,Married,0,1,2012-11-29,67,1115,12,128,33,12,76,1,2,3,4,6,0,1,0,0,1,0,0,Germany,76068.0,39.0,1376,9,2,High Value,76068.0,Medium Engagement,35-44,Store,1,One Child,0.1111111111111111,11.11111111111111,0.3333333333333333,61-90 Days,Non-Responder
7462,1954,Graduation,Single,0,0,2012-11-24,67,68,0,226,51,157,68,3,10,2,4,9,0,0,0,0,0,0,0,Canada,22507.0,60.0,570,16,0,Medium Value,22507.0,No Response,55-64,Web,0,No Children,0.1875,18.75,1.1111111111111112,61-90 Days,Non-Responder
10702,1984,Graduation,Single,1,0,2012-11-03,67,185,8,133,56,56,12,2,7,1,7,7,0,0,0,0,0,0,0,Spain,52413.0,30.0,450,15,0,Medium Value,52413.0,No Response,25-34,Web,1,One Child,0.13333333333333333,13.333333333333334,1.0,61-90 Days,Non-Responder
2115,1957,Graduation,Together,1,1,2014-06-20,68,54,0,10,0,0,2,2,1,0,4,5,0,1,0,0,0,0,0,Germany,50116.0,57.0,66,5,1,Low Value,50116.0,Low Engagement,55-64,Store,2,Two or More Children,0.4,40.0,0.2,61-90 Days,Non-Responder
4138,1962,Graduation,Single,0,1,2014-05-24,68,411,106,147,54,115,66,1,5,10,7,1,1,0,0,0,0,0,0,Spain,76624.0,52.0,899,22,1,High Value,76624.0,Low Engagement,45-54,Catalog,1,One Child,0.045454545454545456,4.545454545454546,5.0,61-90 Days,Non-Responder
11091,1953,Graduation,Together,1,1,2014-05-16,68,7,2,9,2,0,2,2,1,0,3,4,0,0,0,0,0,0,0,Germany,34587.0,61.0,22,4,0,Low Value,34587.0,No Response,55-64,Store,2,Two or More Children,0.5,50.0,0.25,61-90 Days,Non-Responder
7712,1946,PhD,Single,0,0,2014-04-28,68,182,17,259,77,70,29,1,6,2,10,4,0,0,0,0,0,0,0,USA,62159.0,68.0,634,18,0,Medium Value,62159.0,No Response,65+,Store,0,No Children,0.05555555555555555,5.555555555555555,1.5,61-90 Days,Non-Responder
3535,1965,Graduation,Single,0,0,2014-03-17,68,251,108,334,65,92,117,1,4,3,5,2,0,0,0,0,0,0,0,Spain,66294.0,49.0,967,12,0,High Value,66294.0,No Response,45-54,Store,0,No Children,0.08333333333333333,8.333333333333332,2.0,61-90 Days,Non-Responder
5899,1950,PhD,Together,1,1,2014-03-13,68,28,0,6,1,1,13,1,1,0,0,20,1,0,0,0,0,0,0,USA,5648.0,64.0,49,1,1,Low Value,5648.0,Low Engagement,55-64,Web,2,Two or More Children,1.0,100.0,0.05,61-90 Days,Non-Responder
8749,1984,Graduation,Together,1,0,2014-02-01,68,20,2,9,4,6,20,1,1,1,2,4,0,0,0,0,0,0,0,Spain,37235.0,30.0,61,4,0,Low Value,37235.0,No Response,25-34,Store,1,One Child,0.25,25.0,0.25,61-90 Days,Non-Responder
10955,1964,Graduation,Widow,0,0,2014-01-07,68,416,46,925,60,107,46,1,3,6,4,1,0,0,0,0,0,1,0,Spain,85620.0,50.0,1600,13,0,High Value,85620.0,No Response,45-54,Catalog,0,No Children,0.07692307692307693,7.6923076923076925,3.0,61-90 Days,Responder
9491,1984,Graduation,Together,1,0,2013-12-27,68,14,1,21,2,3,25,3,3,1,3,7,0,0,0,0,0,0,0,Saudi Arabia,23976.0,30.0,66,7,0,Low Value,23976.0,No Response,25-34,Web,1,One Child,0.42857142857142855,42.857142857142854,0.42857142857142855,61-90 Days,Non-Responder
5286,1987,Master,Single,0,0,2013-10-28,68,112,1,54,7,7,36,1,3,2,4,3,0,0,0,0,0,0,0,Canada,41020.0,27.0,217,9,0,Medium Value,41020.0,No Response,25-34,Store,0,No Children,0.1111111111111111,11.11111111111111,1.0,61-90 Days,Non-Responder
3409,1984,Graduation,Single,1,0,2013-10-15,68,141,8,129,3,11,47,3,7,1,4,9,1,0,0,0,0,0,0,Saudi Arabia,36108.0,30.0,339,12,1,Medium Value,36108.0,Low Engagement,25-34,Web,1,One Child,0.25,25.0,0.7777777777777778,61-90 Days,Non-Responder
2544,1951,Master,Divorced,0,1,2013-10-12,68,50,1,27,6,7,1,1,1,1,4,1,0,0,0,0,0,0,0,India,57530.0,63.0,92,6,0,Low Value,57530.0,No Response,55-64,Store,1,One Child,0.16666666666666666,16.666666666666664,1.0,61-90 Days,Non-Responder
2118,1964,2n Cycle,Married,0,1,2013-09-10,68,166,75,96,119,107,59,3,7,2,8,4,0,0,0,0,0,0,0,Spain,62905.0,50.0,622,17,0,Medium Value,62905.0,No Response,45-54,Store,1,One Child,0.17647058823529413,17.647058823529413,1.75,61-90 Days,Non-Responder
9370,1945,PhD,Married,0,0,2013-05-17,68,562,81,276,80,40,81,1,6,3,6,4,0,0,0,0,0,0,0,Canada,65846.0,69.0,1120,15,0,High Value,65846.0,No Response,65+,Web,0,No Children,0.06666666666666667,6.666666666666667,1.5,61-90 Days,Non-Responder
4864,1977,Graduation,Married,1,0,2013-05-02,68,72,7,58,13,1,24,4,4,1,3,8,0,0,0,0,0,0,0,Canada,34380.0,37.0,175,8,0,Medium Value,34380.0,No Response,35-44,Web,1,One Child,0.5,50.0,0.5,61-90 Days,Non-Responder
405,1964,Graduation,Divorced,0,1,2013-02-13,68,315,0,31,4,0,91,4,5,5,3,8,1,0,0,0,0,0,0,Spain,41638.0,50.0,441,13,1,Medium Value,41638.0,Low Engagement,45-54,Web,1,One Child,0.3076923076923077,30.76923076923077,0.625,61-90 Days,Non-Responder
10513,1992,Graduation,Together,0,0,2013-01-20,68,438,169,565,91,169,70,1,2,3,6,7,0,0,0,1,0,0,0,Spain,63207.0,22.0,1502,11,1,High Value,63207.0,Low Engagement,Under 25,Store,0,No Children,0.09090909090909091,9.090909090909092,0.2857142857142857,61-90 Days,Non-Responder
5138,1950,Graduation,Together,0,1,2013-01-14,68,19,1,14,3,2,4,1,1,0,3,8,0,0,0,0,0,0,0,Spain,28320.0,64.0,43,4,0,Low Value,28320.0,No Response,55-64,Store,1,One Child,0.25,25.0,0.125,61-90 Days,Non-Responder
8387,1957,Graduation,Married,0,1,2013-01-05,68,134,8,76,6,0,11,1,4,1,5,6,0,0,0,0,0,0,0,Spain,43140.0,57.0,235,10,0,Medium Value,43140.0,No Response,55-64,Store,1,One Child,0.1,10.0,0.6666666666666666,61-90 Days,Non-Responder
378,1971,Graduation,Married,0,0,2012-12-30,68,283,112,151,51,72,125,2,7,2,10,6,0,0,0,0,0,0,0,Spain,52531.0,43.0,794,19,0,Medium Value,52531.0,No Response,35-44,Store,0,No Children,0.10526315789473684,10.526315789473683,1.1666666666666667,61-90 Days,Non-Responder
5846,1977,Graduation,Divorced,1,0,2012-12-19,68,2,1,6,2,1,1,1,1,0,2,6,0,0,0,0,0,0,0,Germany,40246.0,37.0,13,3,0,Low Value,40246.0,No Response,35-44,Store,1,One Child,0.3333333333333333,33.33333333333333,0.16666666666666666,61-90 Days,Non-Responder
8870,1984,Graduation,Together,1,0,2012-11-13,68,75,12,141,43,39,187,6,6,1,5,8,0,0,0,0,0,1,0,Spain,35196.0,30.0,497,12,0,Medium Value,35196.0,No Response,25-34,Web,1,One Child,0.5,50.0,0.75,61-90 Days,Responder
10340,1984,Graduation,Together,1,0,2012-11-13,68,75,12,141,43,39,187,6,6,1,5,8,0,0,0,0,0,0,0,Spain,35196.0,30.0,497,12,0,Medium Value,35196.0,No Response,25-34,Web,1,One Child,0.5,50.0,0.75,61-90 Days,Non-Responder
7290,1985,Graduation,Single,0,0,2012-10-05,68,347,44,534,17,0,26,1,3,5,12,2,0,0,0,0,0,0,0,Spain,70596.0,29.0,968,20,0,High Value,70596.0,No Response,25-34,Store,0,No Children,0.05,5.0,1.5,61-90 Days,Non-Responder
8895,1985,Graduation,Single,0,0,2012-10-05,68,347,44,534,17,0,26,1,3,5,12,2,0,0,0,0,0,0,0,Spain,70596.0,29.0,968,20,0,High Value,70596.0,No Response,25-34,Store,0,No Children,0.05,5.0,1.5,61-90 Days,Non-Responder
3635,1962,PhD,Single,0,1,2014-05-07,69,492,0,37,7,0,42,3,6,3,8,5,0,0,0,0,0,0,0,Saudi Arabia,52597.0,52.0,578,17,0,Medium Value,52597.0,No Response,45-54,Store,1,One Child,0.17647058823529413,17.647058823529413,1.2,61-90 Days,Non-Responder
11178,1972,Master,Single,1,0,2014-03-23,69,15,2,10,0,1,4,1,1,0,3,7,0,0,0,0,0,0,0,Germany,42394.0,42.0,32,4,0,Low Value,42394.0,No Response,35-44,Store,1,One Child,0.25,25.0,0.14285714285714285,61-90 Days,Non-Responder
2410,1969,Graduation,Single,0,0,2014-01-22,69,364,40,425,158,60,50,1,3,4,8,1,0,0,0,0,0,0,0,Spain,81657.0,45.0,1097,15,0,High Value,81657.0,No Response,45-54,Store,0,No Children,0.06666666666666667,6.666666666666667,3.0,61-90 Days,Non-Responder
3281,1960,PhD,Married,1,1,2013-11-03,69,206,10,67,30,27,71,6,4,1,8,6,0,0,0,0,0,0,0,Spain,49154.0,54.0,411,13,0,Medium Value,49154.0,No Response,45-54,Store,2,Two or More Children,0.46153846153846156,46.15384615384615,0.6666666666666666,61-90 Days,Non-Responder
9905,1952,Graduation,Together,1,1,2013-07-13,69,135,1,41,10,1,67,5,3,3,3,6,1,0,0,0,0,0,0,Spain,34074.0,62.0,255,9,1,Medium Value,34074.0,Low Engagement,55-64,Web,2,Two or More Children,0.5555555555555556,55.55555555555556,0.5,61-90 Days,Non-Responder
2437,1989,Graduation,Married,0,0,2013-06-03,69,861,138,461,60,30,61,1,6,5,12,3,0,1,0,1,0,0,0,Spain,51381.5,25.0,1611,23,2,High Value,51381.5,Medium Engagement,25-34,Store,0,No Children,0.043478260869565216,4.3478260869565215,2.0,61-90 Days,Non-Responder
2565,1955,Master,Divorced,0,0,2013-06-01,69,1016,12,215,16,12,63,1,4,5,10,3,0,1,0,0,0,0,0,Saudi Arabia,70638.0,59.0,1334,19,1,High Value,70638.0,Low Engagement,55-64,Store,0,No Children,0.05263157894736842,5.263157894736842,1.3333333333333333,61-90 Days,Non-Responder
7912,1978,Graduation,Married,1,0,2013-04-22,69,8,15,27,0,20,33,2,3,1,2,8,1,0,0,0,0,0,0,USA,38136.0,36.0,103,6,1,Low Value,38136.0,Low Engagement,35-44,Web,1,One Child,0.3333333333333333,33.33333333333333,0.375,61-90 Days,Non-Responder
7072,1973,Graduation,Married,0,1,2013-03-29,69,432,79,341,177,136,170,2,8,5,4,4,0,0,0,0,0,0,0,Australia,67432.0,41.0,1335,17,0,High Value,67432.0,No Response,35-44,Web,1,One Child,0.11764705882352941,11.76470588235294,2.0,61-90 Days,Non-Responder
1409,1951,Graduation,Together,0,1,2013-03-18,69,270,3,27,39,6,99,7,7,1,5,8,0,0,0,0,0,0,0,USA,40689.0,63.0,444,13,0,Medium Value,40689.0,No Response,55-64,Web,1,One Child,0.5384615384615384,53.84615384615385,0.875,61-90 Days,Non-Responder
5314,1951,Graduation,Together,0,1,2013-03-18,69,270,3,27,39,6,99,7,7,1,5,8,0,0,0,0,0,0,0,Spain,40689.0,63.0,444,13,0,Medium Value,40689.0,No Response,55-64,Web,1,One Child,0.5384615384615384,53.84615384615385,0.875,61-90 Days,Non-Responder
7215,1983,Graduation,Single,0,0,2013-03-12,69,722,27,102,44,72,168,0,6,8,13,2,0,1,1,1,0,1,0,Canada,101970.0,31.0,1135,27,3,High Value,101970.0,High Engagement,25-34,Store,0,No Children,0.0,0.0,3.0,61-90 Days,Responder
8858,1972,PhD,Married,0,1,2013-03-07,69,516,0,21,0,0,5,4,8,2,7,8,0,1,0,0,0,0,0,Canada,44325.0,42.0,542,17,1,Medium Value,44325.0,Low Engagement,35-44,Web,1,One Child,0.23529411764705882,23.52941176470588,1.0,61-90 Days,Non-Responder
895,1948,PhD,Married,0,2,2012-12-09,69,410,16,114,0,5,49,3,5,2,10,5,0,0,0,0,0,0,0,Spain,61467.0,66.0,594,17,0,Medium Value,61467.0,No Response,65+,Store,2,Two or More Children,0.17647058823529413,17.647058823529413,1.0,61-90 Days,Non-Responder
10313,1975,Graduation,Married,1,1,2012-10-28,69,159,4,45,6,2,38,6,5,1,4,8,0,0,0,0,0,0,0,Spain,48178.0,39.0,254,10,0,Medium Value,48178.0,No Response,35-44,Web,2,Two or More Children,0.6,60.0,0.625,61-90 Days,Non-Responder
642,1980,Basic,Married,1,0,2012-08-14,69,1,3,2,20,30,47,3,2,1,2,8,0,0,0,0,0,0,0,Canada,16005.0,34.0,103,5,0,Low Value,16005.0,No Response,25-34,Web,1,One Child,0.6,60.0,0.25,61-90 Days,Non-Responder
8504,1973,Graduation,Married,0,0,2014-05-12,70,350,60,568,110,133,145,1,5,6,7,2,0,0,1,0,0,0,0,Germany,79593.0,41.0,1366,18,1,High Value,79593.0,Low Engagement,35-44,Store,0,No Children,0.05555555555555555,5.555555555555555,2.5,61-90 Days,Non-Responder
1020,1973,Graduation,Married,0,0,2014-05-12,70,350,60,568,110,133,145,1,5,6,7,2,0,0,1,0,0,0,0,Spain,79593.0,41.0,1366,18,1,High Value,79593.0,Low Engagement,35-44,Store,0,No Children,0.05555555555555555,5.555555555555555,2.5,61-90 Days,Non-Responder
3717,1959,Graduation,Married,0,1,2014-04-23,70,403,24,29,6,24,218,2,5,5,6,3,1,0,0,0,0,0,0,Spain,61180.0,55.0,704,16,1,Medium Value,61180.0,Low Engagement,55-64,Store,1,One Child,0.125,12.5,1.6666666666666667,61-90 Days,Non-Responder
7646,1989,Graduation,Single,1,0,2014-02-18,70,218,63,282,137,35,70,4,5,3,12,4,0,0,0,0,0,0,0,Spain,64449.0,25.0,805,20,0,Medium Value,64449.0,No Response,25-34,Store,1,One Child,0.2,20.0,1.25,61-90 Days,Non-Responder
5796,1963,Graduation,Married,0,0,2013-11-26,70,560,21,442,29,44,29,1,4,5,13,1,0,0,1,0,0,0,0,Spain,77437.0,51.0,1125,22,1,High Value,77437.0,Low Engagement,45-54,Store,0,No Children,0.045454545454545456,4.545454545454546,4.0,61-90 Days,Non-Responder
8625,1976,Graduation,Married,1,0,2013-11-12,70,15,1,23,0,5,1,3,3,0,3,8,0,0,0,0,0,0,0,USA,17649.0,38.0,45,6,0,Low Value,17649.0,No Response,35-44,Web,1,One Child,0.5,50.0,0.375,61-90 Days,Non-Responder
5407,1954,Graduation,Together,0,1,2013-09-12,70,729,17,133,11,0,195,5,10,6,7,7,1,0,0,0,0,0,0,Saudi Arabia,53103.0,60.0,1085,23,1,High Value,53103.0,Low Engagement,55-64,Web,1,One Child,0.21739130434782608,21.73913043478261,1.4285714285714286,61-90 Days,Non-Responder
4356,1971,Graduation,Together,0,1,2013-08-28,70,1224,28,140,0,14,168,3,3,3,5,6,0,1,1,0,0,0,0,Spain,71819.0,43.0,1574,11,2,High Value,71819.0,Medium Engagement,35-44,Store,1,One Child,0.2727272727272727,27.27272727272727,0.5,61-90 Days,Non-Responder
2886,1971,Master,Divorced,0,1,2013-08-12,70,1121,0,72,0,12,12,4,10,8,10,6,0,1,0,1,0,0,0,Spain,74290.0,43.0,1217,28,2,High Value,74290.0,Medium Engagement,35-44,Web,1,One Child,0.14285714285714285,14.285714285714285,1.6666666666666667,61-90 Days,Non-Responder
10057,1951,Graduation,Single,0,0,2013-07-19,70,503,27,419,90,139,153,1,5,7,9,7,0,0,0,0,0,1,0,Spain,72282.0,63.0,1331,21,0,High Value,72282.0,No Response,55-64,Store,0,No Children,0.047619047619047616,4.761904761904762,0.7142857142857143,61-90 Days,Responder
10741,1951,Master,Together,0,1,2013-04-11,70,172,12,112,8,0,15,4,6,1,5,7,0,0,0,0,0,0,0,Spain,47352.0,63.0,319,12,0,Medium Value,47352.0,No Response,55-64,Web,1,One Child,0.3333333333333333,33.33333333333333,0.8571428571428571,61-90 Days,Non-Responder
5491,1951,Master,Together,0,1,2013-04-11,70,172,12,112,8,0,15,4,6,1,5,7,0,0,0,0,0,0,0,Australia,47352.0,63.0,319,12,0,Medium Value,47352.0,No Response,55-64,Web,1,One Child,0.3333333333333333,33.33333333333333,0.8571428571428571,61-90 Days,Non-Responder
4442,1961,Graduation,Single,0,1,2013-04-05,70,31,19,35,26,14,52,2,1,1,5,3,0,0,0,0,0,0,0,Canada,46524.0,53.0,177,7,0,Medium Value,46524.0,No Response,45-54,Store,1,One Child,0.2857142857142857,28.57142857142857,0.3333333333333333,61-90 Days,Non-Responder
3972,1976,Graduation,Together,1,1,2013-04-03,70,266,6,51,8,6,64,6,7,1,5,8,0,0,0,0,0,0,0,Spain,50200.0,38.0,401,13,0,Medium Value,50200.0,No Response,35-44,Web,2,Two or More Children,0.46153846153846156,46.15384615384615,0.875,61-90 Days,Non-Responder
2431,1990,Graduation,Married,0,0,2012-12-31,70,12,4,19,12,6,14,1,2,0,3,8,0,0,0,0,0,0,0,Spain,18222.0,24.0,67,5,0,Low Value,18222.0,No Response,Under 25,Store,0,No Children,0.2,20.0,0.25,61-90 Days,Non-Responder
7899,1952,PhD,Married,0,1,2012-10-29,70,1245,33,332,21,33,16,2,4,7,4,7,0,0,0,0,0,0,0,Australia,77610.0,62.0,1680,15,0,High Value,77610.0,No Response,55-64,Catalog,1,One Child,0.13333333333333333,13.333333333333334,0.5714285714285714,61-90 Days,Non-Responder
9703,1970,PhD,Married,1,1,2012-10-15,70,77,2,35,0,1,69,4,3,2,2,7,1,0,0,0,0,1,0,Saudi Arabia,38097.0,44.0,184,7,1,Medium Value,38097.0,Low Engagement,35-44,Web,2,Two or More Children,0.5714285714285714,57.14285714285714,0.42857142857142855,61-90 Days,Responder
6927,1968,PhD,Married,1,1,2012-10-05,70,224,0,30,0,0,10,8,5,1,5,8,0,0,0,0,0,0,0,Saudi Arabia,44377.0,46.0,264,11,0,Medium Value,44377.0,No Response,45-54,Web,2,Two or More Children,0.7272727272727273,72.72727272727273,0.625,61-90 Days,Non-Responder
7005,1981,Graduation,Single,0,0,2014-06-16,71,479,35,179,28,7,85,1,5,3,12,2,0,1,0,0,0,0,0,Saudi Arabia,58684.0,33.0,813,20,1,Medium Value,58684.0,Low Engagement,25-34,Store,0,No Children,0.05,5.0,2.5,61-90 Days,Non-Responder
246,1965,Graduation,Married,1,1,2014-05-31,71,199,9,57,20,21,6,7,4,1,7,4,0,0,0,0,0,0,0,Spain,66480.0,49.0,312,12,0,Medium Value,66480.0,No Response,45-54,Store,2,Two or More Children,0.5833333333333334,58.333333333333336,1.0,61-90 Days,Non-Responder
4796,1952,Graduation,Divorced,0,1,2014-04-19,71,18,10,3,3,5,0,1,1,0,3,2,0,0,0,0,0,0,0,Spain,49638.0,62.0,39,4,0,Low Value,49638.0,No Response,55-64,Store,1,One Child,0.25,25.0,0.5,61-90 Days,Non-Responder
4725,1950,PhD,Together,0,1,2014-04-13,71,30,2,25,0,1,9,1,1,1,4,2,0,0,0,0,0,0,0,Spain,50616.0,64.0,67,6,0,Low Value,50616.0,No Response,55-64,Store,1,One Child,0.16666666666666666,16.666666666666664,0.5,61-90 Days,Non-Responder
3286,1967,PhD,Divorced,1,0,2014-03-01,71,13,2,15,2,2,8,2,2,0,3,6,0,0,0,0,0,0,0,Spain,26642.0,47.0,42,5,0,Low Value,26642.0,No Response,45-54,Store,1,One Child,0.4,40.0,0.3333333333333333,61-90 Days,Non-Responder
10680,1986,Graduation,Together,1,0,2014-02-05,71,45,0,16,2,1,6,1,3,0,3,7,0,0,0,0,0,0,0,Spain,33235.0,28.0,70,6,0,Low Value,33235.0,No Response,25-34,Web,1,One Child,0.16666666666666666,16.666666666666664,0.42857142857142855,61-90 Days,Non-Responder
4297,1969,Graduation,Together,1,0,2014-01-26,71,13,2,18,6,1,0,2,2,0,3,8,0,0,0,0,0,0,0,India,23228.0,45.0,40,5,0,Low Value,23228.0,No Response,45-54,Store,1,One Child,0.4,40.0,0.25,61-90 Days,Non-Responder
7327,1959,PhD,Married,1,1,2013-12-29,71,21,5,3,10,1,7,3,1,1,4,2,0,0,0,0,0,0,0,Spain,36732.0,55.0,47,6,0,Low Value,36732.0,No Response,55-64,Store,2,Two or More Children,0.5,50.0,0.5,61-90 Days,Non-Responder
1553,1946,Graduation,Together,0,0,2013-09-27,71,966,168,672,246,105,126,1,7,5,10,4,0,1,0,1,0,0,0,Germany,82657.0,68.0,2283,22,2,High Value,82657.0,Medium Engagement,65+,Store,0,No Children,0.045454545454545456,4.545454545454546,1.75,61-90 Days,Non-Responder
1665,1964,PhD,Divorced,0,2,2013-09-23,71,1459,0,61,0,15,215,5,2,5,6,5,1,0,1,0,1,1,0,Saudi Arabia,64140.0,50.0,1750,13,3,High Value,64140.0,High Engagement,45-54,Store,2,Two or More Children,0.38461538461538464,38.46153846153847,0.4,61-90 Days,Responder
10640,1974,Graduation,Together,1,1,2013-09-05,71,87,5,71,7,12,29,5,4,1,4,7,0,0,0,0,0,0,0,Spain,44392.0,40.0,211,9,0,Medium Value,44392.0,No Response,35-44,Web,2,Two or More Children,0.5555555555555556,55.55555555555556,0.5714285714285714,61-90 Days,Non-Responder
7620,1990,Basic,Single,1,0,2013-08-05,71,5,11,16,21,8,45,2,2,2,2,8,0,0,0,0,0,0,0,India,16185.0,24.0,106,6,0,Low Value,16185.0,No Response,Under 25,Web,1,One Child,0.3333333333333333,33.33333333333333,0.25,61-90 Days,Non-Responder
7761,1978,2n Cycle,Together,1,0,2013-08-01,71,13,11,24,13,8,40,2,3,0,4,6,0,0,0,0,0,0,0,Australia,38702.0,36.0,109,7,0,Low Value,38702.0,No Response,35-44,Store,1,One Child,0.2857142857142857,28.57142857142857,0.5,61-90 Days,Non-Responder
5062,1963,PhD,Married,1,1,2013-07-27,71,35,0,4,0,0,0,1,2,0,2,8,0,0,0,0,0,0,0,Saudi Arabia,54072.0,51.0,39,4,0,Low Value,54072.0,No Response,45-54,Web,2,Two or More Children,0.25,25.0,0.25,61-90 Days,Non-Responder
6349,1987,Master,Divorced,0,0,2013-07-06,71,621,73,414,78,48,85,1,8,4,6,5,0,0,0,0,0,0,0,Spain,61787.0,27.0,1319,18,0,High Value,61787.0,No Response,25-34,Web,0,No Children,0.05555555555555555,5.555555555555555,1.6,61-90 Days,Non-Responder
3386,1992,Graduation,Married,0,0,2013-06-21,71,34,4,66,3,10,20,1,2,1,4,7,0,0,0,0,0,0,0,Spain,34935.0,22.0,137,7,0,Medium Value,34935.0,No Response,Under 25,Store,0,No Children,0.14285714285714285,14.285714285714285,0.2857142857142857,61-90 Days,Non-Responder
8175,1992,Graduation,Married,0,0,2013-06-21,71,34,4,66,3,10,20,1,2,1,4,7,0,0,0,0,0,0,0,Saudi Arabia,34935.0,22.0,137,7,0,Medium Value,34935.0,No Response,Under 25,Store,0,No Children,0.14285714285714285,14.285714285714285,0.2857142857142857,61-90 Days,Non-Responder
6245,1950,PhD,Together,0,1,2013-06-13,71,378,14,68,19,14,14,2,3,5,8,3,0,0,0,0,0,0,0,Spain,59292.0,64.0,507,16,0,Medium Value,59292.0,No Response,55-64,Store,1,One Child,0.125,12.5,1.0,61-90 Days,Non-Responder
8780,1950,PhD,Together,0,1,2013-06-13,71,378,14,68,19,14,14,2,3,5,8,3,0,0,0,0,0,0,0,Spain,59292.0,64.0,507,16,0,Medium Value,59292.0,No Response,55-64,Store,1,One Child,0.125,12.5,1.0,61-90 Days,Non-Responder
2276,1955,Graduation,Single,0,1,2013-05-02,71,430,16,322,43,24,33,5,4,7,11,3,0,0,0,0,0,0,0,Spain,57959.0,59.0,868,22,0,High Value,57959.0,No Response,55-64,Store,1,One Child,0.22727272727272727,22.727272727272727,1.3333333333333333,61-90 Days,Non-Responder
1172,1983,PhD,Married,0,0,2013-05-01,71,979,44,935,29,25,22,1,7,5,12,3,0,1,1,1,0,1,0,Spain,92491.0,31.0,2034,24,3,High Value,92491.0,High Engagement,25-34,Store,0,No Children,0.041666666666666664,4.166666666666666,2.3333333333333335,61-90 Days,Responder
3225,1984,Master,Married,1,0,2013-04-01,71,116,11,72,3,17,46,4,4,1,5,6,1,0,0,0,0,1,0,Spain,42207.0,30.0,265,10,1,Medium Value,42207.0,Low Engagement,25-34,Store,1,One Child,0.4,40.0,0.6666666666666666,61-90 Days,Responder
8629,1956,Graduation,Widow,1,1,2013-03-26,71,19,1,10,2,1,8,1,1,0,3,5,0,0,0,0,0,0,0,Canada,46984.0,58.0,41,4,0,Low Value,46984.0,No Response,55-64,Store,2,Two or More Children,0.25,25.0,0.2,61-90 Days,Non-Responder
798,1987,Graduation,Single,1,0,2012-12-24,71,2,0,6,8,6,5,1,1,0,3,7,0,0,0,0,0,0,0,Spain,23442.0,27.0,27,4,0,Low Value,23442.0,No Response,25-34,Store,1,One Child,0.25,25.0,0.14285714285714285,61-90 Days,Non-Responder
269,1963,PhD,Single,0,1,2012-11-16,71,777,30,163,0,51,122,6,4,4,7,9,0,0,0,0,0,0,0,Spain,46757.0,51.0,1143,15,0,High Value,46757.0,No Response,45-54,Store,1,One Child,0.4,40.0,0.4444444444444444,61-90 Days,Non-Responder
8213,1980,2n Cycle,Together,1,0,2012-11-09,71,6,4,9,6,36,35,4,2,2,3,7,0,0,0,0,0,1,0,Spain,14515.0,34.0,96,7,0,Low Value,14515.0,No Response,25-34,Store,1,One Child,0.5714285714285714,57.14285714285714,0.2857142857142857,61-90 Days,Responder
10245,1986,2n Cycle,Single,0,0,2012-10-31,71,160,80,369,67,39,41,1,3,3,8,1,0,0,0,0,0,0,0,Spain,80910.0,28.0,756,14,0,Medium Value,80910.0,No Response,25-34,Store,0,No Children,0.07142857142857142,7.142857142857142,3.0,61-90 Days,Non-Responder
2447,1979,Graduation,Together,1,0,2012-10-17,71,4,12,15,19,7,12,2,2,0,3,7,0,0,0,0,0,0,0,India,30545.0,35.0,69,5,0,Low Value,30545.0,No Response,35-44,Store,1,One Child,0.4,40.0,0.2857142857142857,61-90 Days,Non-Responder
9817,1970,Master,Single,0,0,2012-08-21,71,853,10,143,13,10,20,2,9,4,12,8,0,0,0,0,0,0,0,India,44802.0,44.0,1049,25,0,High Value,44802.0,No Response,35-44,Store,0,No Children,0.08,8.0,1.125,61-90 Days,Non-Responder
1371,1976,Graduation,Single,0,0,2014-06-28,72,123,164,266,227,30,174,1,2,4,9,1,0,0,0,0,0,0,0,Australia,79941.0,38.0,984,15,0,High Value,79941.0,No Response,35-44,Store,0,No Children,0.06666666666666667,6.666666666666667,2.0,61-90 Days,Non-Responder
8093,1969,Master,Married,0,0,2014-06-28,72,572,8,232,23,62,17,1,4,3,6,1,0,0,0,1,0,0,0,Spain,79734.0,45.0,914,13,1,High Value,79734.0,Low Engagement,45-54,Store,0,No Children,0.07692307692307693,7.6923076923076925,4.0,61-90 Days,Non-Responder
713,1977,Master,Married,0,0,2014-06-08,72,141,15,153,67,31,35,1,4,4,6,3,0,0,0,0,0,0,0,Spain,50353.0,37.0,442,14,0,Medium Value,50353.0,No Response,35-44,Store,0,No Children,0.07142857142857142,7.142857142857142,1.3333333333333333,61-90 Days,Non-Responder
11051,1956,PhD,Together,1,1,2014-05-10,72,492,19,110,16,12,12,4,6,3,10,4,0,0,0,0,0,0,0,Canada,77376.0,58.0,661,19,0,Medium Value,77376.0,No Response,55-64,Store,2,Two or More Children,0.21052631578947367,21.052631578947366,1.5,61-90 Days,Non-Responder
5545,1972,PhD,Married,0,0,2014-04-05,72,572,8,259,34,35,80,1,3,5,5,1,0,0,0,0,0,0,0,Spain,78075.0,42.0,988,13,0,High Value,78075.0,No Response,35-44,Catalog,0,No Children,0.07692307692307693,7.6923076923076925,3.0,61-90 Days,Non-Responder
5283,1976,PhD,Single,1,1,2014-02-17,72,93,1,21,0,4,25,3,2,1,4,5,0,0,0,0,0,0,0,Spain,42473.0,38.0,144,7,0,Medium Value,42473.0,No Response,35-44,Store,2,Two or More Children,0.42857142857142855,42.857142857142854,0.4,61-90 Days,Non-Responder
5010,1988,Graduation,Single,1,0,2014-02-02,72,2,8,8,6,1,9,2,1,0,3,8,0,0,0,0,0,0,0,Spain,25008.0,26.0,34,4,0,Low Value,25008.0,No Response,25-34,Store,1,One Child,0.5,50.0,0.125,61-90 Days,Non-Responder
7495,1948,PhD,Married,0,1,2013-12-20,72,77,28,31,16,0,4,2,2,1,5,4,0,0,0,0,0,0,0,Spain,56223.0,66.0,156,8,0,Medium Value,56223.0,No Response,65+,Store,1,One Child,0.25,25.0,0.5,61-90 Days,Non-Responder
4368,1980,Graduation,Married,1,0,2013-12-03,72,42,7,43,20,12,10,1,3,0,4,6,0,0,0,0,0,0,0,Spain,47850.0,34.0,134,7,0,Medium Value,47850.0,No Response,25-34,Store,1,One Child,0.14285714285714285,14.285714285714285,0.5,61-90 Days,Non-Responder
6303,1986,PhD,Together,0,0,2013-11-23,72,410,73,747,76,161,30,0,5,5,12,1,0,0,0,0,0,0,0,Canada,91820.0,28.0,1497,22,0,High Value,91820.0,No Response,25-34,Store,0,No Children,0.0,0.0,5.0,61-90 Days,Non-Responder
1030,1965,PhD,Single,1,1,2013-07-17,72,22,0,13,0,0,3,2,1,0,3,7,0,0,0,0,0,0,0,Saudi Arabia,40637.0,49.0,38,4,0,Low Value,40637.0,No Response,45-54,Store,2,Two or More Children,0.5,50.0,0.14285714285714285,61-90 Days,Non-Responder
10364,1959,Graduation,Divorced,0,0,2013-07-13,72,0,0,1,2,12,5,1,1,0,2,8,0,0,0,0,0,0,0,Spain,23295.0,55.0,20,3,0,Low Value,23295.0,No Response,55-64,Store,0,No Children,0.3333333333333333,33.33333333333333,0.125,61-90 Days,Non-Responder
6945,1952,Graduation,Single,0,0,2013-06-04,72,387,20,713,38,54,163,1,9,11,11,5,0,0,0,0,0,0,0,Spain,84574.0,62.0,1375,31,0,High Value,84574.0,No Response,55-64,Catalog,0,No Children,0.03225806451612903,3.225806451612903,1.8,61-90 Days,Non-Responder
8562,1969,Graduation,Together,0,0,2013-05-28,72,127,4,73,15,6,11,1,2,1,7,2,0,0,0,0,0,0,0,Spain,54165.0,45.0,236,10,0,Medium Value,54165.0,No Response,45-54,Store,0,No Children,0.1,10.0,1.0,61-90 Days,Non-Responder
2918,1981,Graduation,Divorced,1,1,2013-04-13,72,44,5,19,0,4,19,3,2,0,4,5,0,0,0,0,0,0,0,Spain,28510.0,33.0,91,6,0,Low Value,28510.0,No Response,25-34,Store,2,Two or More Children,0.5,50.0,0.4,61-90 Days,Non-Responder
9167,1956,Graduation,Married,0,1,2013-03-26,72,465,71,250,93,35,62,3,9,2,12,6,0,0,0,0,0,0,0,Spain,67131.0,58.0,976,23,0,High Value,67131.0,No Response,55-64,Store,1,One Child,0.13043478260869565,13.043478260869565,1.5,61-90 Days,Non-Responder
4743,1969,PhD,Married,0,1,2013-03-03,72,689,8,167,11,8,88,5,8,4,11,6,0,0,0,0,0,0,0,USA,56242.0,45.0,971,23,0,High Value,56242.0,No Response,45-54,Store,1,One Child,0.21739130434782608,21.73913043478261,1.3333333333333333,61-90 Days,Non-Responder
10742,1983,PhD,Married,0,0,2013-02-27,72,532,21,127,26,20,20,0,4,2,5,1,0,0,1,0,0,0,0,Spain,86580.0,31.0,746,11,1,Medium Value,86580.0,Low Engagement,25-34,Store,0,No Children,0.0,0.0,4.0,61-90 Days,Non-Responder
10965,1955,Graduation,Together,0,0,2013-02-22,72,983,20,389,240,50,40,1,3,5,13,6,0,0,0,1,0,0,0,Spain,76005.0,59.0,1722,21,1,High Value,76005.0,Low Engagement,55-64,Store,0,No Children,0.047619047619047616,4.761904761904762,0.5,61-90 Days,Non-Responder
7129,1962,PhD,Married,0,1,2013-02-17,72,686,17,142,23,26,35,8,6,4,13,6,0,0,0,0,0,0,0,Spain,54693.0,52.0,929,23,0,High Value,54693.0,No Response,45-54,Store,1,One Child,0.34782608695652173,34.78260869565217,1.0,61-90 Days,Non-Responder
3732,1955,Master,Married,0,1,2013-02-04,72,393,0,239,90,69,69,6,5,7,9,4,0,0,0,0,0,0,0,Canada,52750.0,59.0,860,21,0,High Value,52750.0,No Response,55-64,Store,1,One Child,0.2857142857142857,28.57142857142857,1.25,61-90 Days,Non-Responder
7124,1968,Graduation,Divorced,1,1,2013-02-01,72,43,4,12,8,0,27,5,2,1,4,5,0,0,0,0,0,0,0,Canada,36997.0,46.0,94,7,0,Low Value,36997.0,No Response,45-54,Store,2,Two or More Children,0.7142857142857143,71.42857142857143,0.4,61-90 Days,Non-Responder
10686,1965,PhD,Together,1,1,2012-12-26,72,15,0,4,0,0,2,1,1,0,2,7,0,0,0,0,0,0,0,Spain,34230.0,49.0,21,3,0,Low Value,34230.0,No Response,45-54,Store,2,Two or More Children,0.3333333333333333,33.33333333333333,0.14285714285714285,61-90 Days,Non-Responder
7247,1960,Graduation,Widow,0,1,2012-11-22,72,505,0,26,0,0,75,5,7,4,6,6,0,1,0,0,0,0,0,Germany,47916.0,54.0,606,17,1,Medium Value,47916.0,Low Engagement,45-54,Web,1,One Child,0.29411764705882354,29.411764705882355,1.1666666666666667,61-90 Days,Non-Responder
1513,1979,2n Cycle,Together,1,1,2012-08-28,72,600,21,128,223,150,128,13,2,2,12,8,0,0,0,0,0,0,0,Spain,60839.0,35.0,1250,16,0,High Value,60839.0,No Response,35-44,Store,2,Two or More Children,0.8125,81.25,0.25,61-90 Days,Non-Responder
460,1972,PhD,Married,0,0,2012-08-08,72,792,86,740,67,51,17,1,3,5,8,2,0,0,0,0,0,0,0,Saudi Arabia,79930.0,42.0,1753,16,0,High Value,79930.0,No Response,35-44,Store,0,No Children,0.0625,6.25,1.5,61-90 Days,Non-Responder
6653,1970,PhD,Married,1,1,2012-07-30,72,293,0,87,4,11,23,4,7,2,5,7,0,0,0,0,0,1,0,Spain,55158.0,44.0,418,14,0,Medium Value,55158.0,No Response,35-44,Web,2,Two or More Children,0.2857142857142857,28.57142857142857,1.0,61-90 Days,Responder
9400,1958,2n Cycle,Single,0,0,2014-06-21,73,630,26,611,44,18,54,1,6,6,6,2,0,0,0,0,0,0,0,Spain,85485.0,56.0,1383,18,0,High Value,85485.0,No Response,55-64,Web,0,No Children,0.05555555555555555,5.555555555555555,3.0,61-90 Days,Non-Responder
7106,1943,PhD,Married,0,0,2014-03-31,73,483,0,591,156,0,12,1,3,5,10,1,0,0,0,0,0,0,0,Spain,75865.0,71.0,1242,18,0,High Value,75865.0,No Response,65+,Store,0,No Children,0.05555555555555555,5.555555555555555,3.0,61-90 Days,Non-Responder
4252,1965,Graduation,Married,0,1,2014-03-23,73,213,5,28,7,7,41,1,4,1,6,5,0,0,0,0,0,0,0,Spain,44375.0,49.0,301,11,0,Medium Value,44375.0,No Response,45-54,Store,1,One Child,0.09090909090909091,9.090909090909092,0.8,61-90 Days,Non-Responder
9240,1971,PhD,Single,0,1,2014-02-07,73,458,0,24,6,4,34,2,6,2,8,6,0,0,0,0,0,0,0,Spain,60504.0,43.0,526,16,0,Medium Value,60504.0,No Response,35-44,Store,1,One Child,0.125,12.5,1.0,61-90 Days,Non-Responder
10770,1959,Graduation,Married,0,0,2014-01-26,73,247,161,295,210,85,47,2,4,7,13,2,0,0,0,0,0,0,0,Canada,65492.0,55.0,1045,24,0,High Value,65492.0,No Response,55-64,Store,0,No Children,0.08333333333333333,8.333333333333332,2.0,61-90 Days,Non-Responder
176,1980,2n Cycle,Single,0,1,2014-01-02,73,90,38,67,33,36,67,1,4,1,6,3,0,0,0,0,0,0,0,Spain,67506.0,34.0,331,11,0,Medium Value,67506.0,No Response,25-34,Store,1,One Child,0.09090909090909091,9.090909090909092,1.3333333333333333,61-90 Days,Non-Responder
6870,1959,PhD,Divorced,0,1,2013-09-17,73,182,2,49,17,13,20,1,3,1,7,2,0,0,0,0,0,0,0,Spain,68805.0,55.0,283,11,0,Medium Value,68805.0,No Response,55-64,Store,1,One Child,0.09090909090909091,9.090909090909092,1.5,61-90 Days,Non-Responder
143,1970,Graduation,Single,0,0,2013-08-25,73,466,0,224,119,49,99,1,5,3,4,2,0,0,0,0,0,0,0,USA,61209.0,44.0,957,12,0,High Value,61209.0,No Response,35-44,Web,0,No Children,0.08333333333333333,8.333333333333332,2.5,61-90 Days,Non-Responder
6445,1967,Graduation,Together,0,0,2013-07-14,73,243,101,405,29,40,40,1,4,5,6,2,0,0,0,0,0,0,0,Saudi Arabia,66825.0,47.0,858,15,0,High Value,66825.0,No Response,45-54,Store,0,No Children,0.06666666666666667,6.666666666666667,2.0,61-90 Days,Non-Responder
4278,1983,PhD,Single,0,0,2013-06-03,73,910,111,724,49,74,55,1,10,2,6,3,0,0,0,0,0,1,0,India,87188.0,31.0,1923,18,0,High Value,87188.0,No Response,25-34,Web,0,No Children,0.05555555555555555,5.555555555555555,3.3333333333333335,61-90 Days,Responder
6906,1953,Master,Widow,0,0,2013-06-03,73,167,48,602,63,72,72,1,3,10,4,2,0,1,1,1,0,1,0,Spain,84953.0,61.0,1024,17,3,High Value,84953.0,High Engagement,55-64,Catalog,0,No Children,0.058823529411764705,5.88235294117647,1.5,61-90 Days,Responder
4637,1954,PhD,Single,0,0,2013-05-18,73,960,64,464,146,0,16,1,6,9,9,3,0,0,0,1,0,0,0,Saudi Arabia,74637.0,60.0,1650,24,1,High Value,74637.0,Low Engagement,55-64,Catalog,0,No Children,0.041666666666666664,4.166666666666666,2.0,61-90 Days,Non-Responder
8690,1962,Graduation,Married,0,0,2013-04-19,73,399,28,756,36,40,126,1,5,7,10,2,0,0,0,0,0,0,0,Canada,86111.0,52.0,1385,22,0,High Value,86111.0,No Response,45-54,Store,0,No Children,0.045454545454545456,4.545454545454546,2.5,61-90 Days,Non-Responder
1173,1947,Master,Together,0,0,2013-03-10,73,1200,105,758,0,42,147,1,4,2,6,2,0,1,1,0,0,1,0,Spain,77632.0,67.0,2252,12,2,High Value,77632.0,Medium Engagement,65+,Store,0,No Children,0.08333333333333333,8.333333333333332,2.0,61-90 Days,Responder
1928,1973,Graduation,Married,1,0,2013-02-09,73,35,3,20,4,1,20,2,2,0,3,9,1,0,0,0,0,0,0,Saudi Arabia,31814.0,41.0,83,5,1,Low Value,31814.0,Low Engagement,35-44,Store,1,One Child,0.4,40.0,0.2222222222222222,61-90 Days,Non-Responder
9029,1972,PhD,Married,0,0,2013-01-26,73,707,44,603,95,58,29,1,2,8,12,1,0,0,0,0,0,0,0,Spain,70116.0,42.0,1536,22,0,High Value,70116.0,No Response,35-44,Store,0,No Children,0.045454545454545456,4.545454545454546,2.0,61-90 Days,Non-Responder
10299,1969,PhD,Single,0,0,2012-11-09,73,389,91,248,64,49,41,3,6,3,13,5,0,0,0,0,0,1,0,Spain,48240.0,45.0,882,22,0,High Value,48240.0,No Response,45-54,Store,0,No Children,0.13636363636363635,13.636363636363635,1.2,61-90 Days,Responder
9246,1985,Master,Together,1,0,2012-10-14,73,171,3,129,26,24,62,4,6,1,6,7,0,0,0,0,0,0,0,India,40101.0,29.0,415,13,0,Medium Value,40101.0,No Response,25-34,Web,1,One Child,0.3076923076923077,30.76923076923077,0.8571428571428571,61-90 Days,Non-Responder
4943,1953,Graduation,Married,0,0,2012-09-30,73,1379,33,216,0,33,66,1,2,4,9,6,0,1,1,0,0,0,0,Spain,70503.0,61.0,1727,15,2,High Value,70503.0,Medium Engagement,55-64,Store,0,No Children,0.06666666666666667,6.666666666666667,0.3333333333333333,61-90 Days,Non-Responder
4122,1975,Graduation,Married,0,0,2012-08-29,73,504,23,117,179,28,44,1,6,5,4,4,0,0,0,1,0,1,0,Spain,79205.0,39.0,895,15,1,High Value,79205.0,Low Engagement,35-44,Web,0,No Children,0.06666666666666667,6.666666666666667,1.5,61-90 Days,Responder
2853,1980,Graduation,Single,1,0,2014-03-11,74,60,51,87,6,20,51,2,4,2,4,5,0,0,0,0,0,0,0,Canada,51766.0,34.0,275,10,0,Medium Value,51766.0,No Response,25-34,Web,1,One Child,0.2,20.0,0.8,61-90 Days,Non-Responder
902,1980,Graduation,Together,1,0,2014-03-04,74,224,12,48,4,12,12,1,6,2,4,6,0,0,0,0,0,0,0,Canada,62994.0,34.0,312,12,0,Medium Value,62994.0,No Response,25-34,Web,1,One Child,0.08333333333333333,8.333333333333332,1.0,61-90 Days,Non-Responder
1672,1974,PhD,Together,0,1,2014-03-01,74,204,7,149,20,15,66,1,5,1,8,2,0,0,0,0,0,0,0,Saudi Arabia,65640.0,40.0,461,14,0,Medium Value,65640.0,No Response,35-44,Store,1,One Child,0.07142857142857142,7.142857142857142,2.5,61-90 Days,Non-Responder
7254,1969,Graduation,Together,1,0,2013-12-27,74,39,0,56,20,8,14,3,3,1,3,7,0,0,0,0,0,0,0,Saudi Arabia,38361.0,45.0,137,7,0,Medium Value,38361.0,No Response,45-54,Web,1,One Child,0.42857142857142855,42.857142857142854,0.42857142857142855,61-90 Days,Non-Responder
8775,1969,Graduation,Together,1,0,2013-12-27,74,39,0,56,20,8,14,3,3,1,3,7,0,0,0,0,0,0,0,Australia,38361.0,45.0,137,7,0,Medium Value,38361.0,No Response,45-54,Web,1,One Child,0.42857142857142855,42.857142857142854,0.42857142857142855,61-90 Days,Non-Responder
9543,1985,Graduation,Married,1,0,2013-11-14,74,3,6,5,0,2,6,1,0,0,3,7,0,0,0,0,0,0,0,Spain,19986.0,29.0,22,3,0,Low Value,19986.0,No Response,25-34,Store,1,One Child,0.3333333333333333,33.33333333333333,0.0,61-90 Days,Non-Responder
7093,1985,Graduation,Married,1,0,2013-11-14,74,3,6,5,0,2,6,1,0,0,3,7,0,0,0,0,0,0,0,Spain,19986.0,29.0,22,3,0,Low Value,19986.0,No Response,25-34,Store,1,One Child,0.3333333333333333,33.33333333333333,0.0,61-90 Days,Non-Responder
2894,1985,Graduation,Single,0,0,2013-10-29,74,1067,138,750,0,19,39,1,7,5,8,4,0,1,1,1,0,1,0,Spain,72903.0,29.0,2013,20,3,High Value,72903.0,High Engagement,25-34,Store,0,No Children,0.05,5.0,1.75,61-90 Days,Responder
5956,1948,PhD,Divorced,1,2,2013-10-16,74,144,2,99,7,2,30,5,6,1,4,8,0,0,0,0,0,0,0,Australia,45072.0,66.0,284,11,0,Medium Value,45072.0,No Response,65+,Web,3,Two or More Children,0.45454545454545453,45.45454545454545,0.75,61-90 Days,Non-Responder
1921,1967,PhD,Married,2,1,2013-10-03,74,46,1,12,3,0,9,2,2,0,3,4,0,0,0,0,0,0,0,Spain,59062.0,47.0,71,5,0,Low Value,59062.0,No Response,45-54,Store,3,Two or More Children,0.4,40.0,0.5,61-90 Days,Non-Responder
5057,1961,Master,Married,0,1,2013-09-14,74,264,47,188,54,47,11,2,4,4,10,2,0,0,0,0,0,0,0,Spain,61794.0,53.0,611,18,0,Medium Value,61794.0,No Response,45-54,Store,1,One Child,0.1111111111111111,11.11111111111111,2.0,61-90 Days,Non-Responder
10260,1965,Master,Together,0,1,2013-08-26,74,202,5,74,11,5,14,3,6,1,5,7,0,0,0,0,0,0,0,Spain,45143.0,49.0,311,12,0,Medium Value,45143.0,No Response,45-54,Web,1,One Child,0.25,25.0,0.8571428571428571,61-90 Days,Non-Responder
2262,1965,Master,Together,0,1,2013-08-26,74,202,5,74,11,5,14,3,6,1,5,7,0,0,0,0,0,0,0,Saudi Arabia,45143.0,49.0,311,12,0,Medium Value,45143.0,No Response,45-54,Web,1,One Child,0.25,25.0,0.8571428571428571,61-90 Days,Non-Responder
7930,1969,Master,Single,0,0,2013-08-19,74,101,13,76,20,18,40,2,3,1,6,6,0,0,0,0,0,0,0,Spain,26877.0,45.0,268,10,0,Medium Value,26877.0,No Response,45-54,Store,0,No Children,0.2,20.0,0.5,61-90 Days,Non-Responder
1461,1965,PhD,Divorced,1,1,2013-07-28,74,17,1,12,3,1,4,2,2,0,3,7,0,0,0,0,0,0,0,Canada,36921.0,49.0,38,5,0,Low Value,36921.0,No Response,45-54,Store,2,Two or More Children,0.4,40.0,0.2857142857142857,61-90 Days,Non-Responder
7514,1956,2n Cycle,Together,1,1,2013-07-03,74,84,10,34,11,10,28,4,3,1,4,6,0,0,0,0,0,0,0,Australia,54342.0,58.0,177,8,0,Medium Value,54342.0,No Response,55-64,Store,2,Two or More Children,0.5,50.0,0.5,61-90 Days,Non-Responder
6461,1969,Master,Single,0,1,2013-05-19,74,581,49,157,43,8,108,1,5,6,11,2,0,1,0,0,0,0,0,Spain,62772.0,45.0,946,22,1,High Value,62772.0,Low Engagement,45-54,Store,1,One Child,0.045454545454545456,4.545454545454546,2.5,61-90 Days,Non-Responder
257,1959,PhD,Married,0,1,2013-04-28,74,952,12,180,47,12,12,2,5,4,9,3,0,0,0,0,0,0,0,Spain,75032.0,55.0,1215,18,0,High Value,75032.0,No Response,55-64,Store,1,One Child,0.1111111111111111,11.11111111111111,1.6666666666666667,61-90 Days,Non-Responder
9460,1963,Graduation,Married,0,0,2013-04-18,74,30,3,47,19,21,42,1,3,2,2,8,0,0,0,0,0,0,0,Spain,22419.0,51.0,162,7,0,Medium Value,22419.0,No Response,45-54,Web,0,No Children,0.14285714285714285,14.285714285714285,0.375,61-90 Days,Non-Responder
3855,1963,Graduation,Married,0,0,2013-04-18,74,30,3,47,19,21,42,1,3,2,2,8,0,0,0,0,0,0,0,Canada,22419.0,51.0,162,7,0,Medium Value,22419.0,No Response,45-54,Web,0,No Children,0.14285714285714285,14.285714285714285,0.375,61-90 Days,Non-Responder
367,1978,2n Cycle,Married,1,0,2013-02-19,74,47,90,94,123,103,120,5,9,1,5,9,0,0,0,0,0,0,0,Canada,36550.0,36.0,577,15,0,Medium Value,36550.0,No Response,35-44,Web,1,One Child,0.3333333333333333,33.33333333333333,1.0,61-90 Days,Non-Responder
9265,1953,Graduation,Married,0,1,2013-01-09,74,925,64,179,133,12,77,2,9,4,6,5,0,0,0,0,0,0,0,Saudi Arabia,75027.0,61.0,1390,19,0,High Value,75027.0,No Response,55-64,Web,1,One Child,0.10526315789473684,10.526315789473683,1.8,61-90 Days,Non-Responder
1990,1974,PhD,Single,0,0,2012-11-05,74,965,34,586,89,86,37,1,3,5,8,3,1,0,0,0,0,0,0,Spain,63159.0,40.0,1797,16,1,High Value,63159.0,Low Engagement,35-44,Store,0,No Children,0.0625,6.25,1.0,61-90 Days,Non-Responder
3594,1973,Master,Married,1,1,2012-11-05,74,539,6,91,8,6,97,13,8,2,9,8,0,0,0,0,0,0,0,Canada,54108.0,41.0,747,19,0,Medium Value,54108.0,No Response,35-44,Store,2,Two or More Children,0.6842105263157895,68.42105263157895,1.0,61-90 Days,Non-Responder
9292,1952,Graduation,Married,0,0,2012-10-26,74,324,132,693,27,118,88,1,4,11,7,2,0,0,0,0,0,0,0,Spain,81795.0,62.0,1382,22,0,High Value,81795.0,No Response,55-64,Catalog,0,No Children,0.045454545454545456,4.545454545454546,2.0,61-90 Days,Non-Responder
6218,1965,Graduation,Married,0,1,2012-10-20,74,457,4,29,0,0,9,1,8,1,7,7,0,1,0,0,0,0,0,Spain,59594.0,49.0,499,16,1,Medium Value,59594.0,Low Engagement,45-54,Web,1,One Child,0.0625,6.25,1.1428571428571428,61-90 Days,Non-Responder
6528,1982,Master,Together,1,0,2014-06-05,75,2,2,2,2,1,1,1,1,0,2,8,0,0,0,0,0,0,0,Spain,18492.0,32.0,10,3,0,Low Value,18492.0,No Response,25-34,Store,1,One Child,0.3333333333333333,33.33333333333333,0.125,61-90 Days,Non-Responder
10164,1958,Graduation,Single,0,1,2014-04-03,75,1017,33,417,108,100,16,1,5,5,5,5,0,1,1,0,0,0,0,Spain,94472.0,56.0,1691,15,2,High Value,94472.0,Medium Engagement,55-64,Web,1,One Child,0.06666666666666667,6.666666666666667,1.0,61-90 Days,Non-Responder
9937,1979,Graduation,Single,0,0,2014-01-02,75,187,81,149,25,43,91,1,2,2,12,1,0,0,0,0,0,0,0,USA,70337.0,35.0,576,16,0,Medium Value,70337.0,No Response,35-44,Store,0,No Children,0.0625,6.25,2.0,61-90 Days,Non-Responder
274,1973,Graduation,Single,1,1,2013-12-23,75,9,3,15,2,3,2,2,2,0,3,6,0,0,0,0,0,0,0,Germany,34853.0,41.0,34,5,0,Low Value,34853.0,No Response,35-44,Store,2,Two or More Children,0.4,40.0,0.3333333333333333,61-90 Days,Non-Responder
5250,1943,Master,Widow,0,0,2013-10-30,75,532,126,490,164,126,126,1,5,5,11,1,0,0,1,0,0,1,0,Australia,51381.5,71.0,1564,21,1,High Value,51381.5,Low Engagement,65+,Store,0,No Children,0.047619047619047616,4.761904761904762,5.0,61-90 Days,Responder
11010,1984,PhD,Single,1,0,2013-08-30,75,19,3,18,3,1,0,3,3,0,3,8,0,0,0,0,0,0,0,Spain,16269.0,30.0,44,6,0,Low Value,16269.0,No Response,25-34,Web,1,One Child,0.5,50.0,0.375,61-90 Days,Non-Responder
6969,1982,Graduation,Together,1,0,2013-08-07,75,99,13,66,43,8,4,3,4,1,5,7,0,0,0,0,0,0,0,Australia,50272.0,32.0,233,10,0,Medium Value,50272.0,No Response,25-34,Store,1,One Child,0.3,30.0,0.5714285714285714,61-90 Days,Non-Responder
10735,1971,Graduation,Single,1,0,2013-07-31,75,14,1,7,2,1,1,1,2,0,2,9,0,0,0,0,0,0,0,Saudi Arabia,22804.0,43.0,26,4,0,Low Value,22804.0,No Response,35-44,Web,1,One Child,0.25,25.0,0.2222222222222222,61-90 Days,Non-Responder
5068,1971,Graduation,Single,1,0,2013-07-31,75,14,1,7,2,1,1,1,2,0,2,9,0,0,0,0,0,0,0,Spain,22804.0,43.0,26,4,0,Low Value,22804.0,No Response,35-44,Web,1,One Child,0.25,25.0,0.2222222222222222,61-90 Days,Non-Responder
9974,1974,Graduation,Married,1,0,2013-07-12,75,15,6,20,4,5,20,1,3,1,2,7,0,0,0,0,0,0,0,Saudi Arabia,30631.0,40.0,70,6,0,Low Value,30631.0,No Response,35-44,Web,1,One Child,0.16666666666666666,16.666666666666664,0.42857142857142855,61-90 Days,Non-Responder
7053,1966,PhD,Single,0,0,2013-06-29,75,604,28,674,91,28,28,1,3,10,8,1,0,0,0,0,0,0,0,Saudi Arabia,78420.0,48.0,1453,21,0,High Value,78420.0,No Response,45-54,Catalog,0,No Children,0.047619047619047616,4.761904761904762,3.0,61-90 Days,Non-Responder
3179,1980,Graduation,Single,0,0,2013-06-16,75,249,153,940,58,134,38,0,6,6,7,2,0,0,0,0,0,0,0,Spain,81741.0,34.0,1572,19,0,High Value,81741.0,No Response,25-34,Store,0,No Children,0.0,0.0,3.0,61-90 Days,Non-Responder
8082,1971,Graduation,Married,1,0,2013-05-21,75,1,3,6,3,6,15,1,1,1,2,7,0,0,0,0,0,1,0,Australia,25721.0,43.0,34,4,0,Low Value,25721.0,No Response,35-44,Store,1,One Child,0.25,25.0,0.14285714285714285,61-90 Days,Responder
1362,1972,Graduation,Single,0,0,2013-03-04,75,33,87,64,175,16,74,1,6,1,6,7,0,0,0,0,0,0,0,Germany,31907.0,42.0,449,13,0,Medium Value,31907.0,No Response,35-44,Web,0,No Children,0.07692307692307693,7.6923076923076925,0.8571428571428571,61-90 Days,Non-Responder
6768,1962,Graduation,Divorced,1,2,2013-01-12,75,22,1,8,2,1,2,2,1,0,3,8,0,0,0,0,0,0,0,Canada,37859.0,52.0,36,4,0,Low Value,37859.0,No Response,45-54,Store,3,Two or More Children,0.5,50.0,0.125,61-90 Days,Non-Responder
2375,1972,Graduation,Together,1,2,2012-09-25,75,8,0,5,0,3,6,1,0,0,3,8,0,0,0,0,0,0,0,Spain,30261.0,42.0,22,3,0,Low Value,30261.0,No Response,35-44,Store,3,Two or More Children,0.3333333333333333,33.33333333333333,0.0,61-90 Days,Non-Responder
6856,1979,Graduation,Together,1,0,2012-09-03,75,14,0,23,4,5,19,3,3,0,3,9,0,0,0,0,0,1,0,Germany,21645.0,35.0,65,6,0,Low Value,21645.0,No Response,35-44,Web,1,One Child,0.5,50.0,0.3333333333333333,61-90 Days,Responder
4066,1978,2n Cycle,Divorced,1,0,2014-05-11,76,1,5,8,4,8,20,2,2,1,2,6,0,0,0,0,0,0,0,Spain,21282.0,36.0,46,5,0,Low Value,21282.0,No Response,35-44,Web,1,One Child,0.4,40.0,0.3333333333333333,61-90 Days,Non-Responder
4333,1954,Graduation,Together,1,1,2014-03-23,76,41,0,10,0,0,3,4,2,1,3,7,0,1,0,0,0,0,0,India,32144.0,60.0,54,6,1,Low Value,32144.0,Low Engagement,55-64,Store,2,Two or More Children,0.6666666666666666,66.66666666666666,0.2857142857142857,61-90 Days,Non-Responder
2948,1954,Master,Divorced,0,1,2014-03-01,76,104,12,48,4,12,5,1,2,2,5,2,0,0,0,0,0,0,0,Canada,62637.0,60.0,185,9,0,Medium Value,62637.0,No Response,55-64,Store,1,One Child,0.1111111111111111,11.11111111111111,1.0,61-90 Days,Non-Responder
4927,1971,Graduation,Together,2,0,2014-01-15,76,8,3,22,21,1,13,3,3,0,3,9,0,0,0,0,0,0,0,Saudi Arabia,16626.0,43.0,68,6,0,Low Value,16626.0,No Response,35-44,Web,2,Two or More Children,0.5,50.0,0.3333333333333333,61-90 Days,Non-Responder
7426,1971,2n Cycle,Married,1,1,2013-11-07,76,111,16,37,7,9,18,3,3,1,5,3,0,0,0,0,0,0,0,Spain,54690.0,43.0,198,9,0,Medium Value,54690.0,No Response,35-44,Store,2,Two or More Children,0.3333333333333333,33.33333333333333,1.0,61-90 Days,Non-Responder
8360,1971,2n Cycle,Married,1,1,2013-11-07,76,111,16,37,7,9,18,3,3,1,5,3,0,0,0,0,0,0,0,Spain,54690.0,43.0,198,9,0,Medium Value,54690.0,No Response,35-44,Store,2,Two or More Children,0.3333333333333333,33.33333333333333,1.0,61-90 Days,Non-Responder
4058,1955,PhD,Single,0,0,2013-10-12,76,618,15,106,20,7,45,1,11,2,8,6,0,1,0,0,0,0,0,Spain,61284.0,59.0,811,21,1,Medium Value,61284.0,Low Engagement,55-64,Web,0,No Children,0.047619047619047616,4.761904761904762,1.8333333333333333,61-90 Days,Non-Responder
10755,1976,2n Cycle,Married,1,0,2013-09-02,76,6,3,14,15,7,36,3,3,1,2,7,0,0,0,0,0,0,0,Australia,23718.0,38.0,81,6,0,Low Value,23718.0,No Response,35-44,Web,1,One Child,0.5,50.0,0.42857142857142855,61-90 Days,Non-Responder
8414,1962,PhD,Single,0,1,2013-08-17,76,56,0,12,0,0,18,2,2,0,4,7,0,0,0,0,0,0,0,Spain,33419.0,52.0,86,6,0,Low Value,33419.0,No Response,45-54,Store,1,One Child,0.3333333333333333,33.33333333333333,0.2857142857142857,61-90 Days,Non-Responder
6810,1983,Graduation,Divorced,0,0,2013-05-28,76,267,98,606,48,70,98,1,3,2,6,1,0,0,1,0,0,1,0,Saudi Arabia,82025.0,31.0,1187,11,1,High Value,82025.0,Low Engagement,25-34,Store,0,No Children,0.09090909090909091,9.090909090909092,3.0,61-90 Days,Responder
3839,1958,Basic,Single,1,1,2013-05-03,76,6,12,3,21,6,40,5,2,2,3,5,0,0,0,0,0,0,0,Spain,15056.0,56.0,88,7,0,Low Value,15056.0,No Response,55-64,Store,2,Two or More Children,0.7142857142857143,71.42857142857143,0.4,61-90 Days,Non-Responder
3483,1958,Graduation,Married,0,0,2013-04-06,76,1039,43,204,153,58,29,3,2,8,12,8,0,1,0,1,1,1,0,Canada,48192.0,56.0,1526,22,3,High Value,48192.0,High Engagement,55-64,Store,0,No Children,0.13636363636363635,13.636363636363635,0.25,61-90 Days,Responder
238,1967,2n Cycle,Together,1,1,2013-01-23,76,515,47,181,149,95,95,15,9,6,9,7,0,0,0,0,0,0,0,Spain,67309.0,47.0,1082,24,0,High Value,67309.0,No Response,45-54,Web,2,Two or More Children,0.625,62.5,1.2857142857142858,61-90 Days,Non-Responder
591,1957,Graduation,Widow,0,1,2013-01-20,76,293,35,179,46,59,65,2,8,3,7,7,0,0,0,0,0,0,0,India,66033.0,57.0,677,18,0,Medium Value,66033.0,No Response,55-64,Web,1,One Child,0.1111111111111111,11.11111111111111,1.1428571428571428,61-90 Days,Non-Responder
5063,1977,Graduation,Single,1,0,2012-12-18,76,41,5,129,10,3,3,3,4,1,4,9,0,0,0,0,0,0,0,Spain,28769.0,37.0,191,9,0,Medium Value,28769.0,No Response,35-44,Web,1,One Child,0.3333333333333333,33.33333333333333,0.4444444444444444,61-90 Days,Non-Responder
4303,1957,PhD,Together,0,1,2012-12-08,76,107,2,12,2,2,12,0,0,0,1,20,0,0,0,0,0,0,0,Canada,6835.0,57.0,137,1,0,Medium Value,6835.0,No Response,55-64,Store,1,One Child,0.0,0.0,0.0,61-90 Days,Non-Responder
2258,1986,Graduation,Married,1,0,2012-12-04,76,8,4,15,7,6,2,1,1,0,3,8,0,0,0,0,0,0,0,Spain,32880.0,28.0,42,4,0,Low Value,32880.0,No Response,25-34,Store,1,One Child,0.25,25.0,0.125,61-90 Days,Non-Responder
7301,1982,2n Cycle,Single,1,0,2012-11-17,76,4,22,11,3,7,32,2,3,0,3,8,0,0,0,0,0,1,0,Spain,23616.0,32.0,79,6,0,Low Value,23616.0,No Response,25-34,Web,1,One Child,0.3333333333333333,33.33333333333333,0.375,61-90 Days,Responder
11121,1981,Graduation,Married,1,0,2012-11-10,76,2,14,28,16,3,7,4,4,0,3,9,0,0,0,0,0,0,0,India,19419.0,33.0,70,7,0,Low Value,19419.0,No Response,25-34,Web,1,One Child,0.5714285714285714,57.14285714285714,0.4444444444444444,61-90 Days,Non-Responder
5287,1973,Graduation,Married,1,0,2014-06-19,77,45,2,26,4,1,1,3,3,1,3,7,0,0,0,0,0,0,0,Spain,34961.0,41.0,79,7,0,Low Value,34961.0,No Response,35-44,Web,1,One Child,0.42857142857142855,42.857142857142854,0.42857142857142855,61-90 Days,Non-Responder
6457,1976,Graduation,Divorced,0,1,2014-05-29,77,527,24,230,32,24,65,2,6,4,12,4,0,0,0,0,0,0,0,Saudi Arabia,64892.0,38.0,902,22,0,High Value,64892.0,No Response,35-44,Store,1,One Child,0.09090909090909091,9.090909090909092,1.5,61-90 Days,Non-Responder
3559,1988,2n Cycle,Married,1,0,2014-05-10,77,12,11,10,3,12,9,3,2,1,3,6,0,0,0,0,0,0,0,India,16248.0,26.0,57,6,0,Low Value,16248.0,No Response,25-34,Store,1,One Child,0.5,50.0,0.3333333333333333,61-90 Days,Non-Responder
5577,1983,Graduation,Together,1,0,2014-05-03,77,8,0,9,2,1,3,1,1,0,2,6,0,0,0,0,0,0,0,Spain,43776.0,31.0,23,3,0,Low Value,43776.0,No Response,25-34,Store,1,One Child,0.3333333333333333,33.33333333333333,0.16666666666666666,61-90 Days,Non-Responder
641,1967,Graduation,Single,0,1,2014-04-04,77,59,0,12,0,0,48,1,2,2,2,4,1,0,0,0,0,0,0,India,52074.0,47.0,119,6,1,Medium Value,52074.0,Low Engagement,45-54,Web,1,One Child,0.16666666666666666,16.666666666666664,0.5,61-90 Days,Non-Responder
954,1960,Basic,Widow,0,0,2014-03-27,77,3,3,24,34,7,31,1,2,1,3,5,0,0,0,0,0,0,0,Australia,22123.0,54.0,102,6,0,Low Value,22123.0,No Response,45-54,Store,0,No Children,0.16666666666666666,16.666666666666664,0.4,61-90 Days,Non-Responder
1834,1978,Master,Single,1,0,2014-03-08,77,30,5,23,4,1,4,1,2,0,3,7,0,0,0,0,0,0,0,Saudi Arabia,35544.0,36.0,67,5,0,Low Value,35544.0,No Response,35-44,Store,1,One Child,0.2,20.0,0.2857142857142857,61-90 Days,Non-Responder
8789,1989,2n Cycle,Married,1,0,2014-01-11,77,35,40,111,36,40,12,3,3,1,7,4,0,0,0,0,0,0,0,Spain,59060.0,25.0,274,11,0,Medium Value,59060.0,No Response,25-34,Store,1,One Child,0.2727272727272727,27.27272727272727,0.75,61-90 Days,Non-Responder
10584,1976,Graduation,Married,0,1,2013-12-02,77,225,162,387,106,36,29,1,5,10,8,3,0,0,0,0,0,0,0,Spain,65665.0,38.0,945,23,0,High Value,65665.0,No Response,35-44,Catalog,1,One Child,0.043478260869565216,4.3478260869565215,1.6666666666666667,61-90 Days,Non-Responder
2337,1971,Graduation,Divorced,1,0,2013-10-24,77,9,1,24,2,1,2,3,3,0,3,6,0,0,0,0,0,0,0,Spain,29819.0,43.0,39,6,0,Low Value,29819.0,No Response,35-44,Web,1,One Child,0.5,50.0,0.5,61-90 Days,Non-Responder
6071,1989,Graduation,Single,0,0,2013-07-19,77,493,70,324,146,40,84,1,3,7,11,1,0,0,0,0,0,0,0,Spain,81217.0,25.0,1157,21,0,High Value,81217.0,No Response,25-34,Store,0,No Children,0.047619047619047616,4.761904761904762,3.0,61-90 Days,Non-Responder
295,1989,Graduation,Single,0,0,2013-07-19,77,493,70,324,146,40,84,1,3,7,11,1,0,0,0,0,0,0,0,Spain,81217.0,25.0,1157,21,0,High Value,81217.0,No Response,25-34,Store,0,No Children,0.047619047619047616,4.761904761904762,3.0,61-90 Days,Non-Responder
10203,1990,Graduation,Single,1,0,2013-06-30,77,11,7,9,3,1,11,1,1,0,3,7,0,0,0,0,0,0,0,Spain,26095.0,24.0,42,4,0,Low Value,26095.0,No Response,Under 25,Store,1,One Child,0.25,25.0,0.14285714285714285,61-90 Days,Non-Responder
3968,1970,2n Cycle,Divorced,0,0,2013-06-28,77,918,10,129,13,0,129,1,11,3,12,7,0,1,1,0,1,1,0,Canada,65706.0,44.0,1199,26,3,High Value,65706.0,High Engagement,35-44,Store,0,No Children,0.038461538461538464,3.8461538461538463,1.5714285714285714,61-90 Days,Responder
4037,1976,Graduation,Divorced,1,0,2013-06-14,77,3,1,3,8,0,5,1,1,0,2,7,0,0,0,0,0,0,0,Saudi Arabia,31859.0,38.0,20,3,0,Low Value,31859.0,No Response,35-44,Store,1,One Child,0.3333333333333333,33.33333333333333,0.14285714285714285,61-90 Days,Non-Responder
6932,1941,PhD,Married,0,0,2013-04-13,77,1285,42,716,55,0,21,0,7,10,5,2,0,0,1,0,0,0,0,Spain,93027.0,73.0,2119,22,1,High Value,93027.0,Low Engagement,65+,Catalog,0,No Children,0.0,0.0,3.5,61-90 Days,Non-Responder
10159,1970,Graduation,Divorced,0,1,2013-03-31,77,440,81,368,0,122,174,6,11,5,9,6,0,0,0,0,0,0,0,Australia,58710.0,44.0,1185,25,0,High Value,58710.0,No Response,35-44,Web,1,One Child,0.24,24.0,1.8333333333333333,61-90 Days,Non-Responder
1177,1966,Master,Together,1,1,2013-01-26,77,80,3,26,4,2,14,4,3,1,3,7,0,0,0,0,0,0,0,Spain,49618.0,48.0,129,7,0,Medium Value,49618.0,No Response,45-54,Web,2,Two or More Children,0.5714285714285714,57.14285714285714,0.42857142857142855,61-90 Days,Non-Responder
9426,1964,Master,Single,0,1,2013-01-12,77,691,0,69,10,0,130,4,2,6,3,8,0,0,0,0,0,0,0,Spain,58308.0,50.0,900,11,0,High Value,58308.0,No Response,45-54,Catalog,1,One Child,0.36363636363636365,36.36363636363637,0.25,61-90 Days,Non-Responder
10637,1964,Graduation,Married,1,2,2013-01-01,77,24,0,27,8,30,10,2,3,0,3,7,0,0,0,0,0,0,1,Spain,40800.0,50.0,99,6,0,Low Value,40800.0,No Response,45-54,Web,3,Two or More Children,0.3333333333333333,33.33333333333333,0.42857142857142855,61-90 Days,Non-Responder
10826,1959,Graduation,Married,0,0,2012-12-28,77,6,1,7,23,4,19,1,1,1,2,8,0,0,0,0,0,0,0,Spain,18690.0,55.0,60,4,0,Low Value,18690.0,No Response,55-64,Store,0,No Children,0.25,25.0,0.125,61-90 Days,Non-Responder
4086,1959,Graduation,Married,0,0,2012-12-28,77,6,1,7,23,4,19,1,1,1,2,8,0,0,0,0,0,0,0,Germany,18690.0,55.0,60,4,0,Low Value,18690.0,No Response,55-64,Store,0,No Children,0.25,25.0,0.125,61-90 Days,Non-Responder
10304,1959,Graduation,Married,0,0,2012-12-28,77,6,1,7,23,4,19,1,1,1,2,8,0,0,0,0,0,0,0,Spain,18690.0,55.0,60,4,0,Low Value,18690.0,No Response,55-64,Store,0,No Children,0.25,25.0,0.125,61-90 Days,Non-Responder
7998,1958,Graduation,Together,1,1,2012-12-11,77,53,8,17,13,0,21,3,2,2,2,7,0,0,0,0,0,0,0,India,28087.0,56.0,112,6,0,Low Value,28087.0,No Response,55-64,Web,2,Two or More Children,0.5,50.0,0.2857142857142857,61-90 Days,Non-Responder
10992,1967,Graduation,Together,1,1,2012-08-29,77,650,28,353,45,42,30,5,4,6,11,8,0,0,0,0,0,0,0,Saudi Arabia,75702.0,47.0,1148,21,0,High Value,75702.0,No Response,45-54,Store,2,Two or More Children,0.23809523809523808,23.809523809523807,0.5,61-90 Days,Non-Responder
6383,1971,PhD,Together,1,0,2014-05-25,78,26,0,15,2,1,2,2,3,0,3,8,0,0,0,0,0,0,0,Saudi Arabia,32892.0,43.0,46,6,0,Low Value,32892.0,No Response,35-44,Web,1,One Child,0.3333333333333333,33.33333333333333,0.375,61-90 Days,Non-Responder
10536,1971,PhD,Together,1,0,2014-05-25,78,26,0,15,2,1,2,2,3,0,3,8,0,0,0,0,0,0,0,Spain,32892.0,43.0,46,6,0,Low Value,32892.0,No Response,35-44,Web,1,One Child,0.3333333333333333,33.33333333333333,0.375,61-90 Days,Non-Responder
6036,1959,Master,Together,0,0,2014-03-17,78,1168,92,408,72,129,55,1,5,6,7,1,0,0,1,0,0,0,0,Spain,89120.0,55.0,1924,18,1,High Value,89120.0,Low Engagement,55-64,Store,0,No Children,0.05555555555555555,5.555555555555555,5.0,61-90 Days,Non-Responder
11092,1961,Graduation,Married,1,1,2014-03-02,78,12,1,21,2,2,3,2,2,0,3,7,0,0,0,0,0,0,0,Saudi Arabia,27116.0,53.0,41,5,0,Low Value,27116.0,No Response,45-54,Store,2,Two or More Children,0.4,40.0,0.2857142857142857,61-90 Days,Non-Responder
538,1989,Graduation,Single,1,0,2014-02-10,78,31,9,27,16,9,33,1,1,1,4,3,0,0,0,0,0,0,0,Saudi Arabia,46107.0,25.0,125,6,0,Medium Value,46107.0,No Response,25-34,Store,1,One Child,0.16666666666666666,16.666666666666664,0.3333333333333333,61-90 Days,Non-Responder
10022,1973,PhD,Single,1,1,2014-02-09,78,12,0,4,0,0,0,1,1,0,2,5,0,0,0,0,0,0,0,Spain,54466.0,41.0,16,3,0,Low Value,54466.0,No Response,35-44,Store,2,Two or More Children,0.3333333333333333,33.33333333333333,0.2,61-90 Days,Non-Responder
10157,1965,Graduation,Single,0,1,2014-01-25,78,89,15,89,34,42,5,1,4,1,6,4,0,0,0,0,0,0,0,Canada,59686.0,49.0,274,11,0,Medium Value,59686.0,No Response,45-54,Store,1,One Child,0.09090909090909091,9.090909090909092,1.0,61-90 Days,Non-Responder
3503,1950,Graduation,Divorced,0,0,2013-12-02,78,255,47,573,52,32,15,1,5,3,6,1,0,0,0,0,0,0,0,Saudi Arabia,82460.0,64.0,974,14,0,High Value,82460.0,No Response,55-64,Store,0,No Children,0.07142857142857142,7.142857142857142,5.0,61-90 Days,Non-Responder
146,1960,PhD,Single,0,0,2013-11-15,78,760,53,400,17,93,0,1,4,5,11,2,0,0,0,1,0,0,0,Spain,76045.0,54.0,1323,20,1,High Value,76045.0,Low Engagement,45-54,Store,0,No Children,0.05,5.0,2.0,61-90 Days,Non-Responder
5538,1975,Graduation,Divorced,0,0,2013-10-08,78,897,161,430,186,161,27,0,4,7,6,1,1,0,1,1,0,1,0,Spain,83829.0,39.0,1862,17,3,High Value,83829.0,High Engagement,35-44,Catalog,0,No Children,0.0,0.0,4.0,61-90 Days,Responder
3910,1975,Graduation,Divorced,0,0,2013-10-08,78,897,161,430,186,161,27,0,4,7,6,1,1,0,1,1,0,1,0,Spain,83829.0,39.0,1862,17,3,High Value,83829.0,High Engagement,35-44,Catalog,0,No Children,0.0,0.0,4.0,61-90 Days,Responder
4227,1968,Master,Together,1,1,2013-09-06,78,28,0,13,4,2,8,3,2,1,3,5,0,0,0,0,0,0,0,Spain,32889.0,46.0,55,6,0,Low Value,32889.0,No Response,45-54,Store,2,Two or More Children,0.5,50.0,0.4,61-90 Days,Non-Responder
6634,1979,Master,Divorced,1,0,2013-08-07,78,22,3,18,0,0,11,1,2,0,3,7,0,0,0,0,0,0,0,Saudi Arabia,33462.0,35.0,54,5,0,Low Value,33462.0,No Response,35-44,Store,1,One Child,0.2,20.0,0.2857142857142857,61-90 Days,Non-Responder
8916,1975,Graduation,Divorced,2,0,2013-07-23,78,9,1,5,0,0,1,1,0,0,3,5,0,0,0,0,0,0,0,Saudi Arabia,36627.0,39.0,16,3,0,Low Value,36627.0,No Response,35-44,Store,2,Two or More Children,0.3333333333333333,33.33333333333333,0.0,61-90 Days,Non-Responder
6460,1982,Graduation,Married,1,0,2013-07-13,78,12,4,6,11,8,16,2,2,0,3,8,0,0,0,0,0,0,0,India,28718.0,32.0,57,5,0,Low Value,28718.0,No Response,25-34,Store,1,One Child,0.4,40.0,0.25,61-90 Days,Non-Responder
5883,1972,Graduation,Married,1,0,2013-05-26,78,138,120,204,16,126,60,3,7,4,7,5,0,0,0,0,0,0,0,Spain,77981.0,42.0,664,18,0,Medium Value,77981.0,No Response,35-44,Web,1,One Child,0.16666666666666666,16.666666666666664,1.4,61-90 Days,Non-Responder
10091,1956,Graduation,Single,0,1,2013-05-20,78,520,20,367,39,81,40,2,6,3,6,5,0,0,0,0,0,0,0,Spain,60230.0,58.0,1067,15,0,High Value,60230.0,No Response,55-64,Web,1,One Child,0.13333333333333333,13.333333333333334,1.2,61-90 Days,Non-Responder
697,1969,Graduation,Together,0,0,2013-03-12,78,972,59,913,25,19,59,1,5,9,6,3,0,0,1,0,0,0,0,Spain,74918.0,45.0,2047,20,1,High Value,74918.0,Low Engagement,45-54,Catalog,0,No Children,0.05,5.0,1.6666666666666667,61-90 Days,Non-Responder
2607,1953,Graduation,Single,0,1,2013-01-11,78,424,17,118,7,23,41,6,8,2,8,8,0,0,0,0,0,0,0,Spain,40464.0,61.0,630,18,0,Medium Value,40464.0,No Response,55-64,Web,1,One Child,0.3333333333333333,33.33333333333333,1.0,61-90 Days,Non-Responder
8427,1956,Master,Single,0,0,2012-11-23,78,556,14,717,210,0,43,1,7,5,10,4,0,0,0,0,0,0,0,Spain,64857.0,58.0,1540,22,0,High Value,64857.0,No Response,55-64,Store,0,No Children,0.045454545454545456,4.545454545454546,1.75,61-90 Days,Non-Responder
217,1956,Master,Single,0,0,2012-11-23,78,556,14,717,210,0,43,1,7,5,10,4,0,0,0,0,0,0,0,Canada,64857.0,58.0,1540,22,0,High Value,64857.0,No Response,55-64,Store,0,No Children,0.045454545454545456,4.545454545454546,1.75,61-90 Days,Non-Responder
6202,1960,Graduation,Together,0,1,2012-10-05,78,571,50,142,33,50,159,4,4,5,13,2,0,0,0,0,0,0,0,Spain,63381.0,54.0,1005,22,0,High Value,63381.0,No Response,45-54,Store,1,One Child,0.18181818181818182,18.181818181818183,2.0,61-90 Days,Non-Responder
3856,1960,Graduation,Together,0,1,2012-10-05,78,571,50,142,33,50,159,4,4,5,13,2,0,0,0,0,0,0,0,Spain,63381.0,54.0,1005,22,0,High Value,63381.0,No Response,45-54,Store,1,One Child,0.18181818181818182,18.181818181818183,2.0,61-90 Days,Non-Responder
10648,1982,2n Cycle,Together,0,0,2012-09-25,78,398,96,447,220,96,32,1,5,7,6,3,0,0,0,0,0,0,0,Spain,66664.0,32.0,1289,18,0,High Value,66664.0,No Response,25-34,Catalog,0,No Children,0.05555555555555555,5.555555555555555,1.6666666666666667,61-90 Days,Non-Responder
5120,1982,2n Cycle,Together,0,0,2012-09-25,78,398,96,447,220,96,32,1,5,7,6,3,0,0,0,0,0,0,0,Saudi Arabia,66664.0,32.0,1289,18,0,High Value,66664.0,No Response,25-34,Catalog,0,No Children,0.05555555555555555,5.555555555555555,1.6666666666666667,61-90 Days,Non-Responder
6749,1966,Graduation,Single,1,1,2012-08-08,78,957,47,494,82,47,95,4,5,3,6,8,0,0,0,0,0,0,0,Spain,86358.0,48.0,1722,14,0,High Value,86358.0,No Response,45-54,Store,2,Two or More Children,0.2857142857142857,28.57142857142857,0.625,61-90 Days,Non-Responder
1584,1977,Graduation,Married,1,0,2014-04-01,79,171,7,171,25,19,89,6,8,1,5,8,0,0,0,0,0,0,0,Saudi Arabia,41443.0,37.0,482,14,0,Medium Value,41443.0,No Response,35-44,Web,1,One Child,0.42857142857142855,42.857142857142854,1.0,61-90 Days,Non-Responder
9559,1961,PhD,Married,0,1,2014-01-24,79,944,0,60,0,0,30,2,7,5,13,5,1,0,0,0,0,0,0,Canada,57072.0,53.0,1034,25,1,High Value,57072.0,Low Engagement,45-54,Store,1,One Child,0.08,8.0,1.4,61-90 Days,Non-Responder
771,1967,Graduation,Together,0,1,2014-01-21,79,135,9,39,4,0,7,1,2,2,5,2,0,0,0,0,0,0,0,Germany,54178.0,47.0,194,9,0,Medium Value,54178.0,No Response,45-54,Store,1,One Child,0.1111111111111111,11.11111111111111,1.0,61-90 Days,Non-Responder
5237,1950,PhD,Single,1,2,2014-01-01,79,28,1,21,3,0,10,3,2,1,3,5,0,0,0,0,0,0,0,Australia,48767.0,64.0,63,6,0,Low Value,48767.0,No Response,55-64,Store,3,Two or More Children,0.5,50.0,0.4,61-90 Days,Non-Responder
2461,1955,Master,Single,1,1,2013-12-18,79,26,1,11,0,1,4,2,1,0,3,3,0,0,0,0,0,0,0,Canada,51124.0,59.0,43,4,0,Low Value,51124.0,No Response,55-64,Store,2,Two or More Children,0.5,50.0,0.3333333333333333,61-90 Days,Non-Responder
5474,1970,Graduation,Single,1,0,2013-11-30,79,45,7,99,4,25,43,3,4,1,4,6,0,0,0,0,0,0,0,USA,43020.0,44.0,223,9,0,Medium Value,43020.0,No Response,35-44,Web,1,One Child,0.3333333333333333,33.33333333333333,0.6666666666666666,61-90 Days,Non-Responder
2895,1963,Graduation,Single,0,1,2013-10-23,79,104,1,54,13,9,14,2,3,1,5,5,0,0,0,0,0,0,0,India,49980.0,51.0,195,9,0,Medium Value,49980.0,No Response,45-54,Store,1,One Child,0.2222222222222222,22.22222222222222,0.6,61-90 Days,Non-Responder
7972,1955,Graduation,Single,0,0,2013-09-17,79,400,32,519,71,75,54,1,3,4,9,1,0,0,0,0,0,0,0,Spain,72906.0,59.0,1151,16,0,High Value,72906.0,No Response,55-64,Store,0,No Children,0.0625,6.25,3.0,61-90 Days,Non-Responder
10067,1976,2n Cycle,Together,1,1,2013-08-10,79,4,0,4,0,0,5,1,1,0,2,7,0,0,0,0,0,0,0,Germany,25176.0,38.0,13,3,0,Low Value,25176.0,No Response,35-44,Store,2,Two or More Children,0.3333333333333333,33.33333333333333,0.14285714285714285,61-90 Days,Non-Responder
500,1977,Graduation,Together,0,0,2013-08-06,79,908,43,735,40,194,21,1,7,7,9,2,0,1,1,1,0,1,0,Spain,96876.0,37.0,1941,23,3,High Value,96876.0,High Engagement,35-44,Store,0,No Children,0.043478260869565216,4.3478260869565215,3.5,61-90 Days,Responder
922,1979,2n Cycle,Married,1,1,2013-05-04,79,16,2,11,3,0,16,2,1,1,2,8,1,0,0,0,0,0,0,Germany,31086.0,35.0,48,4,1,Low Value,31086.0,Low Engagement,35-44,Store,2,Two or More Children,0.5,50.0,0.125,61-90 Days,Non-Responder
2861,1983,Graduation,Single,1,0,2013-04-16,79,9,1,6,3,0,4,1,1,0,2,8,0,0,0,0,0,0,0,Spain,24072.0,31.0,23,3,0,Low Value,24072.0,No Response,25-34,Store,1,One Child,0.3333333333333333,33.33333333333333,0.125,61-90 Days,Non-Responder
375,1954,Graduation,Divorced,0,0,2013-02-25,79,516,56,449,86,33,16,1,2,2,11,1,0,0,0,0,0,0,0,Spain,76773.0,60.0,1156,15,0,High Value,76773.0,No Response,55-64,Store,0,No Children,0.06666666666666667,6.666666666666667,2.0,61-90 Days,Non-Responder
10936,1965,Graduation,Married,0,0,2013-02-13,79,597,166,597,172,166,249,1,5,6,4,3,0,0,0,0,0,0,0,Australia,72190.0,49.0,1947,15,0,High Value,72190.0,No Response,45-54,Catalog,0,No Children,0.06666666666666667,6.666666666666667,1.6666666666666667,61-90 Days,Non-Responder
10314,1948,PhD,Married,0,0,2012-12-16,79,847,66,119,86,89,111,1,9,10,5,4,0,1,0,1,0,1,0,India,83837.0,66.0,1318,24,2,High Value,83837.0,Medium Engagement,65+,Catalog,0,No Children,0.041666666666666664,4.166666666666666,2.25,61-90 Days,Responder
4240,1978,Graduation,Married,1,0,2012-11-03,79,4,9,16,17,0,12,2,2,1,2,8,0,0,0,0,0,0,0,Spain,17345.0,36.0,58,5,0,Low Value,17345.0,No Response,35-44,Web,1,One Child,0.4,40.0,0.25,61-90 Days,Non-Responder
2674,1958,Master,Single,0,1,2012-09-04,79,543,10,205,160,143,82,1,6,3,6,3,0,0,0,0,0,1,0,USA,75154.0,56.0,1143,15,0,High Value,75154.0,No Response,55-64,Web,1,One Child,0.06666666666666667,6.666666666666667,2.0,61-90 Days,Responder
2563,1961,Basic,Married,0,0,2014-06-15,80,1,9,7,2,14,10,1,2,0,3,6,0,0,0,0,0,0,0,India,28249.0,53.0,43,5,0,Low Value,28249.0,No Response,45-54,Store,0,No Children,0.2,20.0,0.3333333333333333,61-90 Days,Non-Responder
8312,1961,Basic,Married,0,0,2014-06-15,80,1,9,7,2,14,10,1,2,0,3,6,0,0,0,0,0,0,0,Spain,28249.0,53.0,43,5,0,Low Value,28249.0,No Response,45-54,Store,0,No Children,0.2,20.0,0.3333333333333333,61-90 Days,Non-Responder
6999,1980,Master,Married,0,0,2014-05-13,80,656,16,106,32,16,8,1,7,3,12,3,0,0,0,0,0,0,0,India,69661.0,34.0,834,22,0,High Value,69661.0,No Response,25-34,Store,0,No Children,0.045454545454545456,4.545454545454546,2.3333333333333335,61-90 Days,Non-Responder
7574,1979,PhD,Together,1,0,2014-05-10,80,11,0,13,2,4,11,1,2,0,3,4,0,0,0,0,0,0,0,Saudi Arabia,27922.0,35.0,41,5,0,Low Value,27922.0,No Response,35-44,Store,1,One Child,0.2,20.0,0.5,61-90 Days,Non-Responder
5223,1966,Master,Together,0,1,2014-04-23,80,33,8,10,2,10,3,2,2,1,3,4,0,0,0,0,0,0,0,Saudi Arabia,45903.0,48.0,66,6,0,Low Value,45903.0,No Response,45-54,Store,1,One Child,0.3333333333333333,33.33333333333333,0.5,61-90 Days,Non-Responder
2952,1977,Master,Single,1,0,2014-04-16,80,29,3,30,3,2,9,2,3,0,3,6,0,0,0,0,0,0,0,Spain,36273.0,37.0,76,6,0,Low Value,36273.0,No Response,35-44,Web,1,One Child,0.3333333333333333,33.33333333333333,0.5,61-90 Days,Non-Responder
7683,1968,Master,Married,0,1,2014-02-25,80,554,35,113,0,7,78,3,5,3,12,3,0,0,0,0,0,0,0,Spain,70777.0,46.0,787,20,0,Medium Value,70777.0,No Response,45-54,Store,1,One Child,0.15,15.0,1.6666666666666667,61-90 Days,Non-Responder
9481,1976,Graduation,Married,1,0,2014-01-28,80,9,9,11,13,10,16,4,3,1,3,8,0,0,0,0,0,0,0,Canada,17148.0,38.0,68,7,0,Low Value,17148.0,No Response,35-44,Web,1,One Child,0.5714285714285714,57.14285714285714,0.375,61-90 Days,Non-Responder
9907,1969,Master,Together,0,1,2013-12-04,80,742,28,152,25,9,57,2,6,8,10,4,0,0,0,0,0,0,0,Germany,66476.0,45.0,1013,24,0,High Value,66476.0,No Response,45-54,Store,1,One Child,0.08333333333333333,8.333333333333332,1.5,61-90 Days,Non-Responder
5454,1979,Master,Married,1,0,2013-12-01,80,37,0,7,3,0,3,1,2,0,3,5,0,0,0,0,0,0,0,USA,45057.0,35.0,50,5,0,Low Value,45057.0,No Response,35-44,Store,1,One Child,0.2,20.0,0.4,61-90 Days,Non-Responder
3798,1968,Graduation,Married,1,1,2013-11-06,80,24,2,23,0,8,24,3,2,1,3,6,0,0,0,0,0,0,0,Spain,41120.0,46.0,81,6,0,Low Value,41120.0,No Response,45-54,Store,2,Two or More Children,0.5,50.0,0.3333333333333333,61-90 Days,Non-Responder
7281,1959,PhD,Single,0,0,2013-11-05,80,81,11,50,3,2,39,1,1,3,4,2,0,0,0,0,0,0,0,Australia,51381.5,55.0,186,8,0,Medium Value,51381.5,No Response,55-64,Store,0,No Children,0.125,12.5,0.5,61-90 Days,Non-Responder
4259,1986,Master,Single,2,0,2013-09-24,80,6,0,4,0,0,0,1,1,0,2,7,0,0,0,0,0,0,0,India,19485.0,28.0,10,3,0,Low Value,19485.0,No Response,25-34,Store,2,Two or More Children,0.3333333333333333,33.33333333333333,0.14285714285714285,61-90 Days,Non-Responder
2549,1983,PhD,Together,1,0,2013-07-21,80,17,0,9,0,0,1,1,1,0,3,9,0,0,0,0,0,0,0,Spain,21840.0,31.0,27,4,0,Low Value,21840.0,No Response,25-34,Store,1,One Child,0.25,25.0,0.1111111111111111,61-90 Days,Non-Responder
6437,1985,2n Cycle,Single,1,0,2013-06-19,80,21,8,20,15,3,9,1,2,0,3,7,0,0,0,0,0,0,0,Spain,41473.0,29.0,76,5,0,Low Value,41473.0,No Response,25-34,Store,1,One Child,0.2,20.0,0.2857142857142857,61-90 Days,Non-Responder
2488,1956,2n Cycle,Divorced,1,1,2013-03-23,80,23,1,25,0,8,7,4,2,1,3,6,0,0,0,0,0,0,0,Spain,31395.0,58.0,64,6,0,Low Value,31395.0,No Response,55-64,Store,2,Two or More Children,0.6666666666666666,66.66666666666666,0.3333333333333333,61-90 Days,Non-Responder
3945,1947,PhD,Widow,0,1,2013-03-10,80,618,44,215,0,17,36,2,11,8,4,6,1,0,0,0,0,1,0,Spain,68117.0,67.0,930,23,1,High Value,68117.0,Low Engagement,65+,Web,1,One Child,0.08695652173913043,8.695652173913043,1.8333333333333333,61-90 Days,Responder
702,1975,2n Cycle,Widow,0,1,2013-02-15,80,162,61,83,97,57,61,4,4,3,8,5,0,0,0,0,0,0,0,Spain,47682.0,39.0,521,15,0,Medium Value,47682.0,No Response,35-44,Store,1,One Child,0.26666666666666666,26.666666666666668,0.8,61-90 Days,Non-Responder
9010,1972,Master,Married,0,0,2013-02-10,80,968,147,842,137,42,210,1,5,7,10,2,1,0,1,1,0,1,0,Spain,83151.0,42.0,2346,22,3,High Value,83151.0,High Engagement,35-44,Store,0,No Children,0.045454545454545456,4.545454545454546,2.5,61-90 Days,Responder
9710,1969,PhD,Divorced,0,1,2013-01-20,80,708,7,62,0,0,15,2,11,3,7,8,0,0,0,0,0,0,0,Spain,58086.0,45.0,792,21,0,Medium Value,58086.0,No Response,45-54,Web,1,One Child,0.09523809523809523,9.523809523809524,1.375,61-90 Days,Non-Responder
1509,1958,PhD,Together,0,0,2013-01-04,80,152,27,103,106,54,81,0,9,9,4,5,0,1,1,1,1,1,0,Spain,84460.0,56.0,523,22,4,Medium Value,84460.0,High Engagement,55-64,Web,0,No Children,0.0,0.0,1.8,61-90 Days,Responder
9120,1962,Graduation,Single,0,1,2012-12-05,80,747,10,161,65,40,42,4,4,2,9,8,0,0,0,0,0,0,0,Spain,66565.0,52.0,1065,15,0,High Value,66565.0,No Response,45-54,Store,1,One Child,0.26666666666666666,26.666666666666668,0.5,61-90 Days,Non-Responder
5252,1969,Graduation,Divorced,1,0,2012-10-26,80,16,12,18,7,1,13,1,2,0,3,7,0,0,0,0,0,0,0,Spain,23910.0,45.0,67,5,0,Low Value,23910.0,No Response,45-54,Store,1,One Child,0.2,20.0,0.2857142857142857,61-90 Days,Non-Responder
5959,1968,Graduation,Single,1,1,2012-10-15,80,158,0,23,0,0,18,6,3,1,5,8,0,0,0,0,0,0,0,India,35893.0,46.0,199,9,0,Medium Value,35893.0,No Response,45-54,Store,2,Two or More Children,0.6666666666666666,66.66666666666666,0.375,61-90 Days,Non-Responder
7441,1973,Graduation,Divorced,1,0,2012-10-06,80,958,159,447,20,0,31,3,2,10,12,7,0,0,0,0,0,0,0,USA,71128.0,41.0,1615,24,0,High Value,71128.0,No Response,35-44,Store,1,One Child,0.125,12.5,0.2857142857142857,61-90 Days,Non-Responder
4271,1989,2n Cycle,Together,1,0,2012-10-04,80,46,35,69,84,41,66,6,4,1,6,7,0,0,0,0,0,0,0,India,38683.0,25.0,341,11,0,Medium Value,38683.0,No Response,25-34,Store,1,One Child,0.5454545454545454,54.54545454545454,0.5714285714285714,61-90 Days,Non-Responder
4095,1971,Graduation,Married,1,0,2012-09-11,80,167,37,64,49,34,116,8,4,3,6,7,0,0,0,0,0,0,0,USA,37150.0,43.0,467,13,0,Medium Value,37150.0,No Response,35-44,Store,1,One Child,0.6153846153846154,61.53846153846154,0.5714285714285714,61-90 Days,Non-Responder
8852,1976,Graduation,Married,0,1,2012-08-31,80,387,126,342,0,45,180,5,8,4,11,6,0,0,0,0,0,0,0,Spain,61064.0,38.0,1080,23,0,High Value,61064.0,No Response,35-44,Store,1,One Child,0.21739130434782608,21.73913043478261,1.3333333333333333,61-90 Days,Non-Responder
7698,1976,PhD,Married,0,1,2014-05-11,81,152,3,22,2,5,7,1,4,1,4,5,0,0,0,0,0,0,0,India,51650.0,38.0,191,9,0,Medium Value,51650.0,No Response,35-44,Web,1,One Child,0.1111111111111111,11.11111111111111,0.8,61-90 Days,Non-Responder
4174,1956,Master,Together,0,1,2014-04-17,81,97,1,19,2,0,11,1,2,1,4,3,0,0,0,0,0,0,0,Spain,55249.0,58.0,130,7,0,Medium Value,55249.0,No Response,55-64,Store,1,One Child,0.14285714285714285,14.285714285714285,0.6666666666666666,61-90 Days,Non-Responder
3182,1973,PhD,Single,1,1,2014-03-31,81,96,1,79,7,1,79,6,5,1,3,8,1,0,0,0,0,1,0,India,46854.0,41.0,263,9,1,Medium Value,46854.0,Low Engagement,35-44,Web,2,Two or More Children,0.6666666666666666,66.66666666666666,0.625,61-90 Days,Responder
193,1996,Basic,Married,0,0,2014-02-17,81,0,0,2,3,3,8,1,1,0,2,5,1,0,0,0,0,0,0,Spain,14421.0,18.0,16,3,1,Low Value,14421.0,Low Engagement,Under 25,Store,0,No Children,0.3333333333333333,33.33333333333333,0.2,61-90 Days,Non-Responder
5229,1969,PhD,Together,0,1,2014-02-16,81,30,1,8,0,0,3,1,1,0,3,7,0,0,0,0,0,0,0,Germany,54132.0,45.0,42,4,0,Low Value,54132.0,No Response,45-54,Store,1,One Child,0.25,25.0,0.14285714285714285,61-90 Days,Non-Responder
5555,1975,Graduation,Divorced,0,0,2014-02-07,81,1,1,1,1,1,1,0,0,0,0,0,0,0,0,0,0,0,0,Spain,153924.0,39.0,6,0,0,Low Value,153924.0,No Response,35-44,Web,0,No Children,0.0,0.0,,61-90 Days,Non-Responder
7732,1978,Graduation,Married,1,0,2014-01-02,81,293,0,124,179,97,52,1,7,2,10,5,0,0,0,0,0,0,0,Spain,64813.0,36.0,745,19,0,Medium Value,64813.0,No Response,35-44,Store,1,One Child,0.05263157894736842,5.263157894736842,1.4,61-90 Days,Non-Responder
310,1970,Master,Married,0,1,2013-12-13,81,330,5,159,36,27,16,4,4,4,9,4,0,0,0,0,0,0,0,Canada,61872.0,44.0,573,17,0,Medium Value,61872.0,No Response,35-44,Store,1,One Child,0.23529411764705882,23.52941176470588,1.0,61-90 Days,Non-Responder
6261,1979,Graduation,Married,0,1,2013-11-26,81,270,31,88,11,48,22,3,3,2,10,4,0,0,0,0,0,0,0,India,58025.0,35.0,470,15,0,Medium Value,58025.0,No Response,35-44,Store,1,One Child,0.2,20.0,0.75,61-90 Days,Non-Responder
6274,1948,Master,Married,0,0,2013-11-15,81,1076,16,417,42,48,16,1,8,10,6,3,0,1,1,0,0,0,0,Saudi Arabia,83790.0,66.0,1615,24,2,High Value,83790.0,Medium Engagement,65+,Catalog,0,No Children,0.041666666666666664,4.166666666666666,2.6666666666666665,61-90 Days,Non-Responder
1655,1979,Graduation,Together,1,0,2013-10-19,81,16,3,15,2,1,11,1,1,0,3,7,0,0,0,0,0,0,0,Australia,34350.0,35.0,48,4,0,Low Value,34350.0,No Response,35-44,Store,1,One Child,0.25,25.0,0.14285714285714285,61-90 Days,Non-Responder
2740,1958,PhD,Widow,1,1,2013-09-22,81,62,1,16,3,2,6,4,2,1,4,5,0,0,0,0,0,0,0,Spain,33438.0,56.0,90,7,0,Low Value,33438.0,No Response,55-64,Store,2,Two or More Children,0.5714285714285714,57.14285714285714,0.4,61-90 Days,Non-Responder
4328,1986,2n Cycle,Married,1,0,2013-09-07,81,5,1,7,17,14,11,2,2,1,3,6,0,0,0,0,0,0,0,Spain,21955.0,28.0,55,6,0,Low Value,21955.0,No Response,25-34,Store,1,One Child,0.3333333333333333,33.33333333333333,0.3333333333333333,61-90 Days,Non-Responder
17,1971,PhD,Married,0,1,2013-09-06,81,637,47,237,12,19,76,4,6,11,7,5,0,0,0,0,0,0,0,Spain,60491.0,43.0,1028,24,0,High Value,60491.0,No Response,35-44,Catalog,1,One Child,0.16666666666666666,16.666666666666664,1.2,61-90 Days,Non-Responder
9153,1964,PhD,Married,0,1,2013-07-29,81,418,61,428,80,51,10,3,7,8,10,5,0,0,0,0,0,0,0,Spain,59304.0,50.0,1048,25,0,High Value,59304.0,No Response,45-54,Store,1,One Child,0.12,12.0,1.4,61-90 Days,Non-Responder
520,1974,Graduation,Married,1,0,2013-07-01,81,3,3,7,6,2,9,1,1,0,2,7,0,0,0,0,0,0,0,Spain,34421.0,40.0,30,3,0,Low Value,34421.0,No Response,35-44,Store,1,One Child,0.3333333333333333,33.33333333333333,0.14285714285714285,61-90 Days,Non-Responder
8372,1974,Graduation,Married,1,0,2013-07-01,81,3,3,7,6,2,9,1,1,0,2,7,0,0,0,0,0,0,0,Saudi Arabia,34421.0,40.0,30,3,0,Low Value,34421.0,No Response,35-44,Store,1,One Child,0.3333333333333333,33.33333333333333,0.14285714285714285,61-90 Days,Non-Responder
73,1953,PhD,Single,1,2,2013-05-26,81,14,0,3,0,0,1,1,0,0,3,5,0,0,0,0,0,0,0,India,51411.0,61.0,18,3,0,Low Value,51411.0,No Response,55-64,Store,3,Two or More Children,0.3333333333333333,33.33333333333333,0.0,61-90 Days,Non-Responder
2002,1958,Graduation,Divorced,0,0,2013-05-20,81,587,51,932,180,34,86,1,5,6,5,3,0,0,0,0,0,0,0,Spain,71964.0,56.0,1870,16,0,High Value,71964.0,No Response,55-64,Catalog,0,No Children,0.0625,6.25,1.6666666666666667,61-90 Days,Non-Responder
6059,1953,PhD,Together,1,2,2013-03-04,81,986,36,168,16,0,108,7,11,3,4,7,0,0,0,0,0,1,0,Spain,64504.0,61.0,1314,18,0,High Value,64504.0,No Response,55-64,Web,3,Two or More Children,0.3888888888888889,38.88888888888889,1.5714285714285714,61-90 Days,Responder
11166,1961,Graduation,Married,0,1,2013-02-02,81,229,5,56,3,2,20,2,6,2,4,7,0,0,0,0,0,0,0,Spain,49678.0,53.0,315,12,0,Medium Value,49678.0,No Response,45-54,Web,1,One Child,0.16666666666666666,16.666666666666664,0.8571428571428571,61-90 Days,Non-Responder
6257,1976,Master,Single,0,1,2013-01-23,81,255,43,134,37,14,24,1,7,2,7,7,0,0,0,0,0,0,0,Saudi Arabia,60482.0,38.0,507,16,0,Medium Value,60482.0,No Response,35-44,Web,1,One Child,0.0625,6.25,1.0,61-90 Days,Non-Responder
9224,1972,PhD,Single,0,1,2012-12-12,81,825,8,53,11,0,242,2,8,10,5,6,0,0,0,0,0,0,0,Saudi Arabia,55260.0,42.0,1139,23,0,High Value,55260.0,No Response,35-44,Catalog,1,One Child,0.08695652173913043,8.695652173913043,1.3333333333333333,61-90 Days,Non-Responder
8732,1969,Master,Widow,0,1,2012-11-17,81,1298,0,70,37,14,42,4,7,4,10,4,0,1,1,0,0,1,0,Spain,67369.0,45.0,1461,21,2,High Value,67369.0,Medium Engagement,45-54,Store,1,One Child,0.19047619047619047,19.047619047619047,1.75,61-90 Days,Responder
955,1962,Master,Together,1,1,2012-10-28,81,167,2,44,6,2,19,7,4,2,4,8,1,0,0,0,0,1,0,Saudi Arabia,47175.0,52.0,240,10,1,Medium Value,47175.0,Low Engagement,45-54,Web,2,Two or More Children,0.7,70.0,0.5,61-90 Days,Responder
4910,1967,Graduation,Divorced,0,0,2012-08-30,81,1132,134,384,175,134,115,1,11,5,13,7,0,0,0,0,0,0,0,USA,68743.0,47.0,2074,29,0,High Value,68743.0,No Response,45-54,Store,0,No Children,0.034482758620689655,3.4482758620689653,1.5714285714285714,61-90 Days,Non-Responder
564,1981,PhD,Together,1,0,2012-08-04,81,746,8,125,11,8,8,7,8,6,9,6,0,1,0,0,0,1,0,Spain,56937.0,33.0,906,23,1,High Value,56937.0,Low Engagement,25-34,Store,1,One Child,0.30434782608695654,30.434782608695656,1.3333333333333333,61-90 Days,Responder
8931,1986,Graduation,Together,1,0,2014-05-18,82,812,99,431,237,149,33,1,11,4,10,5,0,0,0,1,0,0,0,Saudi Arabia,83033.0,28.0,1761,25,1,High Value,83033.0,Low Engagement,25-34,Web,1,One Child,0.04,4.0,2.2,61-90 Days,Non-Responder
1998,1976,Graduation,Single,1,0,2014-02-07,82,34,6,21,11,4,8,1,2,1,3,6,0,0,0,0,0,0,0,India,37697.0,38.0,84,6,0,Low Value,37697.0,No Response,35-44,Store,1,One Child,0.16666666666666666,16.666666666666664,0.3333333333333333,61-90 Days,Non-Responder
1250,1976,Graduation,Single,1,0,2014-02-07,82,34,6,21,11,4,8,1,2,1,3,6,0,0,0,0,0,0,0,Spain,37697.0,38.0,84,6,0,Low Value,37697.0,No Response,35-44,Store,1,One Child,0.16666666666666666,16.666666666666664,0.3333333333333333,61-90 Days,Non-Responder
8397,1951,Graduation,Married,1,1,2014-01-10,82,18,0,5,0,0,11,2,1,1,2,7,1,0,0,0,0,0,0,Spain,44689.0,63.0,34,4,1,Low Value,44689.0,Low Engagement,55-64,Store,2,Two or More Children,0.5,50.0,0.14285714285714285,61-90 Days,Non-Responder
9672,1970,2n Cycle,Married,1,1,2013-12-21,82,8,3,9,19,4,22,3,1,1,3,6,0,0,0,0,0,0,0,Canada,23162.0,44.0,65,5,0,Low Value,23162.0,No Response,35-44,Store,2,Two or More Children,0.6,60.0,0.16666666666666666,61-90 Days,Non-Responder
2125,1959,Graduation,Divorced,0,0,2013-11-15,82,194,61,480,225,112,30,1,3,4,8,2,0,0,0,0,0,0,0,USA,63033.0,55.0,1102,15,0,High Value,63033.0,No Response,55-64,Store,0,No Children,0.06666666666666667,6.666666666666667,1.5,61-90 Days,Non-Responder
5975,1967,PhD,Single,1,0,2013-09-30,82,37,0,17,0,0,3,1,2,0,3,7,0,0,0,0,0,0,0,Canada,40304.0,47.0,57,5,0,Low Value,40304.0,No Response,45-54,Store,1,One Child,0.2,20.0,0.2857142857142857,61-90 Days,Non-Responder
983,1984,Graduation,Married,1,0,2013-09-28,82,110,29,92,28,10,145,1,6,2,3,8,1,0,0,0,0,0,0,USA,40059.0,30.0,414,11,1,Medium Value,40059.0,Low Engagement,25-34,Web,1,One Child,0.09090909090909091,9.090909090909092,0.75,61-90 Days,Non-Responder
9938,1954,Graduation,Married,0,0,2013-09-19,82,519,17,813,27,173,51,1,4,6,6,2,0,0,1,0,0,0,0,India,80067.0,60.0,1600,16,1,High Value,80067.0,Low Engagement,55-64,Catalog,0,No Children,0.0625,6.25,2.0,61-90 Days,Non-Responder
4385,1981,PhD,Single,1,0,2013-05-31,82,23,0,15,0,2,7,2,3,0,3,6,0,0,0,0,0,0,0,Spain,36038.0,33.0,47,6,0,Low Value,36038.0,No Response,25-34,Web,1,One Child,0.3333333333333333,33.33333333333333,0.5,61-90 Days,Non-Responder
1612,1981,PhD,Single,1,0,2013-05-31,82,23,0,15,0,2,7,2,3,0,3,6,0,0,0,0,0,0,0,Australia,51381.5,33.0,47,6,0,Low Value,51381.5,No Response,25-34,Web,1,One Child,0.3333333333333333,33.33333333333333,0.5,61-90 Days,Non-Responder
803,1968,Graduation,Together,1,1,2013-04-05,82,12,0,5,0,0,4,1,0,1,2,5,0,0,0,0,0,0,0,Spain,40521.0,46.0,21,3,0,Low Value,40521.0,No Response,45-54,Store,2,Two or More Children,0.3333333333333333,33.33333333333333,0.0,61-90 Days,Non-Responder
10675,1956,PhD,Married,0,1,2013-04-03,82,909,11,218,0,0,23,2,9,3,5,5,0,0,0,0,0,1,0,Spain,66334.0,58.0,1161,17,0,High Value,66334.0,No Response,55-64,Web,1,One Child,0.11764705882352941,11.76470588235294,1.8,61-90 Days,Responder
7004,1984,Graduation,Single,1,0,2013-03-16,82,24,3,26,7,1,23,3,3,1,2,9,1,0,0,0,0,0,0,India,11012.0,30.0,84,6,1,Low Value,11012.0,Low Engagement,25-34,Web,1,One Child,0.5,50.0,0.3333333333333333,61-90 Days,Non-Responder
4432,1976,Graduation,Divorced,1,0,2013-03-16,82,2,3,20,6,11,9,2,2,0,3,7,0,0,0,0,0,0,0,Spain,31615.0,38.0,51,5,0,Low Value,31615.0,No Response,35-44,Store,1,One Child,0.4,40.0,0.2857142857142857,61-90 Days,Non-Responder
5079,1971,Graduation,Married,1,1,2013-03-03,82,71,1,16,0,0,9,4,2,1,3,8,0,0,0,0,0,0,0,Australia,51381.5,43.0,97,6,0,Low Value,51381.5,No Response,35-44,Store,2,Two or More Children,0.6666666666666666,66.66666666666666,0.25,61-90 Days,Non-Responder
4475,1949,PhD,Married,0,0,2013-02-16,82,1315,22,780,145,0,178,1,7,8,9,5,0,0,0,0,0,0,0,Spain,69098.0,65.0,2440,24,0,High Value,69098.0,No Response,65+,Store,0,No Children,0.041666666666666664,4.166666666666666,1.4,61-90 Days,Non-Responder
10868,1951,Graduation,Widow,0,0,2013-02-06,82,344,45,654,104,11,114,2,3,4,10,3,0,0,0,0,0,0,0,Spain,70792.0,63.0,1272,17,0,High Value,70792.0,No Response,55-64,Store,0,No Children,0.11764705882352941,11.76470588235294,1.0,61-90 Days,Non-Responder
6742,1979,Graduation,Married,1,0,2013-01-13,82,2,2,1,3,1,2,1,1,0,2,8,0,0,0,0,0,0,1,Spain,17688.0,35.0,11,3,0,Low Value,17688.0,No Response,35-44,Store,1,One Child,0.3333333333333333,33.33333333333333,0.125,61-90 Days,Non-Responder
5692,1989,Basic,Married,1,0,2012-12-22,82,1,4,3,8,9,7,1,1,0,3,8,0,0,0,0,0,0,0,Saudi Arabia,25443.0,25.0,32,4,0,Low Value,25443.0,No Response,25-34,Store,1,One Child,0.25,25.0,0.125,61-90 Days,Non-Responder
339,1972,PhD,Married,0,1,2012-11-23,82,462,0,24,6,0,4,2,9,2,5,7,0,1,0,0,0,1,0,Spain,57091.0,42.0,496,16,1,Medium Value,57091.0,Low Engagement,35-44,Web,1,One Child,0.125,12.5,1.2857142857142858,61-90 Days,Responder
10398,1981,2n Cycle,Single,1,0,2012-08-27,82,1,6,2,8,2,12,1,1,0,2,7,0,0,0,0,0,0,0,Spain,24336.0,33.0,31,3,0,Low Value,24336.0,No Response,25-34,Store,1,One Child,0.3333333333333333,33.33333333333333,0.14285714285714285,61-90 Days,Non-Responder
8017,1981,2n Cycle,Married,1,1,2014-06-19,83,22,0,19,6,5,3,2,2,0,3,6,0,0,0,0,0,0,0,Saudi Arabia,51111.0,33.0,55,5,0,Low Value,51111.0,No Response,25-34,Store,2,Two or More Children,0.4,40.0,0.3333333333333333,61-90 Days,Non-Responder
3722,1972,Graduation,Single,1,1,2014-04-16,83,31,1,8,0,0,8,2,2,0,3,6,0,0,0,0,0,0,0,Spain,44503.0,42.0,48,5,0,Low Value,44503.0,No Response,35-44,Store,2,Two or More Children,0.4,40.0,0.3333333333333333,61-90 Days,Non-Responder
7326,1971,Master,Married,0,1,2014-03-23,83,34,1,19,2,7,0,1,1,1,3,2,0,0,0,0,0,0,0,Canada,56850.0,43.0,63,5,0,Low Value,56850.0,No Response,35-44,Store,1,One Child,0.2,20.0,0.5,61-90 Days,Non-Responder
2416,1969,PhD,Single,0,0,2014-03-03,83,789,25,420,16,38,0,1,2,8,9,1,0,0,0,0,0,0,0,Spain,66582.0,45.0,1288,19,0,High Value,66582.0,No Response,45-54,Store,0,No Children,0.05263157894736842,5.263157894736842,2.0,61-90 Days,Non-Responder
1878,1985,2n Cycle,Married,0,0,2014-02-18,83,4,6,8,6,3,10,1,2,0,3,7,0,0,0,0,0,0,0,Spain,23148.0,29.0,37,5,0,Low Value,23148.0,No Response,25-34,Store,0,No Children,0.2,20.0,0.2857142857142857,61-90 Days,Non-Responder
5278,1964,Graduation,Married,0,0,2014-01-25,83,307,26,360,138,31,40,1,6,9,5,3,0,0,0,1,0,0,0,Germany,82224.0,50.0,902,20,1,High Value,82224.0,Low Engagement,45-54,Catalog,0,No Children,0.05,5.0,2.0,61-90 Days,Non-Responder
5734,1974,PhD,Married,1,1,2013-11-20,83,46,4,36,2,2,1,1,2,0,4,5,0,0,0,0,0,0,0,Spain,61917.0,40.0,91,6,0,Low Value,61917.0,No Response,35-44,Store,2,Two or More Children,0.16666666666666666,16.666666666666664,0.4,61-90 Days,Non-Responder
4370,1966,Graduation,Together,2,1,2013-11-13,83,18,1,32,6,3,28,3,2,0,4,6,0,0,0,0,0,0,0,India,43482.0,48.0,88,6,0,Low Value,43482.0,No Response,45-54,Store,3,Two or More Children,0.5,50.0,0.3333333333333333,61-90 Days,Non-Responder
8405,1979,Graduation,Divorced,1,1,2013-09-30,83,135,25,51,23,25,46,2,4,2,5,3,0,0,0,0,0,0,0,Saudi Arabia,68274.0,35.0,305,11,0,Medium Value,68274.0,No Response,35-44,Store,2,Two or More Children,0.18181818181818182,18.181818181818183,1.3333333333333333,61-90 Days,Non-Responder
7617,1974,Graduation,Single,1,1,2013-08-15,83,67,5,61,3,8,19,5,2,1,5,5,0,0,0,0,0,0,0,Spain,42373.0,40.0,163,8,0,Medium Value,42373.0,No Response,35-44,Store,2,Two or More Children,0.625,62.5,0.4,61-90 Days,Non-Responder
10339,1954,Master,Together,0,1,2013-06-23,83,161,0,22,0,0,24,2,4,1,4,6,0,0,0,0,0,0,0,Australia,51381.5,60.0,207,9,0,Medium Value,51381.5,No Response,55-64,Web,1,One Child,0.2222222222222222,22.22222222222222,0.6666666666666666,61-90 Days,Non-Responder
6376,1979,Graduation,Single,1,0,2013-06-10,83,191,56,139,51,8,100,4,4,3,8,4,0,0,0,0,0,0,0,Australia,57537.0,35.0,545,15,0,Medium Value,57537.0,No Response,35-44,Store,1,One Child,0.26666666666666666,26.666666666666668,1.0,61-90 Days,Non-Responder
2150,1958,PhD,Widow,0,1,2013-05-11,83,860,28,409,73,56,56,1,8,9,4,4,0,0,0,0,0,0,0,Canada,80995.0,56.0,1482,21,0,High Value,80995.0,No Response,55-64,Catalog,1,One Child,0.047619047619047616,4.761904761904762,2.0,61-90 Days,Non-Responder
7386,1976,Graduation,Divorced,1,0,2013-04-22,83,17,0,14,7,3,2,1,1,0,3,7,0,0,0,0,0,0,0,Canada,30992.0,38.0,43,4,0,Low Value,30992.0,No Response,35-44,Store,1,One Child,0.25,25.0,0.14285714285714285,61-90 Days,Non-Responder
3006,1976,Graduation,Divorced,1,0,2013-04-22,83,17,0,14,7,3,2,1,1,0,3,7,0,0,0,0,0,0,0,Canada,30992.0,38.0,43,4,0,Low Value,30992.0,No Response,35-44,Store,1,One Child,0.25,25.0,0.14285714285714285,61-90 Days,Non-Responder
11088,1971,PhD,Together,0,1,2013-04-21,83,1396,0,322,46,35,17,1,4,9,4,6,0,0,0,0,0,0,0,Spain,78642.0,43.0,1816,17,0,High Value,78642.0,No Response,35-44,Catalog,1,One Child,0.058823529411764705,5.88235294117647,0.6666666666666666,61-90 Days,Non-Responder
5185,1955,Graduation,Married,0,0,2013-02-14,83,199,66,315,97,174,41,1,4,3,5,2,0,0,0,0,0,0,0,Saudi Arabia,74268.0,59.0,892,12,0,High Value,74268.0,No Response,55-64,Store,0,No Children,0.08333333333333333,8.333333333333332,2.0,61-90 Days,Non-Responder
3523,1962,Graduation,Together,0,1,2013-01-23,83,583,34,309,0,22,125,2,5,4,8,3,0,0,0,0,0,0,0,Spain,75072.0,52.0,1073,17,0,High Value,75072.0,No Response,45-54,Store,1,One Child,0.11764705882352941,11.76470588235294,1.6666666666666667,61-90 Days,Non-Responder
55,1963,Graduation,Together,0,1,2012-12-07,83,509,0,65,7,11,5,4,7,2,9,6,0,0,0,0,0,0,0,Spain,56253.0,51.0,597,18,0,Medium Value,56253.0,No Response,45-54,Store,1,One Child,0.2222222222222222,22.22222222222222,1.1666666666666667,61-90 Days,Non-Responder
3807,1955,Graduation,Together,0,1,2012-11-30,83,473,21,176,19,21,56,3,9,2,9,6,0,0,0,0,0,0,0,Spain,59925.0,59.0,766,20,0,Medium Value,59925.0,No Response,55-64,Web,1,One Child,0.15,15.0,1.5,61-90 Days,Non-Responder
2453,1960,Graduation,Together,0,1,2012-08-31,83,526,28,135,10,21,99,3,5,3,12,5,0,0,0,0,0,0,0,Spain,62807.0,54.0,819,20,0,Medium Value,62807.0,No Response,45-54,Store,1,One Child,0.15,15.0,1.0,61-90 Days,Non-Responder
7787,1960,Graduation,Together,0,1,2012-08-31,83,526,28,135,10,21,99,3,5,3,12,5,0,0,0,0,0,0,0,Canada,62807.0,54.0,819,20,0,Medium Value,62807.0,No Response,45-54,Store,1,One Child,0.15,15.0,1.0,61-90 Days,Non-Responder
2230,1970,PhD,Married,1,0,2014-05-24,84,27,2,14,0,0,0,3,3,1,3,5,0,0,0,0,0,0,0,Germany,23626.0,44.0,43,7,0,Low Value,23626.0,No Response,35-44,Web,1,One Child,0.42857142857142855,42.857142857142854,0.6,61-90 Days,Non-Responder
8146,1976,Master,Together,1,1,2014-05-11,84,30,0,8,2,0,14,1,1,1,2,6,0,0,0,0,0,0,0,Saudi Arabia,46106.0,38.0,54,4,0,Low Value,46106.0,No Response,35-44,Store,2,Two or More Children,0.25,25.0,0.16666666666666666,61-90 Days,Non-Responder
988,1965,Graduation,Married,0,0,2014-05-07,84,410,0,592,147,22,22,1,6,4,7,3,0,0,0,1,0,0,0,Spain,81168.0,49.0,1193,17,1,High Value,81168.0,Low Engagement,45-54,Store,0,No Children,0.058823529411764705,5.88235294117647,2.0,61-90 Days,Non-Responder
4832,1979,Graduation,Married,1,0,2014-03-07,84,6,5,17,3,24,46,2,2,2,2,7,0,0,0,0,0,0,0,Spain,27244.0,35.0,101,6,0,Low Value,27244.0,No Response,35-44,Web,1,One Child,0.3333333333333333,33.33333333333333,0.2857142857142857,61-90 Days,Non-Responder
3152,1957,Graduation,Together,1,1,2014-02-25,84,15,10,19,8,17,20,3,2,1,3,5,0,0,0,0,0,0,0,India,26091.0,57.0,89,6,0,Low Value,26091.0,No Response,55-64,Store,2,Two or More Children,0.5,50.0,0.4,61-90 Days,Non-Responder
11188,1957,Graduation,Together,1,1,2014-02-25,84,15,10,19,8,17,20,3,2,1,3,5,0,0,0,0,0,0,0,Spain,26091.0,57.0,89,6,0,Low Value,26091.0,No Response,55-64,Store,2,Two or More Children,0.5,50.0,0.4,61-90 Days,Non-Responder
361,1969,Master,Married,1,1,2014-02-18,84,5,1,7,2,1,4,1,1,0,2,7,0,0,0,0,0,0,0,Australia,43142.0,45.0,20,3,0,Low Value,43142.0,No Response,45-54,Store,2,Two or More Children,0.3333333333333333,33.33333333333333,0.14285714285714285,61-90 Days,Non-Responder
5939,1971,Graduation,Together,1,1,2014-01-17,84,43,5,28,7,6,33,4,3,1,3,5,0,0,0,0,0,0,0,Spain,38232.0,43.0,122,7,0,Medium Value,38232.0,No Response,35-44,Web,2,Two or More Children,0.5714285714285714,57.14285714285714,0.6,61-90 Days,Non-Responder
9349,1985,Graduation,Married,0,0,2013-12-19,84,693,21,118,110,147,42,1,6,5,11,2,0,0,1,1,0,0,0,Germany,92533.0,29.0,1131,22,2,High Value,92533.0,Medium Engagement,25-34,Store,0,No Children,0.045454545454545456,4.545454545454546,3.0,61-90 Days,Non-Responder
819,1945,Graduation,Widow,0,0,2013-11-05,84,508,124,249,50,38,134,1,6,5,13,3,0,0,0,0,0,0,0,Spain,63285.0,69.0,1103,24,0,High Value,63285.0,No Response,65+,Store,0,No Children,0.041666666666666664,4.166666666666666,2.0,61-90 Days,Non-Responder
10120,1955,Graduation,Together,0,1,2013-10-24,84,116,6,82,6,6,41,2,3,1,6,5,0,0,0,0,0,0,0,USA,38946.0,59.0,257,10,0,Medium Value,38946.0,No Response,55-64,Store,1,One Child,0.2,20.0,0.6,61-90 Days,Non-Responder
4541,1955,Graduation,Together,0,1,2013-10-24,84,116,6,82,6,6,41,2,3,1,6,5,0,0,0,0,0,0,0,Canada,38946.0,59.0,257,10,0,Medium Value,38946.0,No Response,55-64,Store,1,One Child,0.2,20.0,0.6,61-90 Days,Non-Responder
2456,1975,PhD,Married,0,1,2013-10-14,84,80,4,46,0,17,2,5,2,1,5,6,0,0,0,0,0,0,0,Saudi Arabia,40233.0,39.0,149,8,0,Medium Value,40233.0,No Response,35-44,Store,1,One Child,0.625,62.5,0.3333333333333333,61-90 Days,Non-Responder
2516,1969,2n Cycle,Married,1,1,2013-06-08,84,22,2,10,6,4,34,2,1,2,2,4,0,0,0,0,0,0,0,Spain,46831.0,45.0,78,5,0,Low Value,46831.0,No Response,45-54,Catalog,2,Two or More Children,0.4,40.0,0.25,61-90 Days,Non-Responder
11013,1987,Graduation,Together,0,0,2013-03-31,84,336,28,282,184,54,54,1,2,8,6,1,0,0,0,0,0,0,0,Spain,67605.0,27.0,938,16,0,High Value,67605.0,No Response,25-34,Catalog,0,No Children,0.0625,6.25,2.0,61-90 Days,Non-Responder
9988,1976,Master,Single,0,1,2013-03-03,84,553,25,142,65,67,8,3,6,3,13,4,0,0,0,0,0,0,0,Canada,70379.0,38.0,860,22,0,High Value,70379.0,No Response,35-44,Store,1,One Child,0.13636363636363635,13.636363636363635,1.5,61-90 Days,Non-Responder
1627,1957,2n Cycle,Divorced,0,0,2013-01-26,84,408,61,109,48,122,41,1,5,7,9,4,0,0,0,1,0,0,0,Spain,77297.0,57.0,789,21,1,Medium Value,77297.0,Low Engagement,55-64,Store,0,No Children,0.047619047619047616,4.761904761904762,1.25,61-90 Days,Non-Responder
1490,1962,Graduation,Married,0,1,2012-11-28,84,675,0,85,10,7,77,5,10,3,8,8,0,0,0,0,0,0,0,Canada,55759.0,52.0,854,21,0,High Value,55759.0,No Response,45-54,Web,1,One Child,0.23809523809523808,23.809523809523807,1.25,61-90 Days,Non-Responder
6710,1951,Master,Single,2,1,2012-11-17,84,68,1,13,3,5,13,1,2,0,4,6,0,0,0,0,0,0,0,Spain,58217.0,63.0,103,6,0,Low Value,58217.0,No Response,55-64,Store,3,Two or More Children,0.16666666666666666,16.666666666666664,0.3333333333333333,61-90 Days,Non-Responder
7375,1976,Graduation,Together,0,1,2012-10-25,84,297,7,79,0,11,182,2,8,2,4,8,0,0,0,0,0,0,0,Saudi Arabia,51369.0,38.0,576,14,0,Medium Value,51369.0,No Response,35-44,Web,1,One Child,0.14285714285714285,14.285714285714285,1.0,61-90 Days,Non-Responder
10144,1976,Graduation,Together,0,1,2012-10-25,84,297,7,79,0,11,182,2,8,2,4,8,0,0,0,0,0,0,0,Saudi Arabia,51369.0,38.0,576,14,0,Medium Value,51369.0,No Response,35-44,Web,1,One Child,0.14285714285714285,14.285714285714285,1.0,61-90 Days,Non-Responder
3138,1956,Graduation,Single,0,0,2012-10-20,84,1324,27,119,71,108,27,0,7,9,6,4,0,1,1,1,1,1,0,Spain,91249.0,58.0,1676,22,4,High Value,91249.0,High Engagement,55-64,Catalog,0,No Children,0.0,0.0,1.75,61-90 Days,Responder
1440,1978,2n Cycle,Together,0,0,2012-09-04,84,367,17,241,104,188,232,2,9,5,9,7,0,0,0,0,0,0,0,Spain,52513.0,36.0,1149,23,0,High Value,52513.0,No Response,35-44,Web,0,No Children,0.08695652173913043,8.695652173913043,1.2857142857142858,61-90 Days,Non-Responder
4200,1970,Master,Married,1,0,2014-06-17,85,167,2,62,24,13,7,4,4,1,6,5,0,0,0,0,0,0,0,Saudi Arabia,44159.0,44.0,275,11,0,Medium Value,44159.0,No Response,35-44,Store,1,One Child,0.36363636363636365,36.36363636363637,0.8,61-90 Days,Non-Responder
4998,1962,Graduation,Together,0,0,2014-05-23,85,292,30,415,63,33,200,1,4,5,4,2,0,0,0,1,0,0,0,Spain,76081.0,52.0,1033,13,1,High Value,76081.0,Low Engagement,45-54,Catalog,0,No Children,0.07692307692307693,7.6923076923076925,2.0,61-90 Days,Non-Responder
7321,1962,Graduation,Together,0,0,2014-05-23,85,292,30,415,63,33,200,1,4,5,4,2,0,0,0,1,0,0,0,India,76081.0,52.0,1033,13,1,High Value,76081.0,Low Engagement,45-54,Catalog,0,No Children,0.07692307692307693,7.6923076923076925,2.0,61-90 Days,Non-Responder
8663,1974,Graduation,Divorced,1,1,2014-05-22,85,11,0,3,0,0,1,1,1,0,2,6,0,0,0,0,0,0,0,Australia,39996.0,40.0,15,3,0,Low Value,39996.0,No Response,35-44,Store,2,Two or More Children,0.3333333333333333,33.33333333333333,0.16666666666666666,61-90 Days,Non-Responder
1958,1973,PhD,Together,0,1,2014-03-21,85,582,0,65,0,0,13,6,8,2,9,5,0,0,0,0,0,0,0,Spain,55012.0,41.0,660,19,0,Medium Value,55012.0,No Response,35-44,Store,1,One Child,0.3157894736842105,31.57894736842105,1.6,61-90 Days,Non-Responder
6963,1947,Graduation,Single,0,0,2014-03-05,85,675,11,400,15,45,11,1,2,5,10,1,0,0,1,0,0,0,0,Saudi Arabia,77457.0,67.0,1157,17,1,High Value,77457.0,Low Engagement,65+,Store,0,No Children,0.058823529411764705,5.88235294117647,2.0,61-90 Days,Non-Responder
1065,1963,Graduation,Single,0,0,2013-12-29,85,557,129,984,193,37,18,1,5,8,5,2,0,0,0,0,0,0,0,USA,80695.0,51.0,1918,18,0,High Value,80695.0,No Response,45-54,Catalog,0,No Children,0.05555555555555555,5.555555555555555,2.5,61-90 Days,Non-Responder
2712,1956,Graduation,Married,0,1,2013-12-25,85,184,178,178,103,39,33,1,6,3,10,3,0,0,0,0,0,0,0,Australia,71866.0,58.0,715,19,0,Medium Value,71866.0,No Response,55-64,Store,1,One Child,0.05263157894736842,5.263157894736842,2.0,61-90 Days,Non-Responder
6049,1982,Master,Together,0,0,2013-12-05,85,1142,51,415,90,69,37,1,7,8,11,3,1,0,0,1,0,0,0,Spain,73450.0,32.0,1804,26,2,High Value,73450.0,Medium Engagement,25-34,Store,0,No Children,0.038461538461538464,3.8461538461538463,2.3333333333333335,61-90 Days,Non-Responder
6605,1944,PhD,Divorced,0,0,2013-11-27,85,504,13,131,8,0,26,1,9,4,6,7,0,1,0,0,0,0,0,Spain,55614.0,70.0,682,19,1,Medium Value,55614.0,Low Engagement,65+,Web,0,No Children,0.05263157894736842,5.263157894736842,1.2857142857142858,61-90 Days,Non-Responder
11181,1949,PhD,Married,0,0,2013-08-29,85,2,1,2,1,1,1,0,0,0,0,0,0,0,0,0,0,0,0,Canada,156924.0,65.0,8,0,0,Low Value,156924.0,No Response,65+,Web,0,No Children,0.0,0.0,,61-90 Days,Non-Responder
5234,1967,2n Cycle,Together,1,1,2013-07-11,85,12,5,25,0,9,30,2,1,1,3,5,0,0,0,0,0,0,0,Canada,30753.0,47.0,81,5,0,Low Value,30753.0,No Response,45-54,Store,2,Two or More Children,0.4,40.0,0.2,61-90 Days,Non-Responder
5253,1956,Master,Together,1,1,2013-07-09,85,145,13,46,17,2,4,6,4,2,4,7,0,0,0,0,0,0,0,Spain,54603.0,58.0,227,10,0,Medium Value,54603.0,No Response,55-64,Web,2,Two or More Children,0.6,60.0,0.5714285714285714,61-90 Days,Non-Responder
11148,1975,Graduation,Together,1,0,2013-05-19,85,2,1,4,3,1,2,1,1,0,2,8,0,0,0,0,0,0,0,Spain,22280.0,39.0,13,3,0,Low Value,22280.0,No Response,35-44,Store,1,One Child,0.3333333333333333,33.33333333333333,0.125,61-90 Days,Non-Responder
6289,1951,Master,Together,1,1,2013-04-28,85,135,0,10,0,4,36,2,3,1,4,5,0,0,0,0,0,0,0,Spain,59385.0,63.0,185,8,0,Medium Value,59385.0,No Response,55-64,Store,2,Two or More Children,0.25,25.0,0.6,61-90 Days,Non-Responder
9743,1955,Graduation,Married,0,1,2013-01-11,85,1449,89,161,69,35,107,2,11,8,8,6,0,0,1,0,0,0,0,Canada,76998.0,59.0,1910,27,1,High Value,76998.0,Low Engagement,55-64,Web,1,One Child,0.07407407407407407,7.4074074074074066,1.8333333333333333,61-90 Days,Non-Responder
9209,1971,Master,Together,0,0,2012-10-14,85,829,138,430,60,92,15,1,4,6,13,2,0,0,0,0,0,0,0,Saudi Arabia,80573.0,43.0,1564,23,0,High Value,80573.0,No Response,35-44,Store,0,No Children,0.043478260869565216,4.3478260869565215,2.0,61-90 Days,Non-Responder
6417,1971,Master,Together,0,0,2012-10-14,85,829,138,430,60,92,15,1,4,6,13,2,0,0,0,0,0,0,0,Spain,80573.0,43.0,1564,23,0,High Value,80573.0,No Response,35-44,Store,0,No Children,0.043478260869565216,4.3478260869565215,2.0,61-90 Days,Non-Responder
7937,1982,Graduation,Married,0,0,2014-04-18,86,10,7,25,6,3,7,1,3,0,3,7,0,0,0,0,0,0,0,Spain,24711.0,32.0,58,6,0,Low Value,24711.0,No Response,25-34,Web,0,No Children,0.16666666666666666,16.666666666666664,0.42857142857142855,61-90 Days,Non-Responder
6488,1959,PhD,Married,0,1,2014-04-06,86,76,0,7,0,0,16,1,3,2,2,5,0,0,0,0,0,0,0,Germany,38829.0,55.0,99,7,0,Low Value,38829.0,No Response,55-64,Web,1,One Child,0.14285714285714285,14.285714285714285,0.6,61-90 Days,Non-Responder
3194,1974,PhD,Single,0,0,2014-04-05,86,412,12,546,78,182,0,1,4,4,10,1,0,0,0,0,0,0,0,Canada,71466.0,40.0,1230,18,0,High Value,71466.0,No Response,35-44,Store,0,No Children,0.05555555555555555,5.555555555555555,4.0,61-90 Days,Non-Responder
231,1956,Master,Together,1,1,2014-03-11,86,24,0,7,0,0,1,2,2,0,3,5,0,0,0,0,0,0,0,Spain,28839.0,58.0,32,5,0,Low Value,28839.0,No Response,55-64,Store,2,Two or More Children,0.4,40.0,0.4,61-90 Days,Non-Responder
9697,1951,Graduation,Married,0,2,2014-03-06,86,335,42,127,28,5,5,3,7,2,8,6,0,0,0,0,0,0,0,Spain,53790.0,63.0,542,17,0,Medium Value,53790.0,No Response,55-64,Store,2,Two or More Children,0.17647058823529413,17.647058823529413,1.1666666666666667,61-90 Days,Non-Responder
4676,1951,Master,Widow,0,2,2014-03-05,86,612,91,520,258,107,107,2,9,6,8,5,0,0,0,0,0,0,0,Spain,73705.0,63.0,1695,23,0,High Value,73705.0,No Response,55-64,Web,2,Two or More Children,0.08695652173913043,8.695652173913043,1.8,61-90 Days,Non-Responder
8079,1982,Graduation,Married,1,0,2014-02-26,86,3,1,8,23,2,18,3,2,1,3,3,0,0,0,0,0,0,0,Saudi Arabia,22448.0,32.0,55,6,0,Low Value,22448.0,No Response,25-34,Store,1,One Child,0.5,50.0,0.6666666666666666,61-90 Days,Non-Responder
10032,1976,Graduation,Divorced,1,0,2014-01-18,86,3,5,14,2,12,17,4,3,1,3,6,0,0,0,0,0,0,0,Saudi Arabia,12571.0,38.0,53,7,0,Low Value,12571.0,No Response,35-44,Web,1,One Child,0.5714285714285714,57.14285714285714,0.5,61-90 Days,Non-Responder
10505,1960,Master,Together,0,0,2013-12-26,86,741,19,154,50,9,28,1,3,4,7,2,0,0,0,0,0,0,0,Saudi Arabia,73113.0,54.0,1001,14,0,High Value,73113.0,No Response,45-54,Store,0,No Children,0.07142857142857142,7.142857142857142,1.5,61-90 Days,Non-Responder
2005,1990,Graduation,Married,1,0,2013-12-11,86,22,3,30,0,5,15,2,2,0,4,6,0,0,0,0,0,0,0,Canada,35765.0,24.0,75,6,0,Low Value,35765.0,No Response,Under 25,Store,1,One Child,0.3333333333333333,33.33333333333333,0.3333333333333333,61-90 Days,Non-Responder
6940,1966,PhD,Single,1,2,2013-10-21,86,100,1,39,6,1,76,4,3,2,3,6,1,0,0,0,0,0,0,Spain,46734.0,48.0,223,8,1,Medium Value,46734.0,Low Engagement,45-54,Web,3,Two or More Children,0.5,50.0,0.5,61-90 Days,Non-Responder
2304,1963,PhD,Together,0,1,2013-09-16,86,625,7,99,10,22,7,2,6,3,12,4,0,0,0,0,0,0,0,Saudi Arabia,66313.0,51.0,770,21,0,Medium Value,66313.0,No Response,45-54,Store,1,One Child,0.09523809523809523,9.523809523809524,1.5,61-90 Days,Non-Responder
3170,1957,Master,Together,0,0,2013-08-31,86,389,66,408,37,57,85,1,4,4,6,2,0,0,0,0,0,0,0,Spain,68148.0,57.0,1042,14,0,High Value,68148.0,No Response,55-64,Store,0,No Children,0.07142857142857142,7.142857142857142,2.0,61-90 Days,Non-Responder
10466,1965,Graduation,Married,1,1,2013-08-22,86,24,2,20,2,2,10,2,1,0,4,4,0,0,0,0,0,0,0,Spain,44393.0,49.0,60,5,0,Low Value,44393.0,No Response,45-54,Store,2,Two or More Children,0.4,40.0,0.25,61-90 Days,Non-Responder
7325,1986,PhD,Together,1,0,2013-06-29,86,23,0,11,2,1,3,1,1,0,3,5,0,0,0,0,0,0,0,Spain,38197.0,28.0,40,4,0,Low Value,38197.0,No Response,25-34,Store,1,One Child,0.25,25.0,0.2,61-90 Days,Non-Responder
455,1946,PhD,Married,0,0,2013-04-18,86,102,9,63,2,9,24,1,4,1,4,6,0,0,0,0,0,0,0,Spain,51012.0,68.0,209,9,0,Medium Value,51012.0,No Response,65+,Web,0,No Children,0.1111111111111111,11.11111111111111,0.6666666666666666,61-90 Days,Non-Responder
7592,1946,PhD,Married,0,0,2013-04-18,86,102,9,63,2,9,24,1,4,1,4,6,0,0,0,0,0,0,0,Spain,51012.0,68.0,209,9,0,Medium Value,51012.0,No Response,65+,Web,0,No Children,0.1111111111111111,11.11111111111111,0.6666666666666666,61-90 Days,Non-Responder
4547,1960,Graduation,Together,1,1,2013-04-17,86,6,2,9,2,1,5,2,1,0,3,8,0,0,0,0,0,0,0,Spain,13672.0,54.0,25,4,0,Low Value,13672.0,No Response,45-54,Store,2,Two or More Children,0.5,50.0,0.125,61-90 Days,Non-Responder
6825,1953,Graduation,Together,1,1,2013-03-06,86,13,0,3,0,0,0,1,1,0,2,7,0,0,0,0,0,0,0,Canada,41452.0,61.0,16,3,0,Low Value,41452.0,No Response,55-64,Store,2,Two or More Children,0.3333333333333333,33.33333333333333,0.14285714285714285,61-90 Days,Non-Responder
2961,1982,Graduation,Married,1,0,2013-02-26,86,175,10,110,54,6,27,2,6,3,4,6,1,0,0,0,0,0,0,Spain,42081.0,32.0,382,13,1,Medium Value,42081.0,Low Engagement,25-34,Web,1,One Child,0.15384615384615385,15.384615384615385,1.0,61-90 Days,Non-Responder
8700,1986,Basic,Single,0,0,2012-12-22,86,7,7,14,7,16,15,3,2,1,3,7,0,0,0,0,0,0,0,Saudi Arabia,14906.0,28.0,66,6,0,Low Value,14906.0,No Response,25-34,Store,0,No Children,0.5,50.0,0.2857142857142857,61-90 Days,Non-Responder
2278,1985,2n Cycle,Single,1,0,2012-11-03,86,4,17,19,30,24,39,2,2,1,3,6,0,0,0,0,0,0,0,USA,33812.0,29.0,133,6,0,Medium Value,33812.0,No Response,25-34,Store,1,One Child,0.3333333333333333,33.33333333333333,0.3333333333333333,61-90 Days,Non-Responder
10703,1975,Master,Single,1,1,2012-08-18,86,57,0,27,0,0,36,4,3,2,2,8,0,0,0,0,0,0,0,Spain,46098.0,39.0,120,7,0,Medium Value,46098.0,No Response,35-44,Web,2,Two or More Children,0.5714285714285714,57.14285714285714,0.375,61-90 Days,Non-Responder
9,1975,Master,Single,1,1,2012-08-18,86,57,0,27,0,0,36,4,3,2,2,8,0,0,0,0,0,0,0,Canada,46098.0,39.0,120,7,0,Medium Value,46098.0,No Response,35-44,Web,2,Two or More Children,0.5714285714285714,57.14285714285714,0.375,61-90 Days,Non-Responder
2804,1975,Master,Single,1,1,2012-08-18,86,57,0,27,0,0,36,4,3,2,2,8,0,0,0,0,0,1,0,India,46098.0,39.0,120,7,0,Medium Value,46098.0,No Response,35-44,Web,2,Two or More Children,0.5714285714285714,57.14285714285714,0.375,61-90 Days,Responder
4915,1956,2n Cycle,Married,0,1,2012-08-03,86,176,72,98,136,21,229,4,5,2,12,5,0,0,0,0,0,0,0,Germany,53230.0,58.0,732,19,0,Medium Value,53230.0,No Response,55-64,Store,1,One Child,0.21052631578947367,21.052631578947366,1.0,61-90 Days,Non-Responder
3010,1989,Master,Together,0,0,2014-05-02,87,957,153,612,99,95,153,1,4,7,8,1,1,0,1,1,0,0,0,Spain,88420.0,25.0,2069,19,3,High Value,88420.0,High Engagement,25-34,Store,0,No Children,0.05263157894736842,5.263157894736842,4.0,61-90 Days,Non-Responder
4279,1963,2n Cycle,Single,1,1,2014-03-31,87,15,4,10,3,4,18,2,1,1,3,3,0,0,0,0,0,0,0,Spain,39548.0,51.0,54,5,0,Low Value,39548.0,No Response,45-54,Store,2,Two or More Children,0.4,40.0,0.3333333333333333,61-90 Days,Non-Responder
2564,1953,Graduation,Together,0,1,2014-01-04,87,111,3,28,2,6,15,2,3,1,4,6,0,0,0,0,0,0,0,Spain,61278.0,61.0,165,8,0,Medium Value,61278.0,No Response,55-64,Store,1,One Child,0.25,25.0,0.5,61-90 Days,Non-Responder
1137,1964,Graduation,Single,0,0,2013-12-29,87,398,190,537,61,156,37,1,4,5,7,1,1,0,0,1,0,0,0,Spain,81246.0,50.0,1379,16,2,High Value,81246.0,Medium Engagement,45-54,Store,0,No Children,0.0625,6.25,4.0,61-90 Days,Non-Responder
5084,1975,Graduation,Widow,0,1,2013-12-25,87,445,53,213,104,98,151,1,6,4,13,4,0,0,0,0,0,0,0,Spain,58330.0,39.0,1064,23,0,High Value,58330.0,No Response,35-44,Store,1,One Child,0.043478260869565216,4.3478260869565215,1.5,61-90 Days,Non-Responder
7094,1975,Graduation,Widow,0,1,2013-12-25,87,445,53,213,104,98,151,1,6,4,13,4,0,0,0,0,0,0,0,Germany,58330.0,39.0,1064,23,0,High Value,58330.0,No Response,35-44,Store,1,One Child,0.043478260869565216,4.3478260869565215,1.5,61-90 Days,Non-Responder
6327,1967,Graduation,Together,0,0,2013-12-19,87,565,32,435,28,32,54,1,2,8,6,1,0,0,0,0,0,0,0,USA,65777.0,47.0,1146,16,0,High Value,65777.0,No Response,45-54,Catalog,0,No Children,0.0625,6.25,2.0,61-90 Days,Non-Responder
6131,1980,2n Cycle,Married,1,1,2013-12-01,87,141,70,106,72,19,23,2,4,2,8,3,0,0,0,0,0,0,0,Spain,70829.0,34.0,431,14,0,Medium Value,70829.0,No Response,25-34,Store,2,Two or More Children,0.14285714285714285,14.285714285714285,1.3333333333333333,61-90 Days,Non-Responder
5798,1973,Master,Together,0,0,2013-11-23,87,445,37,359,98,28,18,1,2,4,8,1,0,0,0,0,0,0,0,Germany,51381.5,41.0,985,14,0,High Value,51381.5,No Response,35-44,Store,0,No Children,0.07142857142857142,7.142857142857142,2.0,61-90 Days,Non-Responder
10379,1962,Master,Single,0,2,2013-11-08,87,327,9,122,19,14,83,5,5,2,9,6,0,0,0,0,0,0,0,Spain,59247.0,52.0,574,16,0,Medium Value,59247.0,No Response,45-54,Store,2,Two or More Children,0.3125,31.25,0.8333333333333334,61-90 Days,Non-Responder
606,1967,Graduation,Single,1,1,2013-10-10,87,6,1,2,2,0,4,1,1,0,2,7,0,0,0,0,0,0,0,Spain,25930.0,47.0,15,3,0,Low Value,25930.0,No Response,45-54,Store,2,Two or More Children,0.3333333333333333,33.33333333333333,0.14285714285714285,61-90 Days,Non-Responder
7801,1959,Graduation,Together,0,1,2013-09-12,87,197,107,227,7,59,131,3,5,2,11,4,0,0,0,0,0,0,0,Saudi Arabia,54753.0,55.0,728,18,0,Medium Value,54753.0,No Response,55-64,Store,1,One Child,0.16666666666666666,16.666666666666664,1.25,61-90 Days,Non-Responder
2445,1974,PhD,Together,1,0,2013-07-07,87,38,1,24,0,0,0,1,2,0,3,8,0,0,0,0,0,0,0,Spain,28440.0,40.0,63,5,0,Low Value,28440.0,No Response,35-44,Store,1,One Child,0.2,20.0,0.25,61-90 Days,Non-Responder
5346,1973,2n Cycle,Married,1,0,2013-07-03,87,25,5,19,7,0,23,3,3,0,3,7,0,0,0,0,0,0,0,Germany,23559.0,41.0,79,6,0,Low Value,23559.0,No Response,35-44,Web,1,One Child,0.5,50.0,0.42857142857142855,61-90 Days,Non-Responder
550,1952,Graduation,Divorced,0,1,2013-05-23,87,243,131,217,85,6,26,2,3,3,13,2,0,0,0,0,0,0,0,Spain,62335.0,62.0,708,19,0,Medium Value,62335.0,No Response,55-64,Store,1,One Child,0.10526315789473684,10.526315789473683,1.5,61-90 Days,Non-Responder
4478,1979,Graduation,Married,1,1,2013-03-24,87,457,5,106,15,17,53,8,11,1,6,8,0,0,0,0,0,0,0,India,63777.0,35.0,653,18,0,Medium Value,63777.0,No Response,35-44,Web,2,Two or More Children,0.4444444444444444,44.44444444444444,1.375,61-90 Days,Non-Responder
2350,1972,Graduation,Married,1,1,2013-03-22,87,623,53,178,23,17,133,7,3,2,8,8,0,1,0,0,0,0,0,Canada,59666.0,42.0,1027,13,1,High Value,59666.0,Low Engagement,35-44,Store,2,Two or More Children,0.5384615384615384,53.84615384615385,0.375,61-90 Days,Non-Responder
1118,1956,Master,Married,0,1,2013-02-20,87,544,13,85,8,6,29,3,10,4,5,8,1,0,0,0,0,0,0,Spain,50965.0,58.0,685,19,1,Medium Value,50965.0,Low Engagement,55-64,Web,1,One Child,0.15789473684210525,15.789473684210526,1.25,61-90 Days,Non-Responder
1491,1965,2n Cycle,Together,0,0,2013-02-18,87,162,33,124,40,28,172,2,3,4,7,1,0,0,0,0,0,0,0,Canada,71488.0,49.0,559,14,0,Medium Value,71488.0,No Response,45-54,Store,0,No Children,0.14285714285714285,14.285714285714285,3.0,61-90 Days,Non-Responder
4507,1952,Graduation,Single,0,0,2012-11-27,87,631,28,491,30,14,56,1,6,7,8,3,0,0,0,0,0,0,0,Spain,72228.0,62.0,1250,21,0,High Value,72228.0,No Response,55-64,Store,0,No Children,0.047619047619047616,4.761904761904762,2.0,61-90 Days,Non-Responder
7023,1953,PhD,Single,2,1,2012-11-26,87,189,2,55,0,5,12,4,6,1,4,9,0,0,0,0,0,0,0,Saudi Arabia,46231.0,61.0,263,11,0,Medium Value,46231.0,No Response,55-64,Web,3,Two or More Children,0.36363636363636365,36.36363636363637,0.6666666666666666,61-90 Days,Non-Responder
6977,1974,Graduation,Together,0,1,2012-10-14,87,1073,0,629,145,37,37,1,10,5,13,6,0,0,1,0,0,0,0,Spain,75702.0,40.0,1921,28,1,High Value,75702.0,Low Engagement,35-44,Store,1,One Child,0.03571428571428571,3.571428571428571,1.6666666666666667,61-90 Days,Non-Responder
4042,1971,Graduation,Divorced,0,1,2012-10-13,87,91,3,52,2,1,31,3,4,0,4,8,0,0,0,0,0,1,0,Canada,43300.0,43.0,180,8,0,Medium Value,43300.0,No Response,35-44,Web,1,One Child,0.375,37.5,0.5,61-90 Days,Responder
7274,1957,Graduation,Married,0,0,2012-09-28,87,736,163,818,212,163,61,1,4,7,10,2,0,1,0,0,0,0,0,Spain,78618.0,57.0,2153,21,1,High Value,78618.0,Low Engagement,55-64,Store,0,No Children,0.047619047619047616,4.761904761904762,2.0,61-90 Days,Non-Responder
2902,1958,Graduation,Together,1,1,2012-09-03,87,19,4,12,2,2,6,1,1,0,3,5,0,0,0,0,0,0,0,Australia,51381.5,56.0,45,4,0,Low Value,51381.5,No Response,55-64,Store,2,Two or More Children,0.25,25.0,0.2,61-90 Days,Non-Responder
3332,1985,Graduation,Single,1,0,2012-08-29,87,64,4,68,7,5,17,4,3,1,4,8,0,0,0,0,0,0,0,Germany,29760.0,29.0,165,8,0,Medium Value,29760.0,No Response,25-34,Store,1,One Child,0.5,50.0,0.375,61-90 Days,Non-Responder
7433,1985,Graduation,Single,1,0,2012-08-29,87,64,4,68,7,5,17,4,3,1,4,8,0,0,0,0,0,0,0,Spain,29760.0,29.0,165,8,0,Medium Value,29760.0,No Response,25-34,Store,1,One Child,0.5,50.0,0.375,61-90 Days,Non-Responder
9386,1962,Graduation,Together,0,1,2014-05-29,88,274,0,21,4,6,15,1,5,1,6,6,0,1,0,0,0,0,0,Spain,50127.0,52.0,320,12,1,Medium Value,50127.0,Low Engagement,45-54,Store,1,One Child,0.08333333333333333,8.333333333333332,0.8333333333333334,61-90 Days,Non-Responder
5176,1988,Graduation,Together,1,0,2013-12-08,88,7,6,13,7,6,14,1,1,0,3,9,1,0,0,0,0,0,0,Saudi Arabia,29604.0,26.0,53,4,1,Low Value,29604.0,Low Engagement,25-34,Store,1,One Child,0.25,25.0,0.1111111111111111,61-90 Days,Non-Responder
10323,1952,Graduation,Married,0,1,2013-10-25,88,205,7,41,3,2,46,2,4,2,5,5,0,0,0,0,0,0,0,Spain,49413.0,62.0,304,11,0,Medium Value,49413.0,No Response,55-64,Store,1,One Child,0.18181818181818182,18.181818181818183,0.8,61-90 Days,Non-Responder
4682,1958,Graduation,Married,0,0,2013-10-15,88,99,27,102,28,48,6,1,2,2,8,1,0,0,0,0,0,0,0,Germany,51876.0,56.0,310,12,0,Medium Value,51876.0,No Response,55-64,Store,0,No Children,0.08333333333333333,8.333333333333332,2.0,61-90 Days,Non-Responder
3083,1974,Graduation,Married,1,1,2013-07-26,88,215,13,87,17,17,24,5,6,2,5,7,0,0,0,0,0,0,0,Spain,45837.0,40.0,373,13,0,Medium Value,45837.0,No Response,35-44,Web,2,Two or More Children,0.38461538461538464,38.46153846153847,0.8571428571428571,61-90 Days,Non-Responder
8015,1962,PhD,Divorced,0,0,2013-05-03,88,714,76,395,116,0,12,1,4,6,9,1,0,0,0,0,0,1,0,Spain,85696.0,52.0,1313,19,0,High Value,85696.0,No Response,45-54,Store,0,No Children,0.05263157894736842,5.263157894736842,4.0,61-90 Days,Responder
1745,1962,PhD,Divorced,0,0,2013-05-03,88,714,76,395,116,0,12,1,4,6,9,1,0,0,0,0,0,1,0,Spain,85696.0,52.0,1313,19,0,High Value,85696.0,No Response,45-54,Store,0,No Children,0.05263157894736842,5.263157894736842,4.0,61-90 Days,Responder
3136,1962,Master,Divorced,0,1,2013-04-13,88,317,25,265,25,19,12,3,5,3,11,5,0,0,0,0,0,0,0,Spain,59432.0,52.0,663,19,0,Medium Value,59432.0,No Response,45-54,Store,1,One Child,0.15789473684210525,15.789473684210526,1.0,61-90 Days,Non-Responder
6991,1951,Graduation,Divorced,0,1,2013-04-10,88,537,6,42,16,6,30,2,9,3,6,8,0,0,0,0,0,0,0,Australia,43185.0,63.0,637,18,0,Medium Value,43185.0,No Response,55-64,Web,1,One Child,0.1111111111111111,11.11111111111111,1.125,61-90 Days,Non-Responder
8132,1975,PhD,Married,1,1,2013-04-05,88,565,6,65,0,6,19,5,9,2,8,7,0,1,0,0,0,0,0,Germany,60631.0,39.0,661,19,1,Medium Value,60631.0,Low Engagement,35-44,Web,2,Two or More Children,0.2631578947368421,26.31578947368421,1.2857142857142858,61-90 Days,Non-Responder
503,1985,Master,Married,1,0,2013-03-12,88,13,1,29,3,0,7,2,2,0,3,8,0,0,0,0,0,0,0,Australia,20559.0,29.0,53,5,0,Low Value,20559.0,No Response,25-34,Store,1,One Child,0.4,40.0,0.25,61-90 Days,Non-Responder
8148,1956,Master,Together,1,1,2013-01-08,88,285,28,242,55,114,135,13,6,2,12,5,0,0,0,0,0,0,0,Saudi Arabia,50898.0,58.0,859,20,0,High Value,50898.0,No Response,55-64,Store,2,Two or More Children,0.65,65.0,1.2,61-90 Days,Non-Responder
2736,1978,Graduation,Married,0,1,2013-01-02,88,366,124,156,71,78,54,2,5,5,11,2,0,0,0,0,0,0,0,India,73807.0,36.0,849,21,0,High Value,73807.0,No Response,35-44,Store,1,One Child,0.09523809523809523,9.523809523809524,2.5,61-90 Days,Non-Responder
8162,1956,Master,Together,0,0,2013-01-01,88,4,1,11,6,2,2,1,1,0,3,6,0,0,0,0,0,0,0,Spain,14661.0,58.0,26,4,0,Low Value,14661.0,No Response,55-64,Store,0,No Children,0.25,25.0,0.16666666666666666,61-90 Days,Non-Responder
692,1954,Graduation,Together,1,1,2012-12-20,88,4,2,5,0,0,5,1,1,0,2,6,0,0,0,0,0,0,0,India,36807.0,60.0,16,3,0,Low Value,36807.0,No Response,55-64,Store,2,Two or More Children,0.3333333333333333,33.33333333333333,0.16666666666666666,61-90 Days,Non-Responder
7706,1975,2n Cycle,Together,0,1,2012-11-07,88,350,104,189,197,151,57,6,11,8,5,8,1,0,0,0,0,0,0,Canada,46772.0,39.0,1048,24,1,High Value,46772.0,Low Engagement,35-44,Web,1,One Child,0.25,25.0,1.375,61-90 Days,Non-Responder
9298,1947,PhD,Together,0,0,2014-04-28,89,1252,0,465,46,35,0,1,4,5,8,1,0,1,1,0,0,0,0,Saudi Arabia,81574.0,67.0,1798,17,2,High Value,81574.0,Medium Engagement,65+,Store,0,No Children,0.058823529411764705,5.88235294117647,4.0,61-90 Days,Non-Responder
2986,1976,Graduation,Married,1,1,2014-03-12,89,7,2,4,2,1,4,1,1,0,2,6,0,0,0,0,0,0,0,Canada,30772.0,38.0,20,3,0,Low Value,30772.0,No Response,35-44,Store,2,Two or More Children,0.3333333333333333,33.33333333333333,0.16666666666666666,61-90 Days,Non-Responder
10812,1978,PhD,Married,1,0,2014-03-01,89,37,0,46,4,3,0,1,2,1,3,4,0,0,0,0,0,0,0,Saudi Arabia,46377.0,36.0,90,6,0,Low Value,46377.0,No Response,35-44,Store,1,One Child,0.16666666666666666,16.666666666666664,0.5,61-90 Days,Non-Responder
2909,1974,PhD,Married,0,1,2014-02-19,89,934,24,230,16,24,36,2,8,4,6,3,0,1,1,0,0,0,0,Germany,78128.0,40.0,1264,18,2,High Value,78128.0,Medium Engagement,35-44,Web,1,One Child,0.1111111111111111,11.11111111111111,2.6666666666666665,61-90 Days,Non-Responder
6974,1972,PhD,Together,0,0,2013-12-31,89,518,42,742,55,56,84,1,6,10,5,2,0,0,0,0,0,0,0,Germany,83443.0,42.0,1497,21,0,High Value,83443.0,No Response,35-44,Catalog,0,No Children,0.047619047619047616,4.761904761904762,3.0,61-90 Days,Non-Responder
9140,1960,2n Cycle,Together,1,1,2013-12-25,89,51,4,24,4,7,1,2,2,0,4,6,0,0,0,0,0,0,0,USA,50523.0,54.0,91,6,0,Low Value,50523.0,No Response,45-54,Store,2,Two or More Children,0.3333333333333333,33.33333333333333,0.3333333333333333,61-90 Days,Non-Responder
4554,1965,Graduation,Together,0,1,2013-10-01,89,171,45,73,59,10,90,4,3,2,8,4,0,0,0,0,0,0,0,Spain,47009.0,49.0,448,13,0,Medium Value,47009.0,No Response,45-54,Store,1,One Child,0.3076923076923077,30.76923076923077,0.75,61-90 Days,Non-Responder
7791,1967,Master,Married,1,1,2013-09-15,89,12,1,6,0,1,5,2,1,0,3,7,0,0,0,0,0,0,0,Saudi Arabia,37054.0,47.0,25,4,0,Low Value,37054.0,No Response,45-54,Store,2,Two or More Children,0.5,50.0,0.14285714285714285,61-90 Days,Non-Responder
5455,1971,PhD,Married,1,0,2013-08-22,89,99,0,15,2,1,5,3,2,1,4,7,0,0,0,0,0,0,0,Spain,32011.0,43.0,122,7,0,Medium Value,32011.0,No Response,35-44,Store,1,One Child,0.42857142857142855,42.857142857142854,0.2857142857142857,61-90 Days,Non-Responder
7960,1962,2n Cycle,Together,0,0,2013-08-15,89,734,22,350,151,25,100,1,3,9,13,1,0,0,1,0,0,0,0,Spain,82122.0,52.0,1382,25,1,High Value,82122.0,Low Engagement,45-54,Store,0,No Children,0.04,4.0,3.0,61-90 Days,Non-Responder
3426,1975,Graduation,Divorced,1,0,2013-07-15,89,1045,61,338,60,46,46,3,5,5,13,8,0,0,0,0,0,0,0,Spain,70300.0,39.0,1596,23,0,High Value,70300.0,No Response,35-44,Store,1,One Child,0.13043478260869565,13.043478260869565,0.625,61-90 Days,Non-Responder
5316,1976,Master,Together,0,0,2013-07-04,89,36,4,18,6,2,18,1,2,0,4,7,0,0,0,0,0,0,0,Spain,21024.0,38.0,84,6,0,Low Value,21024.0,No Response,35-44,Store,0,No Children,0.16666666666666666,16.666666666666664,0.2857142857142857,61-90 Days,Non-Responder
1404,1968,Graduation,Together,2,0,2013-05-15,89,51,23,82,33,0,42,4,5,1,3,9,0,0,0,0,0,0,0,Saudi Arabia,34916.0,46.0,231,9,0,Medium Value,34916.0,No Response,45-54,Web,2,Two or More Children,0.4444444444444444,44.44444444444444,0.5555555555555556,61-90 Days,Non-Responder
10598,1967,Graduation,Together,1,1,2013-04-15,89,12,1,16,4,1,3,3,2,0,3,8,0,0,0,0,0,0,0,Spain,27943.0,47.0,37,5,0,Low Value,27943.0,No Response,45-54,Store,2,Two or More Children,0.6,60.0,0.25,61-90 Days,Non-Responder
8212,1971,Master,Married,0,1,2013-03-28,89,85,15,27,13,13,21,2,3,1,4,7,0,0,0,0,0,0,0,Spain,39791.0,43.0,174,8,0,Medium Value,39791.0,No Response,35-44,Store,1,One Child,0.25,25.0,0.42857142857142855,61-90 Days,Non-Responder
3233,1965,PhD,Married,0,1,2013-03-23,89,562,21,464,28,10,32,3,7,8,11,5,0,0,0,0,0,0,0,Saudi Arabia,62745.0,49.0,1117,26,0,High Value,62745.0,No Response,45-54,Store,1,One Child,0.11538461538461539,11.538461538461538,1.4,61-90 Days,Non-Responder
7892,1969,Graduation,Single,0,0,2013-01-02,89,6,4,25,15,12,13,2,2,1,3,7,0,0,0,0,0,0,0,USA,18589.0,45.0,75,6,0,Low Value,18589.0,No Response,45-54,Store,0,No Children,0.3333333333333333,33.33333333333333,0.2857142857142857,61-90 Days,Non-Responder
2975,1976,Graduation,Together,0,1,2012-11-12,89,717,42,864,219,30,84,2,6,7,9,3,0,0,0,1,0,0,0,Spain,85606.0,38.0,1956,22,1,High Value,85606.0,Low Engagement,35-44,Store,1,One Child,0.09090909090909091,9.090909090909092,2.0,61-90 Days,Non-Responder
5043,1951,Basic,Married,0,0,2012-11-05,89,7,23,78,133,49,144,2,4,2,5,7,0,0,0,0,0,0,0,Spain,26997.0,63.0,434,11,0,Medium Value,26997.0,No Response,55-64,Store,0,No Children,0.18181818181818182,18.181818181818183,0.5714285714285714,61-90 Days,Non-Responder
3104,1961,Graduation,Single,0,0,2012-09-17,89,830,59,968,51,79,19,1,5,3,12,2,0,0,1,0,0,1,0,Germany,82332.0,53.0,2006,20,1,High Value,82332.0,Low Engagement,45-54,Store,0,No Children,0.05,5.0,2.5,61-90 Days,Responder
10854,1970,PhD,Married,1,1,2014-05-23,90,29,0,14,0,0,2,2,2,0,3,7,0,0,0,0,0,0,0,India,38853.0,44.0,45,5,0,Low Value,38853.0,No Response,35-44,Store,2,Two or More Children,0.4,40.0,0.2857142857142857,61-90 Days,Non-Responder
7419,1968,Master,Divorced,1,0,2014-04-23,90,8,3,19,0,2,3,2,2,0,3,6,0,0,0,0,0,0,0,Spain,27071.0,46.0,35,5,0,Low Value,27071.0,No Response,45-54,Store,1,One Child,0.4,40.0,0.3333333333333333,61-90 Days,Non-Responder
5558,1954,PhD,Single,0,0,2014-03-31,90,1020,31,430,62,63,79,1,4,6,4,1,0,0,1,0,0,0,0,Spain,90933.0,60.0,1685,14,1,High Value,90933.0,Low Engagement,55-64,Catalog,0,No Children,0.07142857142857142,7.142857142857142,4.0,61-90 Days,Non-Responder
832,1966,PhD,Together,0,1,2014-03-02,90,561,14,113,10,14,35,3,8,2,10,5,0,0,0,0,0,0,0,Spain,65814.0,48.0,747,20,0,Medium Value,65814.0,No Response,45-54,Store,1,One Child,0.15,15.0,1.6,61-90 Days,Non-Responder
4964,1958,PhD,Together,0,0,2014-01-26,90,680,11,392,75,0,0,1,2,11,4,1,0,0,0,0,0,0,0,Canada,74250.0,56.0,1158,17,0,High Value,74250.0,No Response,55-64,Catalog,0,No Children,0.058823529411764705,5.88235294117647,2.0,61-90 Days,Non-Responder
11030,1976,Master,Married,1,0,2014-01-03,90,9,0,3,0,0,4,1,1,0,2,6,1,0,0,0,0,0,0,Spain,33181.0,38.0,16,3,1,Low Value,33181.0,Low Engagement,35-44,Store,1,One Child,0.3333333333333333,33.33333333333333,0.16666666666666666,61-90 Days,Non-Responder
4587,1944,Master,Widow,0,0,2013-07-18,90,162,25,53,16,0,10,1,3,1,7,3,0,0,0,0,0,0,0,Spain,45006.0,70.0,266,11,0,Medium Value,45006.0,No Response,65+,Store,0,No Children,0.09090909090909091,9.090909090909092,1.0,61-90 Days,Non-Responder
450,1958,Master,Together,0,1,2013-07-12,90,67,15,80,17,11,80,3,1,4,4,3,0,0,0,0,0,0,0,USA,42315.0,56.0,270,9,0,Medium Value,42315.0,No Response,55-64,Catalog,1,One Child,0.3333333333333333,33.33333333333333,0.3333333333333333,61-90 Days,Non-Responder
11031,1950,PhD,Married,1,1,2013-05-21,90,26,1,10,2,0,1,1,1,0,3,5,0,0,0,0,0,0,0,Australia,48699.0,64.0,40,4,0,Low Value,48699.0,No Response,55-64,Store,2,Two or More Children,0.25,25.0,0.2,61-90 Days,Non-Responder
4990,1954,Graduation,Married,0,0,2013-05-02,90,524,0,134,28,28,155,1,11,1,8,7,0,0,0,0,0,0,0,Australia,59111.0,60.0,869,20,0,High Value,59111.0,No Response,55-64,Web,0,No Children,0.05,5.0,1.5714285714285714,61-90 Days,Non-Responder
221,1955,Graduation,Married,0,1,2013-04-27,90,138,3,38,4,0,59,3,3,2,4,6,0,0,0,0,0,0,0,Germany,48726.0,59.0,242,9,0,Medium Value,48726.0,No Response,55-64,Store,1,One Child,0.3333333333333333,33.33333333333333,0.5,61-90 Days,Non-Responder
4351,1955,Graduation,Divorced,1,1,2013-04-27,90,18,2,10,0,0,25,1,1,1,2,7,1,0,0,0,0,0,0,Spain,37244.0,59.0,55,4,1,Low Value,37244.0,Low Engagement,55-64,Store,2,Two or More Children,0.25,25.0,0.14285714285714285,61-90 Days,Non-Responder
1357,1970,Graduation,Together,1,2,2013-04-08,90,856,59,487,58,29,73,7,2,5,5,5,0,0,0,0,0,0,0,Germany,74854.0,44.0,1562,12,0,High Value,74854.0,No Response,35-44,Catalog,3,Two or More Children,0.5833333333333334,58.333333333333336,0.4,61-90 Days,Non-Responder
5667,1964,PhD,Married,0,1,2012-10-11,90,1013,30,399,60,46,153,3,9,10,4,6,0,0,0,0,0,1,0,Canada,60896.0,50.0,1701,23,0,High Value,60896.0,No Response,45-54,Catalog,1,One Child,0.13043478260869565,13.043478260869565,1.5,61-90 Days,Responder
8867,1988,PhD,Married,0,0,2012-08-31,90,864,134,768,150,38,172,1,4,10,5,3,0,0,0,0,0,0,0,Saudi Arabia,67546.0,26.0,2126,19,0,High Value,67546.0,No Response,25-34,Catalog,0,No Children,0.05263157894736842,5.263157894736842,1.3333333333333333,61-90 Days,Non-Responder
2747,1988,PhD,Married,0,0,2012-08-31,90,864,134,768,150,38,172,1,4,10,5,3,0,0,0,0,0,0,0,Spain,67546.0,26.0,2126,19,0,High Value,67546.0,No Response,25-34,Catalog,0,No Children,0.05263157894736842,5.263157894736842,1.3333333333333333,61-90 Days,Non-Responder
7422,1987,Graduation,Single,1,0,2012-08-22,90,85,44,54,102,78,6,3,5,1,7,7,0,0,0,0,0,0,0,Spain,46923.0,27.0,369,13,0,Medium Value,46923.0,No Response,25-34,Store,1,One Child,0.23076923076923078,23.076923076923077,0.7142857142857143,61-90 Days,Non-Responder
4148,1972,Graduation,Married,1,2,2012-08-20,90,164,24,103,12,3,42,7,5,1,6,8,0,0,0,0,0,0,0,Spain,38988.0,42.0,348,12,0,Medium Value,38988.0,No Response,35-44,Store,3,Two or More Children,0.5833333333333334,58.333333333333336,0.625,61-90 Days,Non-Responder
9516,1971,2n Cycle,Divorced,0,0,2012-08-18,90,620,54,239,99,98,119,2,9,7,10,7,0,1,0,0,1,1,0,Spain,49118.0,43.0,1229,26,2,High Value,49118.0,Medium Engagement,35-44,Store,0,No Children,0.07692307692307693,7.6923076923076925,1.2857142857142858,61-90 Days,Responder
1291,1978,PhD,Together,1,0,2012-08-04,90,152,9,121,12,12,45,4,6,2,4,8,0,0,0,0,0,0,0,Spain,27683.0,36.0,351,12,0,Medium Value,27683.0,No Response,35-44,Web,1,One Child,0.3333333333333333,33.33333333333333,0.75,61-90 Days,Non-Responder
1833,1974,PhD,Single,1,0,2014-04-26,91,68,8,18,19,8,12,2,2,1,4,5,0,0,0,0,0,0,0,Spain,39190.0,40.0,133,7,0,Medium Value,39190.0,No Response,35-44,Store,1,One Child,0.2857142857142857,28.57142857142857,0.4,91-120 Days,Non-Responder
7270,1981,Graduation,Divorced,0,0,2014-01-25,91,908,48,217,32,12,24,1,2,3,13,6,0,1,0,0,0,0,0,Saudi Arabia,56981.0,33.0,1241,18,1,High Value,56981.0,Low Engagement,25-34,Store,0,No Children,0.05555555555555555,5.555555555555555,0.3333333333333333,91-120 Days,Non-Responder
8182,1984,Graduation,Married,1,0,2014-01-05,91,53,3,49,7,4,5,4,3,0,4,8,0,0,0,0,0,0,0,Canada,23228.0,30.0,121,7,0,Medium Value,23228.0,No Response,25-34,Store,1,One Child,0.5714285714285714,57.14285714285714,0.375,91-120 Days,Non-Responder
10394,1984,Graduation,Married,0,0,2013-12-23,91,675,144,133,94,192,241,1,4,8,5,1,1,0,1,1,0,0,0,Canada,90000.0,30.0,1479,17,3,High Value,90000.0,High Engagement,25-34,Catalog,0,No Children,0.058823529411764705,5.88235294117647,4.0,91-120 Days,Non-Responder
1142,1953,PhD,Married,0,1,2013-12-22,91,208,7,82,30,66,35,2,3,2,9,3,0,0,0,0,0,0,0,Spain,55707.0,61.0,428,14,0,Medium Value,55707.0,No Response,55-64,Store,1,One Child,0.14285714285714285,14.285714285714285,1.0,91-120 Days,Non-Responder
451,1989,Graduation,Single,1,0,2013-12-20,91,9,0,7,2,0,4,1,1,1,2,8,0,0,0,0,0,0,0,India,9255.0,25.0,22,4,0,Low Value,9255.0,No Response,25-34,Store,1,One Child,0.25,25.0,0.125,91-120 Days,Non-Responder
7128,1977,PhD,Single,1,1,2013-12-07,91,4,0,5,0,1,5,1,1,0,2,7,0,0,0,0,0,0,0,Spain,42997.0,37.0,15,3,0,Low Value,42997.0,No Response,35-44,Store,2,Two or More Children,0.3333333333333333,33.33333333333333,0.14285714285714285,91-120 Days,Non-Responder
10678,1959,Graduation,Together,0,1,2013-11-28,91,653,17,170,34,26,17,2,11,2,10,7,0,0,0,0,0,0,0,Spain,71232.0,55.0,917,23,0,High Value,71232.0,No Response,55-64,Web,1,One Child,0.08695652173913043,8.695652173913043,1.5714285714285714,91-120 Days,Non-Responder
7755,1954,PhD,Married,0,1,2013-11-12,91,350,3,39,0,0,19,2,9,1,4,8,0,0,0,0,0,0,0,Spain,57744.0,60.0,411,14,0,Medium Value,57744.0,No Response,55-64,Web,1,One Child,0.14285714285714285,14.285714285714285,1.125,91-120 Days,Non-Responder
4754,1966,Master,Married,0,1,2013-09-25,91,30,11,33,13,6,29,1,2,0,4,4,0,0,0,0,0,0,0,Spain,33585.0,48.0,122,6,0,Medium Value,33585.0,No Response,45-54,Store,1,One Child,0.16666666666666666,16.666666666666664,0.5,91-120 Days,Non-Responder
20,1965,2n Cycle,Married,0,1,2013-09-01,91,43,12,23,29,15,61,1,2,1,4,4,0,0,0,0,0,0,0,Germany,46891.0,49.0,183,7,0,Medium Value,46891.0,No Response,45-54,Store,1,One Child,0.14285714285714285,14.285714285714285,0.5,91-120 Days,Non-Responder
2246,1965,2n Cycle,Married,0,1,2013-09-01,91,43,12,23,29,15,61,1,2,1,4,4,0,0,0,0,0,0,0,Spain,46891.0,49.0,183,7,0,Medium Value,46891.0,No Response,45-54,Store,1,One Child,0.14285714285714285,14.285714285714285,0.5,91-120 Days,Non-Responder
10307,1956,Graduation,Married,0,2,2013-08-31,91,369,9,87,12,14,34,3,6,2,8,5,0,0,0,0,0,0,0,Spain,50387.0,58.0,525,16,0,Medium Value,50387.0,No Response,55-64,Store,2,Two or More Children,0.1875,18.75,1.2,91-120 Days,Non-Responder
2147,1969,Graduation,Together,0,0,2013-08-16,91,736,63,946,219,189,126,1,4,7,11,2,0,0,1,1,0,0,0,Spain,76653.0,45.0,2279,22,2,High Value,76653.0,Medium Engagement,45-54,Store,0,No Children,0.045454545454545456,4.545454545454546,2.0,91-120 Days,Non-Responder
10590,1956,PhD,Together,0,0,2013-03-30,91,794,73,573,0,29,14,1,4,8,10,2,0,0,0,0,0,0,0,Spain,76542.0,58.0,1483,22,0,High Value,76542.0,No Response,55-64,Store,0,No Children,0.045454545454545456,4.545454545454546,2.0,91-120 Days,Non-Responder
6565,1949,Master,Married,0,1,2013-03-28,91,1012,80,498,0,16,176,2,11,4,9,5,0,0,0,1,0,0,0,USA,76995.0,65.0,1782,24,1,High Value,76995.0,Low Engagement,65+,Web,1,One Child,0.08333333333333333,8.333333333333332,2.2,91-120 Days,Non-Responder
6619,1978,Graduation,Married,1,1,2013-01-02,91,22,1,13,4,0,4,2,1,0,3,7,0,0,0,0,0,0,0,Spain,38415.0,36.0,44,4,0,Low Value,38415.0,No Response,35-44,Store,2,Two or More Children,0.5,50.0,0.14285714285714285,91-120 Days,Non-Responder
4817,1956,Graduation,Divorced,0,0,2012-08-04,91,3,2,7,0,4,2,1,1,0,2,8,0,0,0,0,0,0,0,Spain,22304.0,58.0,18,3,0,Low Value,22304.0,No Response,55-64,Store,0,No Children,0.3333333333333333,33.33333333333333,0.125,91-120 Days,Non-Responder
4508,1952,Graduation,Single,0,0,2014-05-22,92,203,35,305,46,17,227,1,2,11,5,1,0,0,0,0,0,0,0,Germany,75127.0,62.0,833,18,0,High Value,75127.0,No Response,55-64,Catalog,0,No Children,0.05555555555555555,5.555555555555555,2.0,91-120 Days,Non-Responder
4843,1952,Graduation,Single,0,0,2014-05-22,92,203,35,305,46,17,227,1,2,11,5,1,0,0,0,0,0,0,0,Saudi Arabia,75127.0,62.0,833,18,0,High Value,75127.0,No Response,55-64,Catalog,0,No Children,0.05555555555555555,5.555555555555555,2.0,91-120 Days,Non-Responder
9197,1953,Graduation,Married,0,1,2014-02-24,92,32,0,5,2,0,8,2,2,0,3,5,0,0,0,0,0,0,0,Spain,39722.0,61.0,47,5,0,Low Value,39722.0,No Response,55-64,Store,1,One Child,0.4,40.0,0.4,91-120 Days,Non-Responder
6237,1966,PhD,Single,0,2,2013-12-07,92,81,4,33,5,2,291,0,23,1,1,0,0,0,0,0,0,0,0,Spain,7144.0,48.0,416,25,0,Medium Value,7144.0,No Response,45-54,Web,2,Two or More Children,0.0,0.0,,91-120 Days,Non-Responder
6515,1977,Graduation,Together,1,0,2013-12-06,92,6,2,18,2,8,14,1,2,0,3,4,0,0,0,0,0,0,0,Saudi Arabia,39771.0,37.0,50,5,0,Low Value,39771.0,No Response,35-44,Store,1,One Child,0.2,20.0,0.5,91-120 Days,Non-Responder
5954,1972,Master,Divorced,1,0,2013-10-09,92,76,14,74,13,5,10,2,5,0,4,8,0,0,0,0,0,0,0,Spain,42618.0,42.0,192,9,0,Medium Value,42618.0,No Response,35-44,Web,1,One Child,0.2222222222222222,22.22222222222222,0.625,91-120 Days,Non-Responder
7938,1958,PhD,Together,0,1,2013-10-03,92,350,8,66,17,4,4,2,3,2,10,3,0,0,0,0,0,0,0,Germany,51518.0,56.0,449,15,0,Medium Value,51518.0,No Response,55-64,Store,1,One Child,0.13333333333333333,13.333333333333334,1.0,91-120 Days,Non-Responder
961,1972,Graduation,Married,0,1,2013-09-12,92,133,27,421,13,195,71,2,7,3,5,4,0,0,0,0,0,0,0,Spain,74716.0,42.0,860,15,0,High Value,74716.0,No Response,35-44,Web,1,One Child,0.13333333333333333,13.333333333333334,1.75,91-120 Days,Non-Responder
1764,1975,Graduation,Single,1,0,2013-08-09,92,100,2,128,23,7,10,4,5,1,5,8,0,0,0,0,0,0,0,Saudi Arabia,33955.0,39.0,270,11,0,Medium Value,33955.0,No Response,35-44,Web,1,One Child,0.36363636363636365,36.36363636363637,0.625,91-120 Days,Non-Responder
1916,1954,Master,Married,0,1,2013-07-24,92,188,3,180,20,3,43,5,7,1,6,7,0,0,0,0,0,0,0,Germany,45736.0,60.0,437,14,0,Medium Value,45736.0,No Response,55-64,Web,1,One Child,0.35714285714285715,35.714285714285715,1.0,91-120 Days,Non-Responder
6941,1971,Graduation,Single,0,0,2013-07-14,92,17,8,12,11,15,32,1,2,1,2,7,0,0,0,0,0,0,0,Spain,31632.0,43.0,95,5,0,Low Value,31632.0,No Response,35-44,Web,0,No Children,0.2,20.0,0.2857142857142857,91-120 Days,Non-Responder
5562,1974,Graduation,Married,0,1,2013-06-26,92,502,12,109,16,6,90,2,7,2,10,6,0,0,0,0,0,0,0,Spain,60093.0,40.0,735,19,0,Medium Value,60093.0,No Response,35-44,Store,1,One Child,0.10526315789473684,10.526315789473683,1.1666666666666667,91-120 Days,Non-Responder
1517,1969,Graduation,Single,1,0,2013-06-14,92,3,9,13,2,12,12,1,1,0,3,7,0,0,0,0,0,0,0,Spain,30822.0,45.0,51,4,0,Low Value,30822.0,No Response,45-54,Store,1,One Child,0.25,25.0,0.14285714285714285,91-120 Days,Non-Responder
7286,1968,Graduation,Together,1,0,2013-05-24,92,13,6,15,3,5,13,1,2,0,2,10,0,0,0,0,0,0,0,Australia,41728.0,46.0,55,4,0,Low Value,41728.0,No Response,45-54,Web,1,One Child,0.25,25.0,0.2,91-120 Days,Non-Responder
4687,1958,Master,Married,0,0,2013-05-23,92,674,92,736,39,0,92,1,3,11,9,1,0,0,0,0,0,0,0,Spain,80739.0,56.0,1633,23,0,High Value,80739.0,No Response,55-64,Catalog,0,No Children,0.043478260869565216,4.3478260869565215,3.0,91-120 Days,Non-Responder
5631,1991,Graduation,Single,0,0,2013-05-02,92,202,47,197,55,42,149,1,5,4,8,4,0,0,0,0,0,0,0,USA,49767.0,23.0,692,17,0,Medium Value,49767.0,No Response,Under 25,Store,0,No Children,0.058823529411764705,5.88235294117647,1.25,91-120 Days,Non-Responder
1951,1981,Basic,Married,0,0,2013-01-27,92,228,122,122,208,129,30,6,11,2,8,9,0,0,0,0,0,0,0,Spain,34445.0,33.0,839,21,0,High Value,34445.0,No Response,25-34,Web,0,No Children,0.2857142857142857,28.57142857142857,1.2222222222222223,91-120 Days,Non-Responder
123,1951,Graduation,Widow,0,1,2013-01-06,92,544,35,133,23,151,107,2,4,5,4,2,0,0,0,0,0,0,0,Australia,67046.0,63.0,993,13,0,High Value,67046.0,No Response,55-64,Catalog,1,One Child,0.15384615384615385,15.384615384615385,2.0,91-120 Days,Non-Responder
9451,1965,Graduation,Married,0,1,2012-11-25,92,811,76,428,99,137,107,3,10,4,9,7,0,0,0,0,0,0,0,Canada,73538.0,49.0,1658,23,0,High Value,73538.0,No Response,45-54,Web,1,One Child,0.13043478260869565,13.043478260869565,1.4285714285714286,91-120 Days,Non-Responder
7396,1966,Graduation,Married,0,0,2012-11-10,92,342,51,936,207,35,26,1,5,8,12,3,0,0,1,0,0,0,0,Spain,80398.0,48.0,1597,25,1,High Value,80398.0,Low Engagement,45-54,Store,0,No Children,0.04,4.0,1.6666666666666667,91-120 Days,Non-Responder
3298,1956,Master,Married,0,1,2012-11-08,92,856,0,76,12,9,199,7,9,6,9,8,0,0,0,0,0,0,0,Saudi Arabia,52973.0,58.0,1152,24,0,High Value,52973.0,No Response,55-64,Web,1,One Child,0.2916666666666667,29.166666666666668,1.125,91-120 Days,Non-Responder
6730,1954,Graduation,Married,1,1,2012-11-03,92,34,1,14,0,0,5,3,2,0,3,8,0,0,0,0,0,0,1,Spain,38998.0,60.0,54,5,0,Low Value,38998.0,No Response,55-64,Store,2,Two or More Children,0.6,60.0,0.25,91-120 Days,Non-Responder
9916,1954,Graduation,Married,1,1,2012-11-03,92,34,1,14,0,0,5,3,2,0,3,8,0,0,0,0,0,0,1,Saudi Arabia,38998.0,60.0,54,5,0,Low Value,38998.0,No Response,55-64,Store,2,Two or More Children,0.6,60.0,0.25,91-120 Days,Non-Responder
2227,1958,2n Cycle,Together,0,0,2012-09-22,92,45,47,52,21,20,25,2,3,1,5,6,0,0,0,0,0,0,0,Saudi Arabia,26490.0,56.0,210,9,0,Medium Value,26490.0,No Response,55-64,Store,0,No Children,0.2222222222222222,22.22222222222222,0.5,91-120 Days,Non-Responder
946,1958,2n Cycle,Together,0,0,2012-09-22,92,45,47,52,21,20,25,2,3,1,5,6,0,0,0,0,0,0,0,Spain,26490.0,56.0,210,9,0,Medium Value,26490.0,No Response,55-64,Store,0,No Children,0.2222222222222222,22.22222222222222,0.5,91-120 Days,Non-Responder
3745,1988,2n Cycle,Married,1,0,2012-09-04,92,5,36,7,0,10,45,2,3,0,3,8,0,0,0,0,0,0,0,India,23331.0,26.0,103,6,0,Low Value,23331.0,No Response,25-34,Web,1,One Child,0.3333333333333333,33.33333333333333,0.375,91-120 Days,Non-Responder
4094,1961,Graduation,Married,1,1,2012-08-25,92,201,2,43,3,5,35,4,5,1,5,6,0,0,0,0,0,0,0,Australia,60544.0,53.0,289,11,0,Medium Value,60544.0,No Response,45-54,Web,2,Two or More Children,0.36363636363636365,36.36363636363637,0.8333333333333334,91-120 Days,Non-Responder
8588,1961,Graduation,Married,1,1,2012-08-25,92,201,2,43,3,5,35,4,5,1,5,6,0,0,0,0,0,0,0,Germany,60544.0,53.0,289,11,0,Medium Value,60544.0,No Response,45-54,Web,2,Two or More Children,0.36363636363636365,36.36363636363637,0.8333333333333334,91-120 Days,Non-Responder
3916,1971,PhD,Together,1,0,2012-08-15,92,639,8,166,11,8,58,3,7,3,12,7,0,0,0,0,0,0,0,Spain,49269.0,43.0,890,22,0,High Value,49269.0,No Response,35-44,Store,1,One Child,0.13636363636363635,13.636363636363635,1.0,91-120 Days,Non-Responder
9135,1950,Graduation,Together,1,1,2012-08-06,92,13,2,21,4,0,24,2,1,1,2,8,0,0,0,0,0,0,0,Spain,27203.0,64.0,64,4,0,Low Value,27203.0,No Response,55-64,Store,2,Two or More Children,0.5,50.0,0.125,91-120 Days,Non-Responder
1755,1988,2n Cycle,Together,1,0,2014-04-11,93,30,11,25,29,1,18,1,1,1,4,3,0,0,0,0,0,0,0,Saudi Arabia,45204.0,26.0,114,6,0,Low Value,45204.0,No Response,25-34,Store,1,One Child,0.16666666666666666,16.666666666666664,0.3333333333333333,91-120 Days,Non-Responder
2875,1978,Graduation,Married,0,0,2014-03-04,93,444,44,382,11,8,17,1,3,7,13,2,0,0,0,0,0,0,1,Spain,67023.0,36.0,906,23,0,High Value,67023.0,No Response,35-44,Store,0,No Children,0.043478260869565216,4.3478260869565215,1.5,91-120 Days,Non-Responder
2008,1978,Graduation,Married,0,0,2014-02-10,93,372,23,384,250,12,108,1,4,5,9,2,0,0,0,1,0,0,0,Saudi Arabia,77583.0,36.0,1149,18,1,High Value,77583.0,Low Engagement,35-44,Store,0,No Children,0.05555555555555555,5.555555555555555,2.0,91-120 Days,Non-Responder
10925,1983,Graduation,Married,0,0,2014-01-14,93,255,31,446,40,56,175,1,3,10,11,1,0,0,0,0,0,0,0,Saudi Arabia,76630.0,31.0,1003,24,0,High Value,76630.0,No Response,25-34,Store,0,No Children,0.041666666666666664,4.166666666666666,3.0,91-120 Days,Non-Responder
1604,1960,Master,Married,0,1,2013-11-13,93,184,2,19,8,8,4,3,2,2,6,5,0,0,0,0,0,0,0,Spain,47353.0,54.0,225,10,0,Medium Value,47353.0,No Response,45-54,Store,1,One Child,0.3,30.0,0.4,91-120 Days,Non-Responder
5389,1964,Graduation,Married,0,2,2013-10-20,93,238,17,68,8,10,6,3,6,2,5,7,0,1,0,0,0,0,0,Spain,48920.0,50.0,347,13,1,Medium Value,48920.0,Low Engagement,45-54,Web,2,Two or More Children,0.23076923076923078,23.076923076923077,0.8571428571428571,91-120 Days,Non-Responder
2878,1947,PhD,Married,0,1,2013-09-28,93,162,31,127,8,17,69,2,4,2,7,3,0,0,0,0,0,0,0,Spain,67472.0,67.0,414,13,0,Medium Value,67472.0,No Response,65+,Store,1,One Child,0.15384615384615385,15.384615384615385,1.3333333333333333,91-120 Days,Non-Responder
4440,1964,Master,Married,0,1,2013-09-10,93,509,0,27,0,0,10,1,8,3,6,7,0,1,0,0,0,0,0,Saudi Arabia,64100.0,50.0,546,17,1,Medium Value,64100.0,Low Engagement,45-54,Web,1,One Child,0.058823529411764705,5.88235294117647,1.1428571428571428,91-120 Days,Non-Responder
1324,1988,Graduation,Married,1,0,2013-05-30,93,23,3,21,3,19,22,2,3,0,3,8,0,0,0,0,0,0,0,India,38872.0,26.0,91,6,0,Low Value,38872.0,No Response,25-34,Web,1,One Child,0.3333333333333333,33.33333333333333,0.375,91-120 Days,Non-Responder
6262,1962,Master,Single,0,0,2013-04-10,93,816,42,450,55,56,154,1,3,10,8,2,0,0,0,0,0,0,0,Germany,72217.0,52.0,1573,21,0,High Value,72217.0,No Response,45-54,Catalog,0,No Children,0.047619047619047616,4.761904761904762,1.5,91-120 Days,Non-Responder
3628,1987,Basic,Single,1,0,2013-01-29,93,4,8,11,19,12,26,2,2,1,2,9,0,0,0,0,0,0,0,Spain,15038.0,27.0,80,5,0,Low Value,15038.0,No Response,25-34,Web,1,One Child,0.4,40.0,0.2222222222222222,91-120 Days,Non-Responder
3641,1976,Graduation,Married,1,0,2013-01-20,93,10,2,15,2,1,6,2,2,0,3,6,0,0,0,0,0,0,0,Spain,13624.0,38.0,36,5,0,Low Value,13624.0,No Response,35-44,Store,1,One Child,0.4,40.0,0.3333333333333333,91-120 Days,Non-Responder
322,1978,Graduation,Together,1,1,2013-01-12,93,29,1,11,0,0,0,2,2,0,3,4,0,0,0,0,0,0,0,Australia,42554.0,36.0,41,5,0,Low Value,42554.0,No Response,35-44,Store,2,Two or More Children,0.4,40.0,0.5,91-120 Days,Non-Responder
175,1986,Graduation,Married,1,0,2013-01-10,93,656,80,455,52,107,93,2,8,4,8,4,1,0,1,0,0,0,0,Spain,71952.0,28.0,1443,20,2,High Value,71952.0,Medium Engagement,25-34,Web,1,One Child,0.1,10.0,2.0,91-120 Days,Non-Responder
6988,1986,Graduation,Married,1,0,2013-01-10,93,656,80,455,52,107,93,2,8,4,8,4,1,0,1,0,0,0,0,Australia,71952.0,28.0,1443,20,2,High Value,71952.0,Medium Engagement,25-34,Web,1,One Child,0.1,10.0,2.0,91-120 Days,Non-Responder
8204,1971,2n Cycle,Married,0,0,2012-12-16,93,482,35,553,72,160,17,1,4,4,9,2,0,0,0,0,0,0,0,Germany,78041.0,43.0,1319,17,0,High Value,78041.0,No Response,35-44,Store,0,No Children,0.058823529411764705,5.88235294117647,2.0,91-120 Days,Non-Responder
7476,1964,Master,Single,0,1,2012-12-02,93,928,63,254,0,12,12,4,5,4,10,4,0,1,0,0,0,0,0,Saudi Arabia,63972.0,50.0,1269,19,1,High Value,63972.0,Low Engagement,45-54,Store,1,One Child,0.21052631578947367,21.052631578947366,1.25,91-120 Days,Non-Responder
5221,1957,Graduation,Married,0,1,2012-12-01,93,714,8,99,11,0,47,4,10,7,5,8,1,0,0,0,0,0,0,Germany,52852.0,57.0,879,22,1,High Value,52852.0,Low Engagement,55-64,Web,1,One Child,0.18181818181818182,18.181818181818183,1.25,91-120 Days,Non-Responder
8970,1972,PhD,Married,0,1,2012-10-23,93,371,22,39,6,0,92,4,6,2,7,5,0,0,0,0,0,0,0,Spain,62010.0,42.0,530,15,0,Medium Value,62010.0,No Response,35-44,Store,1,One Child,0.26666666666666666,26.666666666666668,1.2,91-120 Days,Non-Responder
9286,1960,Master,Together,0,0,2012-10-10,93,407,28,100,120,74,18,1,5,9,4,3,0,0,0,0,0,0,0,Spain,83151.0,54.0,747,18,0,Medium Value,83151.0,No Response,45-54,Catalog,0,No Children,0.05555555555555555,5.555555555555555,1.6666666666666667,91-120 Days,Non-Responder
5831,1967,Graduation,Married,0,1,2012-08-22,93,1017,50,500,65,50,133,3,5,5,5,8,0,1,0,1,0,1,0,Spain,77870.0,47.0,1815,15,2,High Value,77870.0,Medium Engagement,45-54,Web,1,One Child,0.2,20.0,0.625,91-120 Days,Responder
1010,1977,Graduation,Together,2,1,2014-04-24,94,41,0,17,3,1,16,2,1,1,3,3,0,0,0,0,0,0,0,Spain,46931.0,37.0,78,5,0,Low Value,46931.0,No Response,35-44,Store,3,Two or More Children,0.4,40.0,0.3333333333333333,91-120 Days,Non-Responder
11074,1977,Graduation,Single,0,0,2014-04-09,94,494,92,391,194,11,241,1,3,4,10,0,0,0,0,0,0,0,0,Saudi Arabia,85072.0,37.0,1423,17,0,High Value,85072.0,No Response,35-44,Store,0,No Children,0.058823529411764705,5.88235294117647,,91-120 Days,Non-Responder
5896,1987,Master,Married,0,0,2014-03-18,94,272,7,80,20,7,11,1,4,4,6,2,0,0,0,0,0,0,0,Spain,73395.0,27.0,397,14,0,Medium Value,73395.0,No Response,25-34,Store,0,No Children,0.07142857142857142,7.142857142857142,2.0,91-120 Days,Non-Responder
3515,1952,Graduation,Single,0,1,2014-02-17,94,87,13,34,10,6,10,1,4,0,4,5,0,0,0,0,0,0,0,Spain,62307.0,62.0,160,8,0,Medium Value,62307.0,No Response,55-64,Web,1,One Child,0.125,12.5,0.8,91-120 Days,Non-Responder
5324,1981,PhD,Married,1,0,2014-01-19,94,173,43,118,46,27,15,5,5,3,6,5,0,0,0,0,0,0,0,USA,58293.0,33.0,422,14,0,Medium Value,58293.0,No Response,25-34,Store,1,One Child,0.35714285714285715,35.714285714285715,1.0,91-120 Days,Non-Responder
6534,1974,Graduation,Together,1,0,2014-01-04,94,29,0,29,0,5,4,1,2,0,3,5,0,0,0,0,0,0,0,Saudi Arabia,47889.0,40.0,67,5,0,Low Value,47889.0,No Response,35-44,Store,1,One Child,0.2,20.0,0.4,91-120 Days,Non-Responder
8373,1979,Basic,Together,1,0,2013-12-10,94,1,3,6,10,0,9,1,1,0,3,5,0,0,0,0,0,0,0,Canada,24594.0,35.0,29,4,0,Low Value,24594.0,No Response,35-44,Store,1,One Child,0.25,25.0,0.2,91-120 Days,Non-Responder
3829,1979,Basic,Together,1,0,2013-12-10,94,1,3,6,10,0,9,1,1,0,3,5,0,0,0,0,0,0,0,Saudi Arabia,24594.0,35.0,29,4,0,Low Value,24594.0,No Response,35-44,Store,1,One Child,0.25,25.0,0.2,91-120 Days,Non-Responder
4501,1965,Master,Single,0,0,2013-11-10,94,292,127,635,132,127,165,1,3,7,9,1,0,0,0,0,0,0,0,Spain,69882.0,49.0,1478,19,0,High Value,69882.0,No Response,45-54,Store,0,No Children,0.05263157894736842,5.263157894736842,3.0,91-120 Days,Non-Responder
4179,1959,Graduation,Together,0,0,2013-08-20,94,8,9,9,2,5,22,1,1,1,3,4,0,0,0,0,0,0,0,Spain,24221.0,55.0,55,5,0,Low Value,24221.0,No Response,55-64,Store,0,No Children,0.2,20.0,0.25,91-120 Days,Non-Responder
2292,1985,Graduation,Single,1,0,2013-08-02,94,5,4,8,2,0,5,1,1,0,3,5,0,0,0,0,0,0,0,Spain,22327.0,29.0,24,4,0,Low Value,22327.0,No Response,25-34,Store,1,One Child,0.25,25.0,0.2,91-120 Days,Non-Responder
9239,1961,Master,Married,0,2,2013-07-26,94,92,4,18,3,3,6,1,2,1,4,3,0,0,0,0,0,0,0,USA,61923.0,53.0,126,7,0,Medium Value,61923.0,No Response,45-54,Store,2,Two or More Children,0.14285714285714285,14.285714285714285,0.6666666666666666,91-120 Days,Non-Responder
8953,1965,Master,Single,2,1,2013-05-06,94,27,0,5,0,0,3,2,1,0,3,8,0,0,0,0,0,0,0,Spain,35791.0,49.0,35,4,0,Low Value,35791.0,No Response,45-54,Store,3,Two or More Children,0.5,50.0,0.125,91-120 Days,Non-Responder
10258,1965,Master,Single,2,1,2013-05-06,94,27,0,5,0,0,3,2,1,0,3,8,0,0,0,0,0,0,0,USA,35791.0,49.0,35,4,0,Low Value,35791.0,No Response,45-54,Store,3,Two or More Children,0.5,50.0,0.125,91-120 Days,Non-Responder
3520,1990,Master,Single,0,0,2013-03-27,94,162,28,818,0,28,56,0,4,3,7,3,1,0,1,1,1,1,0,Canada,91172.0,24.0,1092,14,4,High Value,91172.0,High Engagement,Under 25,Store,0,No Children,0.0,0.0,1.3333333333333333,91-120 Days,Responder
10402,1967,Graduation,Married,1,1,2013-02-14,94,25,1,9,2,1,1,2,1,0,3,8,0,0,0,0,0,0,0,Canada,35441.0,47.0,39,4,0,Low Value,35441.0,No Response,45-54,Store,2,Two or More Children,0.5,50.0,0.125,91-120 Days,Non-Responder
11114,1970,Graduation,Together,1,0,2013-02-08,94,25,4,9,6,8,32,3,2,1,3,7,0,0,0,0,0,0,0,Spain,19656.0,44.0,84,6,0,Low Value,19656.0,No Response,35-44,Store,1,One Child,0.5,50.0,0.2857142857142857,91-120 Days,Non-Responder
9553,1987,Graduation,Married,0,0,2013-01-09,94,0,2,3,4,1,5,1,0,0,3,6,0,0,0,0,0,0,0,India,7500.0,27.0,15,3,0,Low Value,7500.0,No Response,25-34,Store,0,No Children,0.3333333333333333,33.33333333333333,0.0,91-120 Days,Non-Responder
6055,1979,Graduation,Married,0,0,2012-11-01,94,546,72,376,94,145,72,1,5,5,8,3,0,1,0,0,0,0,0,Spain,71626.0,35.0,1305,18,1,High Value,71626.0,Low Engagement,35-44,Store,0,No Children,0.05555555555555555,5.555555555555555,1.6666666666666667,91-120 Days,Non-Responder
4786,1977,Graduation,Married,1,1,2012-10-04,94,555,82,257,93,61,61,4,10,3,12,6,0,0,0,0,0,0,0,USA,75330.0,37.0,1109,25,0,High Value,75330.0,No Response,35-44,Store,2,Two or More Children,0.16,16.0,1.6666666666666667,91-120 Days,Non-Responder
5015,1976,Master,Married,1,0,2012-09-14,94,68,6,38,3,6,41,2,2,2,3,7,0,0,0,0,0,0,0,Spain,34529.0,38.0,162,7,0,Medium Value,34529.0,No Response,35-44,Store,1,One Child,0.2857142857142857,28.57142857142857,0.2857142857142857,91-120 Days,Non-Responder
8560,1992,Graduation,Single,0,0,2012-09-10,94,351,16,156,7,5,145,1,6,4,7,6,0,0,0,0,0,0,0,Canada,48789.0,22.0,680,17,0,Medium Value,48789.0,No Response,Under 25,Store,0,No Children,0.058823529411764705,5.88235294117647,1.0,91-120 Days,Non-Responder
3469,1977,PhD,Divorced,1,1,2012-09-06,94,19,18,33,24,1,8,3,3,0,3,9,0,0,0,0,0,0,0,Spain,34487.0,37.0,103,6,0,Low Value,34487.0,No Response,35-44,Web,2,Two or More Children,0.5,50.0,0.3333333333333333,91-120 Days,Non-Responder
5885,1973,2n Cycle,Married,2,1,2012-08-22,94,73,3,90,12,1,32,7,4,1,4,8,0,0,0,0,0,0,0,Canada,35688.0,41.0,211,9,0,Medium Value,35688.0,No Response,35-44,Web,3,Two or More Children,0.7777777777777778,77.77777777777779,0.5,91-120 Days,Non-Responder
3310,1973,2n Cycle,Married,2,1,2012-08-22,94,73,3,90,12,1,32,7,4,1,4,8,0,0,0,0,0,0,0,Spain,35688.0,41.0,211,9,0,Medium Value,35688.0,No Response,35-44,Web,3,Two or More Children,0.7777777777777778,77.77777777777779,0.5,91-120 Days,Non-Responder
2134,1952,Graduation,Single,0,1,2012-08-17,94,263,5,233,69,41,83,4,5,5,8,5,0,0,0,0,0,0,0,Saudi Arabia,53700.0,62.0,694,18,0,Medium Value,53700.0,No Response,55-64,Store,1,One Child,0.2222222222222222,22.22222222222222,1.0,91-120 Days,Non-Responder
2532,1987,Master,Single,0,0,2014-03-01,95,982,73,351,56,14,175,1,2,4,6,5,1,0,0,0,0,0,0,Spain,73454.0,27.0,1651,12,1,High Value,73454.0,Low Engagement,25-34,Store,0,No Children,0.08333333333333333,8.333333333333332,0.4,91-120 Days,Non-Responder
2579,1957,Graduation,Married,0,1,2013-12-17,95,495,33,255,11,33,8,4,6,7,9,4,0,0,0,0,0,0,0,Spain,71113.0,57.0,835,22,0,High Value,71113.0,No Response,55-64,Store,1,One Child,0.18181818181818182,18.181818181818183,1.5,91-120 Days,Non-Responder
3117,1955,Graduation,Single,0,1,2013-10-18,95,264,0,21,12,6,147,3,6,1,5,7,0,0,0,0,0,0,0,Australia,51381.5,59.0,450,12,0,Medium Value,51381.5,No Response,55-64,Web,1,One Child,0.25,25.0,0.8571428571428571,91-120 Days,Non-Responder
5623,1980,Master,Married,1,0,2013-09-26,95,15,4,13,0,0,19,1,1,1,2,7,1,0,0,0,0,0,0,Spain,31535.0,34.0,51,4,1,Low Value,31535.0,Low Engagement,25-34,Store,1,One Child,0.25,25.0,0.14285714285714285,91-120 Days,Non-Responder
4789,1953,Graduation,Together,0,0,2013-09-17,95,769,22,500,210,143,33,1,4,8,5,2,1,0,1,1,0,0,0,India,80812.0,61.0,1677,17,3,High Value,80812.0,High Engagement,55-64,Catalog,0,No Children,0.058823529411764705,5.88235294117647,2.0,91-120 Days,Non-Responder
9523,1982,Graduation,Together,1,0,2013-08-17,95,5,0,8,2,0,0,1,0,0,3,4,0,0,0,0,0,0,0,Spain,40479.0,32.0,15,3,0,Low Value,40479.0,No Response,25-34,Store,1,One Child,0.3333333333333333,33.33333333333333,0.0,91-120 Days,Non-Responder
5268,1960,Graduation,Married,1,1,2013-08-11,95,17,8,14,10,4,3,2,1,0,4,7,0,0,0,0,0,0,0,Germany,29440.0,54.0,56,5,0,Low Value,29440.0,No Response,45-54,Store,2,Two or More Children,0.4,40.0,0.14285714285714285,91-120 Days,Non-Responder
1545,1986,Graduation,Married,1,0,2013-08-02,95,120,19,206,25,19,54,6,7,2,5,8,0,0,0,0,0,0,0,Spain,38508.0,28.0,443,14,0,Medium Value,38508.0,No Response,25-34,Web,1,One Child,0.42857142857142855,42.857142857142854,0.875,91-120 Days,Non-Responder
2254,1983,Graduation,Married,0,0,2013-07-07,95,627,120,414,121,80,93,1,9,6,5,5,0,0,0,0,0,0,0,Australia,69520.0,31.0,1455,20,0,High Value,69520.0,No Response,25-34,Web,0,No Children,0.05,5.0,1.8,91-120 Days,Non-Responder
2661,1964,Graduation,Single,1,1,2013-06-04,95,12,4,2,10,6,10,4,2,0,4,5,0,0,0,0,0,0,0,Saudi Arabia,18701.0,50.0,44,6,0,Low Value,18701.0,No Response,45-54,Store,2,Two or More Children,0.6666666666666666,66.66666666666666,0.4,91-120 Days,Non-Responder
3130,1964,Graduation,Single,1,1,2013-06-04,95,12,4,2,10,6,10,4,2,0,4,5,0,0,0,0,0,0,0,Spain,18701.0,50.0,44,6,0,Low Value,18701.0,No Response,45-54,Store,2,Two or More Children,0.6666666666666666,66.66666666666666,0.4,91-120 Days,Non-Responder
5847,1969,Graduation,Divorced,0,1,2013-05-29,95,312,21,206,102,92,149,3,7,3,10,5,0,0,0,0,0,0,0,Spain,69901.0,45.0,882,20,0,High Value,69901.0,No Response,45-54,Store,1,One Child,0.15,15.0,1.4,91-120 Days,Non-Responder
5863,1953,Graduation,Married,0,1,2013-05-29,95,359,0,134,13,26,123,4,6,3,8,5,0,0,0,0,0,0,0,Spain,47703.0,61.0,655,17,0,Medium Value,47703.0,No Response,55-64,Store,1,One Child,0.23529411764705882,23.52941176470588,1.2,91-120 Days,Non-Responder
999,1991,Graduation,Single,0,0,2013-01-02,95,490,44,125,29,20,22,1,6,7,11,3,0,1,1,0,0,1,0,Canada,86037.0,23.0,730,24,2,Medium Value,86037.0,Medium Engagement,Under 25,Store,0,No Children,0.041666666666666664,4.166666666666666,2.0,91-120 Days,Responder
2931,1978,Graduation,Divorced,0,0,2012-09-21,95,737,21,106,55,63,210,0,6,7,9,3,0,0,0,1,0,0,0,Spain,71847.0,36.0,1192,22,1,High Value,71847.0,Low Engagement,35-44,Store,0,No Children,0.0,0.0,2.0,91-120 Days,Non-Responder
1890,1971,2n Cycle,Together,1,1,2012-09-19,95,11,1,4,2,0,7,1,1,0,2,7,0,0,0,0,0,0,0,Spain,42033.0,43.0,25,3,0,Low Value,42033.0,No Response,35-44,Store,2,Two or More Children,0.3333333333333333,33.33333333333333,0.14285714285714285,91-120 Days,Non-Responder
5589,1964,Graduation,Divorced,0,1,2012-08-31,95,631,0,115,10,7,30,3,9,2,10,7,0,0,0,0,0,0,0,India,51983.0,50.0,793,21,0,Medium Value,51983.0,No Response,45-54,Store,1,One Child,0.14285714285714285,14.285714285714285,1.2857142857142858,91-120 Days,Non-Responder
10172,1988,Graduation,Single,0,0,2012-08-10,95,456,19,832,75,118,38,1,4,5,11,3,0,0,0,0,0,0,0,Spain,68655.0,26.0,1538,20,0,High Value,68655.0,No Response,25-34,Store,0,No Children,0.05,5.0,1.3333333333333333,91-120 Days,Non-Responder
6729,1988,Graduation,Single,0,0,2012-08-10,95,456,19,832,75,118,38,1,4,5,11,3,0,0,0,0,0,0,0,Saudi Arabia,68655.0,26.0,1538,20,0,High Value,68655.0,No Response,25-34,Store,0,No Children,0.05,5.0,1.3333333333333333,91-120 Days,Non-Responder
10492,1959,Graduation,Together,2,1,2014-06-24,96,2,0,5,2,0,1,1,0,0,3,2,0,0,0,0,0,0,0,India,38285.0,55.0,10,3,0,Low Value,38285.0,No Response,55-64,Store,3,Two or More Children,0.3333333333333333,33.33333333333333,0.0,91-120 Days,Non-Responder
2939,1970,Master,Together,0,0,2014-06-22,96,751,127,687,20,15,31,1,4,6,4,2,0,0,0,0,0,0,0,Canada,79419.0,44.0,1631,14,0,High Value,79419.0,No Response,35-44,Catalog,0,No Children,0.07142857142857142,7.142857142857142,2.0,91-120 Days,Non-Responder
5948,1975,Graduation,Single,0,1,2014-04-29,96,143,6,52,11,8,17,2,4,1,5,5,0,0,0,0,0,0,0,USA,57338.0,39.0,237,10,0,Medium Value,57338.0,No Response,35-44,Store,1,One Child,0.2,20.0,0.8,91-120 Days,Non-Responder
574,1964,Graduation,Married,0,0,2014-04-23,96,14,36,11,3,26,35,1,1,1,4,2,0,0,0,0,0,0,0,Germany,42523.0,50.0,125,6,0,Medium Value,42523.0,No Response,45-54,Store,0,No Children,0.16666666666666666,16.666666666666664,0.5,91-120 Days,Non-Responder
3266,1964,Graduation,Married,0,0,2014-04-23,96,14,36,11,3,26,35,1,1,1,4,2,0,0,0,0,0,0,0,Canada,42523.0,50.0,125,6,0,Medium Value,42523.0,No Response,45-54,Store,0,No Children,0.16666666666666666,16.666666666666664,0.5,91-120 Days,Non-Responder
10500,1984,Graduation,Married,1,0,2014-04-05,96,19,1,20,16,14,28,2,3,0,4,5,0,0,0,0,0,0,0,Australia,31761.0,30.0,98,7,0,Low Value,31761.0,No Response,25-34,Store,1,One Child,0.2857142857142857,28.57142857142857,0.6,91-120 Days,Non-Responder
7987,1969,Graduation,Married,0,1,2014-03-07,96,346,17,48,23,13,13,4,8,1,6,6,0,1,0,0,0,0,0,Canada,65747.0,45.0,460,15,1,Medium Value,65747.0,Low Engagement,45-54,Web,1,One Child,0.26666666666666666,26.666666666666668,1.3333333333333333,91-120 Days,Non-Responder
1135,1960,Master,Together,1,1,2014-02-15,96,18,2,19,0,2,6,5,3,0,4,7,0,0,0,0,0,0,0,Canada,17144.0,54.0,47,7,0,Low Value,17144.0,No Response,45-54,Store,2,Two or More Children,0.7142857142857143,71.42857142857143,0.42857142857142855,91-120 Days,Non-Responder
24,1960,Master,Together,1,1,2014-02-15,96,18,2,19,0,2,6,5,3,0,4,7,0,0,0,0,0,0,0,Saudi Arabia,17144.0,54.0,47,7,0,Low Value,17144.0,No Response,45-54,Store,2,Two or More Children,0.7142857142857143,71.42857142857143,0.42857142857142855,91-120 Days,Non-Responder
7244,1951,Graduation,Single,2,1,2014-01-01,96,48,5,48,6,10,7,3,2,1,4,6,0,0,0,0,0,0,0,Australia,51381.5,63.0,124,7,0,Medium Value,51381.5,No Response,55-64,Store,3,Two or More Children,0.42857142857142855,42.857142857142854,0.3333333333333333,91-120 Days,Non-Responder
1966,1965,PhD,Married,0,0,2013-11-22,96,684,100,801,21,66,0,1,6,9,10,2,0,0,1,0,0,0,0,Australia,84618.0,49.0,1672,25,1,High Value,84618.0,Low Engagement,45-54,Store,0,No Children,0.04,4.0,3.0,91-120 Days,Non-Responder
7789,1965,PhD,Married,0,0,2013-11-22,96,684,100,801,21,66,0,1,6,9,10,2,0,0,1,0,0,0,0,Spain,84618.0,49.0,1672,25,1,High Value,84618.0,Low Engagement,45-54,Store,0,No Children,0.04,4.0,3.0,91-120 Days,Non-Responder
3336,1948,PhD,Together,0,1,2013-11-21,96,712,0,45,0,0,191,3,2,4,5,7,1,0,0,0,0,0,0,Australia,66375.0,66.0,948,11,1,High Value,66375.0,Low Engagement,65+,Store,1,One Child,0.2727272727272727,27.27272727272727,0.2857142857142857,91-120 Days,Non-Responder
5644,1957,Graduation,Together,0,1,2013-10-12,96,309,3,24,4,3,20,2,5,1,7,7,0,1,0,0,0,0,0,Spain,42213.0,57.0,363,13,1,Medium Value,42213.0,Low Engagement,55-64,Store,1,One Child,0.15384615384615385,15.384615384615385,0.7142857142857143,91-120 Days,Non-Responder
1295,1963,Graduation,Married,0,1,2013-08-11,96,231,65,196,38,71,124,1,6,5,7,4,0,0,0,0,0,0,0,Canada,51381.5,51.0,725,18,0,Medium Value,51381.5,No Response,45-54,Store,1,One Child,0.05555555555555555,5.555555555555555,1.5,91-120 Days,Non-Responder
6663,1940,PhD,Single,0,0,2013-07-08,96,144,0,7,0,0,6,1,3,1,4,5,0,0,0,0,0,0,0,Spain,51141.0,74.0,157,8,0,Medium Value,51141.0,No Response,65+,Store,0,No Children,0.125,12.5,0.6,91-120 Days,Non-Responder
10262,1980,Graduation,Married,2,0,2013-05-10,96,8,2,15,0,10,18,4,3,1,3,5,0,0,0,0,0,0,0,India,15072.0,34.0,53,7,0,Low Value,15072.0,No Response,25-34,Web,2,Two or More Children,0.5714285714285714,57.14285714285714,0.6,91-120 Days,Non-Responder
456,1986,2n Cycle,Married,1,0,2013-02-07,96,1,11,5,4,6,9,2,2,0,3,8,0,0,0,0,0,0,0,Spain,7500.0,28.0,36,5,0,Low Value,7500.0,No Response,25-34,Store,1,One Child,0.4,40.0,0.25,91-120 Days,Non-Responder
3270,1978,2n Cycle,Together,1,0,2013-01-17,96,12,23,38,30,18,7,4,3,1,3,9,0,0,0,0,0,0,0,Saudi Arabia,17117.0,36.0,128,7,0,Medium Value,17117.0,No Response,35-44,Web,1,One Child,0.5714285714285714,57.14285714285714,0.3333333333333333,91-120 Days,Non-Responder
5748,1965,Graduation,Married,0,1,2012-12-01,96,115,27,44,4,146,139,3,5,2,6,5,0,0,0,0,0,1,0,Saudi Arabia,59754.0,49.0,475,13,0,Medium Value,59754.0,No Response,45-54,Store,1,One Child,0.23076923076923078,23.076923076923077,1.0,91-120 Days,Responder
8952,1953,Master,Married,0,1,2012-11-05,96,397,46,288,20,38,70,2,6,5,10,3,0,0,0,0,0,0,0,Spain,65569.0,61.0,859,21,0,High Value,65569.0,No Response,55-64,Store,1,One Child,0.09523809523809523,9.523809523809524,2.0,91-120 Days,Non-Responder
3921,1952,2n Cycle,Widow,0,0,2012-10-28,96,24,1,108,29,29,14,1,4,1,4,8,0,0,0,0,0,0,0,Spain,28457.0,62.0,205,9,0,Medium Value,28457.0,No Response,55-64,Web,0,No Children,0.1111111111111111,11.11111111111111,0.5,91-120 Days,Non-Responder
9826,1972,PhD,Single,0,0,2012-09-12,96,899,102,838,133,102,40,1,5,6,10,2,0,0,0,0,0,1,0,USA,86857.0,42.0,2114,21,0,High Value,86857.0,No Response,35-44,Store,0,No Children,0.047619047619047616,4.761904761904762,2.5,91-120 Days,Responder
5830,1972,PhD,Single,0,0,2012-09-12,96,899,102,838,133,102,40,1,5,6,10,2,0,0,0,0,0,1,0,Saudi Arabia,86857.0,42.0,2114,21,0,High Value,86857.0,No Response,35-44,Store,0,No Children,0.047619047619047616,4.761904761904762,2.5,91-120 Days,Responder
8310,1964,Graduation,Together,0,1,2012-08-29,96,897,126,196,91,112,37,3,10,4,7,6,0,0,0,0,0,0,0,Spain,68142.0,50.0,1459,21,0,High Value,68142.0,No Response,45-54,Web,1,One Child,0.14285714285714285,14.285714285714285,1.6666666666666667,91-120 Days,Non-Responder
6382,1953,Graduation,Together,1,1,2014-06-26,97,25,0,11,3,0,15,1,1,0,3,4,0,0,0,0,0,0,0,USA,48794.0,61.0,54,4,0,Low Value,48794.0,No Response,55-64,Store,2,Two or More Children,0.25,25.0,0.25,91-120 Days,Non-Responder
8439,1964,Graduation,Together,0,2,2014-06-06,97,734,26,70,11,44,17,2,6,3,4,4,0,0,0,1,0,0,0,Spain,63404.0,50.0,902,13,1,High Value,63404.0,Low Engagement,45-54,Web,2,Two or More Children,0.15384615384615385,15.384615384615385,1.5,91-120 Days,Non-Responder
7613,1974,2n Cycle,Together,1,0,2014-05-24,97,166,5,107,11,8,29,2,5,1,6,6,0,0,0,0,0,0,0,Spain,49669.0,40.0,326,12,0,Medium Value,49669.0,No Response,35-44,Store,1,One Child,0.16666666666666666,16.666666666666664,0.8333333333333334,91-120 Days,Non-Responder
48,1964,Graduation,Together,0,1,2014-04-24,97,136,1,12,0,3,32,2,4,1,3,6,0,1,0,0,0,0,0,Spain,55761.0,50.0,184,8,1,Medium Value,55761.0,Low Engagement,45-54,Web,1,One Child,0.25,25.0,0.6666666666666666,91-120 Days,Non-Responder
5046,1958,Graduation,Divorced,0,1,2014-01-23,97,756,138,354,160,169,61,2,10,6,7,4,0,0,0,0,0,0,0,Saudi Arabia,78331.0,56.0,1638,23,0,High Value,78331.0,No Response,55-64,Web,1,One Child,0.08695652173913043,8.695652173913043,2.5,91-120 Days,Non-Responder
3231,1973,Graduation,Married,1,0,2013-11-25,97,5,4,10,2,2,7,1,1,0,3,8,0,0,0,0,0,0,0,USA,37971.0,41.0,30,4,0,Low Value,37971.0,No Response,35-44,Store,1,One Child,0.25,25.0,0.125,91-120 Days,Non-Responder
7181,1977,Graduation,Married,0,1,2013-11-07,97,35,0,13,2,0,2,2,2,0,3,8,0,0,0,0,0,0,0,Spain,30368.0,37.0,52,5,0,Low Value,30368.0,No Response,35-44,Store,1,One Child,0.4,40.0,0.25,91-120 Days,Non-Responder
1663,1978,PhD,Together,1,0,2013-10-25,97,20,2,14,3,0,10,1,2,0,2,9,0,0,0,0,0,0,0,Spain,34043.0,36.0,49,4,0,Low Value,34043.0,No Response,35-44,Web,1,One Child,0.25,25.0,0.2222222222222222,91-120 Days,Non-Responder
5441,1965,PhD,Widow,0,1,2013-08-25,97,267,6,54,8,3,50,2,5,2,6,5,0,0,0,0,0,0,0,Spain,54111.0,49.0,388,13,0,Medium Value,54111.0,No Response,45-54,Store,1,One Child,0.15384615384615385,15.384615384615385,1.0,91-120 Days,Non-Responder
8602,1964,Graduation,Divorced,0,1,2013-06-12,97,412,172,153,150,105,57,2,7,6,11,4,0,0,0,0,0,0,0,Spain,69932.0,50.0,1049,24,0,High Value,69932.0,No Response,45-54,Store,1,One Child,0.08333333333333333,8.333333333333332,1.75,91-120 Days,Non-Responder
9925,1981,PhD,Together,1,0,2013-05-25,97,127,1,56,0,1,31,3,4,2,3,7,1,0,0,0,0,0,0,Spain,39665.0,33.0,216,9,1,Medium Value,39665.0,Low Engagement,25-34,Web,1,One Child,0.3333333333333333,33.33333333333333,0.5714285714285714,91-120 Days,Non-Responder
9499,1954,Graduation,Married,1,2,2013-05-07,97,1279,15,287,20,0,15,3,3,4,7,5,0,1,1,0,0,0,0,Canada,93404.0,60.0,1616,14,2,High Value,93404.0,Medium Engagement,55-64,Store,3,Two or More Children,0.21428571428571427,21.428571428571427,0.6,91-120 Days,Non-Responder
6568,1984,Graduation,Married,1,0,2013-03-28,97,11,0,36,15,5,12,1,2,0,3,7,0,0,0,0,0,0,0,USA,38680.0,30.0,79,5,0,Low Value,38680.0,No Response,25-34,Store,1,One Child,0.2,20.0,0.2857142857142857,91-120 Days,Non-Responder
3032,1984,Graduation,Married,1,0,2013-02-27,97,28,34,62,11,14,44,3,4,0,4,9,0,0,0,0,0,0,0,Spain,24570.0,30.0,193,8,0,Medium Value,24570.0,No Response,25-34,Web,1,One Child,0.375,37.5,0.4444444444444444,91-120 Days,Non-Responder
5153,1967,PhD,Married,0,1,2013-02-22,97,1004,59,265,115,59,27,2,11,10,11,6,1,0,0,0,0,1,0,Spain,77766.0,47.0,1529,32,1,High Value,77766.0,Low Engagement,45-54,Web,1,One Child,0.0625,6.25,1.8333333333333333,91-120 Days,Responder
4127,1967,PhD,Married,0,1,2013-02-22,97,1004,59,265,115,59,27,2,11,10,11,6,1,0,0,0,0,1,0,Spain,77766.0,47.0,1529,32,1,High Value,77766.0,Low Engagement,45-54,Web,1,One Child,0.0625,6.25,1.8333333333333333,91-120 Days,Responder
9940,1958,Graduation,Together,0,1,2012-12-23,97,382,114,276,75,124,38,2,6,4,4,3,0,0,0,0,0,0,0,Saudi Arabia,64961.0,56.0,1009,14,0,High Value,64961.0,No Response,55-64,Web,1,One Child,0.14285714285714285,14.285714285714285,2.0,91-120 Days,Non-Responder
7527,1968,Master,Divorced,1,0,2012-11-21,97,6,6,29,12,15,8,3,2,1,3,8,0,0,0,0,0,0,0,Spain,23748.0,46.0,76,6,0,Low Value,23748.0,No Response,45-54,Store,1,One Child,0.5,50.0,0.25,91-120 Days,Non-Responder
3406,1964,Graduation,Single,0,1,2012-10-22,97,138,33,87,28,24,12,4,3,2,7,3,0,0,0,0,0,0,0,Saudi Arabia,45989.0,50.0,322,12,0,Medium Value,45989.0,No Response,45-54,Store,1,One Child,0.3333333333333333,33.33333333333333,1.0,91-120 Days,Non-Responder
9771,1988,2n Cycle,Single,1,0,2012-10-05,97,104,20,101,24,15,5,6,5,1,5,9,0,0,0,0,0,0,0,India,23331.0,26.0,269,11,0,Medium Value,23331.0,No Response,25-34,Web,1,One Child,0.5454545454545454,54.54545454545454,0.5555555555555556,91-120 Days,Non-Responder
6722,1954,PhD,Married,0,1,2014-06-28,98,479,28,136,75,14,35,3,10,3,7,6,0,0,0,0,0,0,0,Canada,70421.0,60.0,767,20,0,Medium Value,70421.0,No Response,55-64,Web,1,One Child,0.15,15.0,1.6666666666666667,91-120 Days,Non-Responder
213,1963,PhD,Single,1,1,2014-05-28,98,35,0,11,0,0,2,4,2,1,3,7,0,0,0,0,0,0,0,Spain,23091.0,51.0,48,6,0,Low Value,23091.0,No Response,45-54,Store,2,Two or More Children,0.6666666666666666,66.66666666666666,0.2857142857142857,91-120 Days,Non-Responder
8541,1990,2n Cycle,Married,1,0,2014-03-08,98,8,4,10,6,7,6,2,2,0,4,5,0,0,0,0,0,0,0,Spain,24683.0,24.0,41,6,0,Low Value,24683.0,No Response,Under 25,Store,1,One Child,0.3333333333333333,33.33333333333333,0.4,91-120 Days,Non-Responder
8475,1973,PhD,Married,0,1,2014-03-01,98,20,2,1582,1,2,1,15,0,22,0,0,0,0,0,0,0,0,0,India,157243.0,41.0,1608,22,0,High Value,157243.0,No Response,35-44,Catalog,1,One Child,0.6818181818181818,68.18181818181817,,91-120 Days,Non-Responder
8070,1973,PhD,Married,0,1,2014-03-01,98,199,12,31,3,12,7,1,3,3,5,3,0,0,0,0,0,0,0,Spain,54222.0,41.0,264,11,0,Medium Value,54222.0,No Response,35-44,Store,1,One Child,0.09090909090909091,9.090909090909092,1.0,91-120 Days,Non-Responder
313,1968,Graduation,Widow,0,0,2013-10-28,98,901,61,757,186,163,20,1,6,5,10,3,0,1,0,0,0,0,0,Saudi Arabia,73455.0,46.0,2088,21,1,High Value,73455.0,Low Engagement,45-54,Store,0,No Children,0.047619047619047616,4.761904761904762,2.0,91-120 Days,Non-Responder
9757,1972,Graduation,Together,0,0,2013-10-04,98,997,15,414,99,30,76,1,5,6,12,2,0,1,1,0,1,0,0,Spain,84906.0,42.0,1631,23,3,High Value,84906.0,High Engagement,35-44,Store,0,No Children,0.043478260869565216,4.3478260869565215,2.5,91-120 Days,Non-Responder
2088,1972,Graduation,Together,0,0,2013-10-04,98,997,15,414,99,30,76,1,5,6,12,2,0,1,1,0,1,0,0,Germany,84906.0,42.0,1631,23,3,High Value,84906.0,High Engagement,35-44,Store,0,No Children,0.043478260869565216,4.3478260869565215,2.5,91-120 Days,Non-Responder
2320,1978,2n Cycle,Married,0,1,2013-09-12,98,508,11,59,23,5,29,5,11,1,6,9,0,0,0,0,0,0,0,Spain,47025.0,36.0,635,18,0,Medium Value,47025.0,No Response,35-44,Web,1,One Child,0.2777777777777778,27.77777777777778,1.2222222222222223,91-120 Days,Non-Responder
966,1966,Graduation,Married,0,1,2013-07-05,98,538,13,91,17,6,26,6,6,2,11,5,0,1,0,0,0,0,0,Spain,44529.0,48.0,691,19,1,Medium Value,44529.0,Low Engagement,45-54,Store,1,One Child,0.3157894736842105,31.57894736842105,1.2,91-120 Days,Non-Responder
9706,1974,PhD,Single,1,0,2013-06-24,98,62,1,20,4,0,7,2,2,1,3,8,0,0,0,0,0,0,0,Canada,31560.0,40.0,94,6,0,Low Value,31560.0,No Response,35-44,Store,1,One Child,0.3333333333333333,33.33333333333333,0.25,91-120 Days,Non-Responder
3979,1983,PhD,Divorced,0,0,2013-05-22,98,982,17,672,23,34,51,1,6,2,8,2,0,0,1,0,0,1,0,Spain,90687.0,31.0,1779,16,1,High Value,90687.0,Low Engagement,25-34,Store,0,No Children,0.0625,6.25,3.0,91-120 Days,Responder
5602,1989,PhD,Together,0,0,2013-05-17,98,466,22,432,147,113,102,1,8,7,12,3,0,0,0,0,0,0,0,India,66973.0,25.0,1282,27,0,High Value,66973.0,No Response,25-34,Store,0,No Children,0.037037037037037035,3.7037037037037033,2.6666666666666665,91-120 Days,Non-Responder
2202,1978,Graduation,Together,0,1,2013-04-09,98,44,2,11,2,3,7,1,1,0,4,5,0,0,0,0,0,0,0,Spain,41154.0,36.0,69,5,0,Low Value,41154.0,No Response,35-44,Store,1,One Child,0.2,20.0,0.2,91-120 Days,Non-Responder
9645,1968,Graduation,Married,0,0,2012-10-14,98,920,138,168,36,46,30,1,9,4,10,6,0,0,0,0,0,0,0,Spain,64590.0,46.0,1338,23,0,High Value,64590.0,No Response,45-54,Store,0,No Children,0.043478260869565216,4.3478260869565215,1.5,91-120 Days,Non-Responder
7230,1960,PhD,Divorced,0,1,2012-10-04,98,459,0,24,6,0,4,6,4,5,7,6,0,1,0,0,0,1,0,USA,50611.0,54.0,493,16,1,Medium Value,50611.0,Low Engagement,45-54,Store,1,One Child,0.375,37.5,0.6666666666666666,91-120 Days,Responder
5675,1960,PhD,Divorced,0,1,2012-10-04,98,459,0,24,6,0,4,6,4,5,7,6,0,1,0,0,0,0,0,USA,50611.0,54.0,493,16,1,Medium Value,50611.0,Low Engagement,45-54,Store,1,One Child,0.375,37.5,0.6666666666666666,91-120 Days,Non-Responder
4974,1970,Graduation,Single,1,2,2012-09-25,98,433,89,650,16,102,102,10,4,6,9,7,0,0,0,0,0,0,0,USA,83273.0,44.0,1392,19,0,High Value,83273.0,No Response,35-44,Store,3,Two or More Children,0.5263157894736842,52.63157894736842,0.5714285714285714,91-120 Days,Non-Responder
5687,1980,Graduation,Divorced,0,0,2012-09-23,98,563,50,774,28,31,187,1,7,7,12,3,0,0,0,0,0,0,0,Canada,81702.0,34.0,1633,26,0,High Value,81702.0,No Response,25-34,Store,0,No Children,0.038461538461538464,3.8461538461538463,2.3333333333333335,91-120 Days,Non-Responder
5871,1979,Master,Together,0,0,2012-08-31,98,73,28,217,10,24,115,3,6,1,6,8,0,0,0,0,0,0,0,Saudi Arabia,24401.0,35.0,467,13,0,Medium Value,24401.0,No Response,35-44,Web,0,No Children,0.23076923076923078,23.076923076923077,0.75,91-120 Days,Non-Responder
3846,1974,Graduation,Married,0,1,2012-08-29,98,192,5,53,0,5,15,4,6,1,4,8,0,0,0,0,0,0,0,Spain,42557.0,40.0,270,11,0,Medium Value,42557.0,No Response,35-44,Web,1,One Child,0.36363636363636365,36.36363636363637,0.75,91-120 Days,Non-Responder
10001,1985,2n Cycle,Together,1,0,2012-08-01,98,5,17,17,13,14,34,4,2,1,3,9,0,0,0,0,0,0,0,Spain,7500.0,29.0,100,6,0,Low Value,7500.0,No Response,25-34,Store,1,One Child,0.6666666666666666,66.66666666666666,0.2222222222222222,91-120 Days,Non-Responder
2831,1976,Graduation,Together,0,1,2014-06-27,99,453,38,279,188,38,183,2,7,7,10,3,0,0,0,0,0,0,0,Spain,78416.0,38.0,1179,24,0,High Value,78416.0,No Response,35-44,Store,1,One Child,0.08333333333333333,8.333333333333332,2.3333333333333335,91-120 Days,Non-Responder
868,1966,Graduation,Married,0,1,2014-06-08,99,54,0,7,0,0,4,1,2,0,3,6,0,0,0,0,0,0,0,Saudi Arabia,44794.0,48.0,65,5,0,Low Value,44794.0,No Response,45-54,Store,1,One Child,0.2,20.0,0.3333333333333333,91-120 Days,Non-Responder
7212,1966,Graduation,Married,0,1,2014-06-08,99,54,0,7,0,0,4,1,2,0,3,6,0,0,0,0,0,0,0,Australia,44794.0,48.0,65,5,0,Low Value,44794.0,No Response,45-54,Store,1,One Child,0.2,20.0,0.3333333333333333,91-120 Days,Non-Responder
1743,1974,Graduation,Single,0,0,2014-05-26,99,273,86,208,177,14,43,1,2,3,5,1,0,0,0,0,0,0,0,Spain,69719.0,40.0,801,10,0,Medium Value,69719.0,No Response,35-44,Store,0,No Children,0.1,10.0,2.0,91-120 Days,Non-Responder
2415,1962,Graduation,Together,0,1,2014-04-07,99,362,17,398,80,35,61,3,5,3,5,4,0,0,0,1,0,0,0,Spain,62568.0,52.0,953,13,1,High Value,62568.0,Low Engagement,45-54,Web,1,One Child,0.23076923076923078,23.076923076923077,1.25,91-120 Days,Non-Responder
7947,1969,Graduation,Married,1,1,2014-03-25,99,24,0,8,0,1,4,1,1,0,3,5,0,0,0,0,0,0,0,Spain,42231.0,45.0,37,4,0,Low Value,42231.0,No Response,45-54,Store,2,Two or More Children,0.25,25.0,0.2,91-120 Days,Non-Responder
2106,1974,2n Cycle,Married,0,0,2014-03-17,99,0,6,3,7,6,12,1,1,0,3,8,0,0,0,0,0,0,0,Spain,20130.0,40.0,34,4,0,Low Value,20130.0,No Response,35-44,Store,0,No Children,0.25,25.0,0.125,91-120 Days,Non-Responder
3363,1974,2n Cycle,Married,0,0,2014-03-17,99,0,6,3,7,6,12,1,1,0,3,8,0,0,0,0,0,0,0,Spain,20130.0,40.0,34,4,0,Low Value,20130.0,No Response,35-44,Store,0,No Children,0.25,25.0,0.125,91-120 Days,Non-Responder
8595,1973,Graduation,Widow,0,1,2014-02-11,99,55,0,6,2,0,4,2,1,1,3,5,0,0,0,0,0,0,0,Australia,42429.0,41.0,67,5,0,Low Value,42429.0,No Response,35-44,Store,1,One Child,0.4,40.0,0.2,91-120 Days,Non-Responder
7232,1973,Graduation,Widow,0,1,2014-02-11,99,55,0,6,2,0,4,2,1,1,3,5,0,0,0,0,0,0,0,Spain,42429.0,41.0,67,5,0,Low Value,42429.0,No Response,35-44,Store,1,One Child,0.4,40.0,0.2,91-120 Days,Non-Responder
7829,1900,2n Cycle,Divorced,1,0,2013-09-26,99,15,6,8,7,4,25,1,2,1,2,5,0,0,0,0,0,0,1,India,36640.0,,65,5,0,Low Value,36640.0,No Response,,Web,1,One Child,0.2,20.0,0.4,91-120 Days,Non-Responder
9977,1973,Graduation,Divorced,0,1,2013-09-17,99,321,11,309,33,26,34,3,9,3,5,4,0,0,0,0,0,0,0,USA,78901.0,41.0,734,17,0,Medium Value,78901.0,No Response,35-44,Web,1,One Child,0.17647058823529413,17.647058823529413,2.25,91-120 Days,Non-Responder
10142,1976,PhD,Divorced,0,1,2013-03-07,99,372,18,126,47,48,78,2,5,2,11,4,0,0,0,0,0,0,0,USA,66476.0,38.0,689,18,0,Medium Value,66476.0,No Response,35-44,Store,1,One Child,0.1111111111111111,11.11111111111111,1.25,91-120 Days,Non-Responder
5263,1977,2n Cycle,Married,1,0,2013-01-22,99,5,10,13,3,8,16,1,1,0,3,8,0,0,0,0,0,0,0,Spain,31056.0,37.0,55,4,0,Low Value,31056.0,No Response,35-44,Store,1,One Child,0.25,25.0,0.125,91-120 Days,Non-Responder
22,1976,Graduation,Divorced,1,0,2012-12-03,99,185,2,88,15,5,14,2,6,1,5,8,0,0,0,0,0,0,0,Spain,46310.0,38.0,309,12,0,Medium Value,46310.0,No Response,35-44,Web,1,One Child,0.16666666666666666,16.666666666666664,0.75,91-120 Days,Non-Responder
528,1978,Graduation,Married,0,0,2012-11-29,99,267,38,701,149,165,63,1,5,4,10,3,0,0,0,0,0,0,0,India,65819.0,36.0,1383,19,0,High Value,65819.0,No Response,35-44,Store,0,No Children,0.05263157894736842,5.263157894736842,1.6666666666666667,91-120 Days,Non-Responder
4070,1969,PhD,Married,0,2,2012-09-01,99,169,24,553,188,0,144,1,8,5,4,7,0,1,1,0,0,1,0,Canada,94871.0,45.0,1078,17,2,High Value,94871.0,Medium Engagement,45-54,Web,2,Two or More Children,0.058823529411764705,5.88235294117647,1.1428571428571428,91-120 Days,Responder
